Date,AAPL,ADBE,AMZN,CAT,GOOGL,HD,JNJ,JPM,KO,MA,META,MSFT,NFLX,NVDA,PEP,PG,TSLA,V,WMT,XOM,^GSPC
2018-01-02,40.23238754272461,177.6999969482422,59.45050048828125,131.05078125,53.188865661621094,152.6479949951172,110.13080596923828,85.51602172851562,35.02423095703125,144.5669403076172,179.84071350097656,78.55205535888672,20.10700035095215,4.922529697418213,90.64907836914062,71.74512481689453,21.368667602539062,107.68817901611328,28.731449127197266,57.8111686706543,2695.81005859375
2018-01-03,40.22536849975586,181.0399932861328,60.209999084472656,131.2510986328125,54.09632110595703,153.44351196289062,111.18283081054688,85.60318756103516,34.94731521606445,146.3846435546875,183.06240844726562,78.91758728027344,20.5049991607666,5.246499538421631,90.4110336303711,71.65806579589844,21.149999618530273,108.76028442382812,28.982080459594727,58.94657516479492,2713.06005859375
2018-01-04,40.412227630615234,183.22000122070312,60.47949981689453,133.0535888671875,54.30644607543945,154.6612548828125,111.1749267578125,86.82948303222656,35.43953323364258,148.2784423828125,182.72537231445312,79.61221313476562,20.562999725341797,5.2741570472717285,90.85638427734375,72.16461181640625,20.974666595458984,109.16464233398438,29.00830841064453,59.02816390991211,2723.989990234375
2018-01-05,40.87232208251953,185.33999633789062,61.457000732421875,135.15658569335938,55.02656555175781,156.27682495117188,112.09251403808594,86.2720718383789,35.43184280395508,151.35226440429688,185.22344970703125,80.59923553466797,20.999000549316406,5.318850517272949,91.11742401123047,72.21209716796875,21.10533332824707,111.779052734375,29.180253982543945,58.980567932128906,2743.14990234375
2018-01-08,40.72050857543945,185.0399932861328,62.34349822998047,138.552978515625,55.22084045410156,155.90338134765625,112.23486328125,86.39950561523438,35.37800216674805,151.809814453125,186.6409912109375,80.68147277832031,21.204999923706055,5.481822490692139,90.59530639648438,72.59199523925781,22.42733383178711,112.23042297363281,29.61154556274414,59.24571990966797,2747.7099609375
2018-01-09,40.71583938598633,186.6999969482422,62.6349983215332,138.88681030273438,55.15047073364258,156.76393127441406,114.01458740234375,86.83744049072266,35.55489730834961,152.029052734375,186.23455810546875,80.62662506103516,20.930999755859375,5.480340480804443,90.66441345214844,72.06169891357422,22.246000289916992,112.01416778564453,29.256019592285156,58.994171142578125,2751.2900390625
2018-01-10,40.70648956298828,187.11000061035156,62.71649932861328,138.4194793701172,55.019134521484375,155.7085418701172,113.88015747070312,87.79301452636719,35.43184280395508,152.37220764160156,186.20484924316406,80.26107788085938,21.25200080871582,5.5233073234558105,90.2037124633789,71.60267639160156,22.31999969482422,111.89189147949219,29.046188354492188,58.5250244140625,2748.22998046875
2018-01-11,40.937721252441406,188.9199981689453,63.83399963378906,141.1983642578125,55.11378860473633,158.04660034179688,114.52876281738281,88.2628402709961,35.40876770019531,153.38253784179688,186.1354522705078,80.49869537353516,21.724000930786133,5.533184051513672,89.7430419921875,71.34940338134766,22.530000686645508,112.70063018798828,29.148191452026367,59.10293960571289,2767.56005859375
2018-01-12,41.360450744628906,195.0500030517578,65.26000213623047,142.11636352539062,56.03562927246094,159.4591827392578,115.2960433959961,89.7200698852539,35.493377685546875,154.72647094726562,177.80856323242188,81.88784790039062,22.12299919128418,5.506021976470947,90.12696075439453,70.9220199584961,22.4146671295166,112.93575286865234,29.395898818969727,59.504093170166016,2786.239990234375
2018-01-16,41.1502571105957,192.4600067138672,65.24299621582031,141.29019165039062,56.0380973815918,159.36988830566406,116.16610717773438,89.40155029296875,35.78561782836914,154.68833923339844,176.8371124267578,80.74544525146484,22.152999877929688,5.435154438018799,90.49552154541016,71.40480041503906,22.67066764831543,113.2178955078125,29.343435287475586,59.13014221191406,2776.419921875
2018-01-17,41.82991409301758,196.49000549316406,64.75,140.61419677734375,56.45440673828125,162.2194061279297,116.26105499267578,89.97489929199219,36.0086555480957,156.623291015625,176.05398559570312,82.38137817382812,21.75,5.548988342285156,91.50902557373047,72.18041229248047,23.143999099731445,114.71318054199219,29.929203033447266,59.83043670654297,2802.56005859375
2018-01-18,41.86727523803711,196.1999969482422,64.66600036621094,140.88963317871094,56.299285888671875,161.00978088378906,116.21360778808594,90.18992614746094,36.054805755615234,157.72894287109375,178.2348175048828,82.3448486328125,22.033000946044922,5.542074203491211,91.40921783447266,71.91727447509766,22.971332550048828,115.77584838867188,30.39547348022461,59.44288635253906,2798.030029296875
2018-01-19,41.680419921875,195.72999572753906,64.72899627685547,142.86819458007812,56.67247772216797,163.44525146484375,116.5616455078125,89.9908447265625,36.27014923095703,159.01573181152344,179.71182250976562,82.2534408569336,22.04599952697754,5.682082176208496,92.2691650390625,72.62700653076172,23.334667205810547,115.39027404785156,30.479999542236328,59.252525329589844,2810.300048828125
2018-01-22,41.339447021484375,197.83999633789062,66.3655014038086,143.27061462402344,57.69639587402344,165.9862823486328,117.17859649658203,91.0419692993164,36.4393424987793,160.3977813720703,183.75633239746094,83.72486877441406,22.757999420166016,5.770483016967773,93.2980728149414,73.28096008300781,23.437332153320312,116.92317199707031,30.730623245239258,60.00040817260742,2832.969970703125
2018-01-23,41.34878158569336,200.08999633789062,68.12699890136719,142.04664611816406,58.29161071777344,166.34344482421875,112.18739318847656,90.94640350341797,36.49318313598633,159.35887145996094,187.70169067382812,83.98989868164062,25.02899932861328,5.899380207061768,93.13682556152344,71.01608276367188,23.519332885742188,117.22412872314453,30.861757278442383,60.03438186645508,2839.1298828125
2018-01-24,40.690147399902344,197.77999877929688,67.87550354003906,141.1327362060547,58.04976272583008,167.41513061523438,112.37726593017578,92.10900115966797,36.78542709350586,159.18727111816406,184.92605590820312,83.91676330566406,26.1299991607666,5.8225860595703125,93.01396179199219,70.42594909667969,23.05933380126953,117.13006591796875,30.829700469970703,60.19078826904297,2837.5400390625
2018-01-25,39.96378707885742,197.50999450683594,68.89749908447266,141.99627685546875,58.587493896484375,166.7250518798828,114.22028350830078,92.13290405273438,36.79313278198242,160.69322204589844,185.84796142578125,84.38289642333984,26.969999313354492,5.836165428161621,92.8296890258789,70.44988250732422,22.50933265686035,117.76016235351562,31.065763473510742,60.08198547363281,2839.25
2018-01-26,40.057212829589844,201.3000030517578,70.10250091552734,140.05958557128906,58.85611343383789,168.23507690429688,114.95592498779297,92.62660217285156,37.323795318603516,162.361328125,188.34603881835938,85.96397399902344,27.459999084472656,6.0085225105285645,93.4900131225586,69.96341705322266,22.856666564941406,118.79460144042969,31.587404251098633,60.51033020019531,2872.8701171875
2018-01-29,39.22807693481445,198.22999572753906,70.88400268554688,136.30368041992188,58.80258560180664,166.35971069335938,113.6507568359375,92.53105926513672,36.68545913696289,160.65512084960938,184.36102294921875,85.83602905273438,28.458999633789062,6.095441818237305,91.88526916503906,69.26961517333984,23.302000045776367,117.4028091430664,31.92544937133789,59.83722686767578,2853.530029296875
2018-01-30,38.996883392333984,196.89999389648438,71.89099884033203,137.29296875,58.35108184814453,163.83494567871094,112.6619873046875,91.66309356689453,36.46241760253906,159.35887145996094,185.4910888671875,84.7575912475586,27.8799991607666,5.993460178375244,92.05416870117188,69.34140014648438,23.05466651916504,116.18963623046875,31.395057678222656,59.00096893310547,2822.429931640625
2018-01-31,39.104305267333984,199.75999450683594,72.54450225830078,136.47137451171875,58.59145736694336,163.09613037109375,109.30813598632812,92.10900115966797,36.60084915161133,161.0840606689453,185.2631072998047,86.83222961425781,27.030000686645508,6.069514751434326,92.36898803710938,68.85491943359375,23.62066650390625,116.82913208007812,31.065763473510742,59.354515075683594,2823.81005859375
2018-02-01,39.186031341552734,199.3800048828125,69.5,136.01864624023438,58.56023025512695,162.2843475341797,110.75569915771484,93.0645980834961,36.49318313598633,164.83001708984375,191.4091339111328,86.14675903320312,26.506999969482422,5.938641548156738,92.36898803710938,68.46414947509766,23.28333282470703,118.2303695678711,30.751022338867188,60.55791091918945,2821.97998046875
2018-02-02,37.485748291015625,195.63999938964844,71.49749755859375,132.03636169433594,55.46814727783203,157.47019958496094,108.9047622680664,91.00215148925781,35.9394416809082,162.56143188476562,188.6235809326172,83.8802261352539,26.743000030517578,5.766284942626953,91.11742401123047,67.18817901611328,22.916667938232422,113.70692443847656,30.447935104370117,57.47120666503906,2762.1298828125
2018-02-05,36.549198150634766,190.27000427246094,69.5,126.66234588623047,52.652618408203125,148.65374755859375,103.13841247558594,86.63839721679688,34.52432632446289,156.88064575195312,179.68211364746094,80.42559814453125,25.426000595092773,5.276871204376221,87.88493347167969,64.6441879272461,22.208667755126953,109.34333801269531,29.168588638305664,54.20093536376953,2648.93994140625
2018-02-06,38.0766487121582,194.47000122070312,72.14199829101562,131.13088989257812,53.744937896728516,155.09149169921875,104.27741241455078,89.2741470336914,34.35512924194336,161.3508758544922,183.69683837890625,83.46895599365234,26.57200050354004,5.570223808288574,87.19387817382812,65.69684600830078,22.264667510986328,112.82293701171875,29.404638290405273,53.26948547363281,2695.139892578125
2018-02-07,37.26154327392578,192.33999633789062,70.83899688720703,129.39540100097656,52.30668640136719,155.2944793701172,103.95310974121094,89.87935638427734,34.27051544189453,160.8267364501953,178.6114959716797,81.89700317382812,26.45599937438965,5.649735927581787,87.14781951904297,65.26622009277344,23.0,112.52197265625,29.972919464111328,52.31084060668945,2681.659912109375
2018-02-08,36.23623275756836,185.16000366210938,67.5250015258789,122.3949966430664,49.942649841308594,147.119384765625,99.95065307617188,85.90576171875,33.14765167236328,153.09654235839844,170.08639526367188,77.69293212890625,25.010000228881836,5.371198654174805,84.57559204101562,63.974281311035156,21.01533317565918,107.07691955566406,29.148191452026367,51.719322204589844,2581.0
2018-02-09,36.67945098876953,187.99000549316406,66.9800033569336,125.09454345703125,51.853702545166016,149.47373962402344,102.45811462402344,87.62580108642578,33.17071533203125,157.46206665039062,174.57693481445312,80.590087890625,24.94700050354004,5.730727672576904,85.366455078125,63.735050201416016,20.69466781616211,109.39037322998047,28.958763122558594,52.04902648925781,2619.550048828125
2018-02-12,38.1568717956543,192.14999389648438,69.3115005493164,127.6767349243164,52.26456069946289,149.4249725341797,103.04346466064453,88.97950744628906,33.8167610168457,160.31201171875,174.87432861328125,81.45831298828125,25.795000076293945,5.630721569061279,85.94232940673828,64.85948944091797,21.048667907714844,111.41226196289062,29.011219024658203,52.48858642578125,2656.0
2018-02-13,38.53910827636719,193.47999572753906,70.72550201416016,129.08526611328125,52.24374008178711,149.1489715576172,102.79824829101562,89.52898406982422,33.98595428466797,162.15162658691406,171.64273071289062,82.09807586669922,25.82699966430664,5.744308948516846,86.10356903076172,64.99508666992188,21.577333450317383,111.29943084716797,29.427955627441406,52.406185150146484,2662.93994140625
2018-02-14,39.24966812133789,197.1300048828125,72.55249786376953,132.51419067382812,53.16358184814453,149.93646240234375,102.56886291503906,91.59939575195312,33.91673278808594,164.439208984375,177.95726013183594,83.38359069824219,26.600000381469727,5.961359024047852,83.77708435058594,64.34113311767578,21.487333297729492,113.63170623779297,29.637775421142578,52.51607131958008,2698.6298828125
2018-02-15,40.567596435546875,202.97000122070312,73.08799743652344,134.12387084960938,54.088382720947266,150.40733337402344,103.80281066894531,91.98161315917969,34.439735412597656,166.5075225830078,178.39341735839844,85.08229064941406,28.027000427246094,6.086798191070557,85.20519256591797,65.72080993652344,22.271333694458008,115.19550323486328,30.083654403686523,52.34435272216797,2731.199951171875
2018-02-16,40.436279296875,201.55999755859375,72.43450164794922,131.03025817871094,54.2935676574707,151.7874298095703,105.32156372070312,91.32066345214844,34.593528747558594,167.42262268066406,175.81605529785156,84.47626495361328,27.851999282836914,6.021116256713867,85.27433776855469,65.87230682373047,22.365999221801758,114.79042053222656,30.535364151000977,52.57102584838867,2732.219970703125
2018-02-20,40.300270080566406,202.97999572753906,73.4175033569336,130.41824340820312,54.69450759887695,151.57630920410156,103.51805877685547,91.34456634521484,33.8321418762207,167.1365966796875,174.477783203125,85.13739776611328,27.854999542236328,6.150506973266602,84.0611572265625,64.86749267578125,22.31800079345703,114.94114685058594,27.425874710083008,52.028404235839844,2716.260009765625
2018-02-21,40.11735153198242,202.08999633789062,74.14600372314453,130.1416015625,55.19804382324219,148.6131134033203,102.75871276855469,91.72679138183594,33.332237243652344,164.24855041503906,176.3612823486328,84.00796508789062,28.104000091552734,5.9635820388793945,82.9247817993164,63.99025344848633,22.219999313354492,113.45268249511719,26.67108726501465,51.43772888183594,2701.330078125
2018-02-22,40.45268630981445,202.61000061035156,74.26699829101562,133.18490600585938,55.007240295410156,150.56967163085938,102.75871276855469,91.5595703125,33.47066879272461,164.8490447998047,177.43186950683594,84.22834014892578,27.81399917602539,5.9831013679504395,83.89225006103516,64.46871948242188,23.077999114990234,113.40559387207031,27.035364151000977,52.10396194458008,2703.9599609375
2018-02-23,41.156219482421875,209.74000549316406,75.0,136.16114807128906,55.90874481201172,152.90773010253906,104.42772674560547,93.41494750976562,33.8705940246582,167.52743530273438,181.69442749023438,86.36778259277344,28.593000411987305,6.076497554779053,84.2147216796875,64.63621520996094,23.469999313354492,115.8078384399414,27.070341110229492,53.25099182128906,2747.300048828125
2018-02-26,41.9699592590332,212.14999389648438,76.09750366210938,137.23422241210938,56.68238830566406,152.9969940185547,105.13621520996094,94.57756805419922,33.8629035949707,169.53857421875,183.32017517089844,87.61656951904297,29.416000366210938,6.092559337615967,85.18217468261719,65.09874725341797,23.827999114990234,117.37164306640625,27.13736343383789,54.15074157714844,2779.60009765625
2018-02-27,41.83393859863281,208.82000732421875,75.5989990234375,135.197021484375,55.384395599365234,150.171875,104.81781005859375,93.45475769042969,33.54758071899414,167.689453125,179.88037109375,86.49633026123047,29.06100082397461,6.079710960388184,85.14378356933594,64.22950744628906,23.39933204650879,116.22236633300781,26.67108726501465,53.23038101196289,2744.280029296875
2018-02-28,41.77063751220703,209.1300048828125,75.62249755859375,129.63858032226562,54.71086883544922,147.9718017578125,103.39281463623047,91.97366333007812,33.23994064331055,167.52743530273438,176.7677001953125,86.10150909423828,29.13800048828125,5.979394912719727,84.25312805175781,62.618560791015625,22.87066650390625,115.81726837158203,26.231035232543945,52.02153396606445,2713.830078125
2018-03-01,41.03895950317383,206.02999877929688,74.67250061035156,125.9496841430664,53.09965133666992,145.83668518066406,101.32305908203125,90.32528686523438,33.40146255493164,165.36376953125,174.40841674804688,85.25674438476562,29.038999557495117,5.73750114440918,83.6304702758789,62.76211166381836,22.062000274658203,113.42444610595703,25.96001434326172,51.650634765625,2677.669921875
2018-03-02,41.32272720336914,209.7899932861328,75.01249694824219,122.72195434570312,53.73056411743164,144.87872314453125,102.54901885986328,90.23768615722656,33.62449645996094,166.8220977783203,175.08251953125,85.4404067993164,30.104999542236328,5.84448766708374,84.34205627441406,63.400115966796875,22.341333389282227,113.77297973632812,25.869667053222656,51.89103698730469,2691.25
2018-03-05,41.46576690673828,211.16000366210938,76.18049621582031,126.69585418701172,54.25688934326172,147.5415802001953,103.32117462158203,91.62325286865234,33.75523376464844,170.16769409179688,178.82958984375,85.9821548461914,31.5,5.822498321533203,84.64372253417969,64.0301284790039,22.22333335876465,114.81865692138672,26.222293853759766,52.38555908203125,2720.93994140625
2018-03-06,41.430599212646484,212.00999450683594,76.88200378417969,128.90074157714844,54.56118392944336,147.4604034423828,102.07135772705078,91.70291137695312,33.7859992980957,169.21453857421875,178.2150115966797,85.68829345703125,32.52199935913086,5.983348846435547,84.7597427368164,63.814796447753906,21.8799991607666,114.04619598388672,25.954187393188477,52.32374954223633,2728.1201171875
2018-03-07,41.045997619628906,216.86000061035156,77.25,127.02278900146484,55.26197814941406,145.802978515625,102.72412872314453,91.3604736328125,33.701393127441406,170.8158416748047,182.1107940673828,86.18416595458984,32.11600112915039,5.975441932678223,84.96086883544922,63.128963470458984,22.15333366394043,114.79042053222656,25.56950569152832,51.005001068115234,2726.800048828125
2018-03-08,41.49391555786133,216.39999389648438,77.59300231933594,128.7666473388672,55.97268295288086,145.28045654296875,105.12825012207031,91.36843872070312,34.185909271240234,170.85394287109375,180.75270080566406,86.70753479003906,31.700000762939453,5.959134101867676,86.6934814453125,63.77491760253906,21.940000534057617,115.13896942138672,25.774721145629883,50.90885925292969,2738.969970703125
2018-03-09,42.20680618286133,221.11000061035156,78.94450378417969,132.67347717285156,57.531856536865234,148.7259063720703,106.51342010498047,93.99626922607422,34.470481872558594,174.6570587158203,183.6175537109375,88.64498901367188,33.14400100708008,6.06167459487915,87.0493392944336,64.0301284790039,21.81133270263672,117.29633331298828,26.009246826171875,51.211055755615234,2786.570068359375
2018-03-12,42.6148681640625,220.94000244140625,79.91950225830078,129.52960205078125,57.784122467041016,146.7255096435547,105.58200073242188,93.69366455078125,34.24744415283203,173.98980712890625,183.15164184570312,88.85615539550781,32.130001068115234,6.171130657196045,87.21174621582031,63.68719482421875,23.034000396728516,117.04194641113281,25.818693161010742,51.67811584472656,2783.02001953125
2018-03-13,42.20446014404297,219.75999450683594,79.40899658203125,128.85049438476562,56.49454879760742,145.6151580810547,106.95121765136719,92.57086181640625,34.27820587158203,172.5315399169922,180.29672241210938,86.68916320800781,31.58799934387207,6.120477199554443,87.86921691894531,63.5755615234375,22.78933334350586,116.06221771240234,25.886117935180664,51.19044876098633,2765.31005859375
2018-03-14,41.845672607421875,218.44000244140625,79.55000305175781,127.88633728027344,56.939605712890625,144.8477325439453,105.33521270751953,91.5356674194336,33.96786117553711,171.6831817626953,182.5866241455078,86.17497253417969,32.154998779296875,6.145928382873535,87.10344696044922,63.001365661621094,21.775333404541016,115.47811889648438,25.701433181762695,50.551700592041016,2749.47998046875
2018-03-15,41.89492416381836,218.8699951171875,79.11599731445312,129.5883026123047,57.024845123291016,145.38658142089844,105.92430877685547,91.76660919189453,33.882511138916016,172.47439575195312,182.25946044921875,86.47798919677734,32.10900115966797,6.160754203796387,86.62388610839844,62.73819351196289,21.706666946411133,116.26004028320312,25.654523849487305,51.11491012573242,2747.330078125
2018-03-16,41.74718475341797,225.5500030517578,78.58399963378906,131.17274475097656,56.22246170043945,146.11322021484375,106.41786193847656,91.92585754394531,33.71958541870117,173.9993896484375,183.478759765625,86.86363220214844,31.844999313354492,6.188920021057129,86.3531494140625,62.97742462158203,21.42333221435547,117.31517028808594,26.141170501708984,51.5957145690918,2752.010009765625
2018-03-19,41.10932159423828,222.17999267578125,77.24649810791016,127.55933380126953,54.52006530761719,144.5946044921875,103.6794204711914,91.20121002197266,33.56439971923828,172.12168884277344,171.05784606933594,85.29345703125,31.347999572753906,5.954686164855957,85.36309814453125,62.73023223876953,20.90399932861328,116.0716323852539,25.636930465698242,50.929447174072266,2712.919921875
2018-03-20,41.09524917602539,229.75,79.32550048828125,129.16065979003906,54.308441162109375,145.46005249023438,104.45162200927734,91.28882598876953,33.4868278503418,173.96124267578125,166.6862335205078,85.51384735107422,31.75,6.166682243347168,85.00726318359375,62.45109558105469,20.703332901000977,117.67313385009766,25.783512115478516,50.81956481933594,2716.93994140625
2018-03-21,40.16424560546875,226.85000610351562,79.09300231933594,130.6195068359375,54.21923065185547,145.34576416015625,104.4356918334961,91.36843872070312,33.36267852783203,172.28372192382812,167.9154510498047,84.9169921875,31.648000717163086,6.141480445861816,84.1100082397461,61.438270568847656,21.101999282836914,116.08103942871094,25.85093879699707,51.540767669677734,2711.929931640625
2018-03-22,39.596744537353516,220.52000427246094,77.24600219726562,123.15791320800781,52.194679260253906,143.11679077148438,101.40263366699219,87.55412292480469,33.17646408081055,167.2986602783203,163.45458984375,82.4469985961914,30.670000076293945,5.975688457489014,83.49121856689453,60.9359016418457,20.606666564941406,113.03820037841797,25.54605484008789,50.482994079589844,2643.68994140625
2018-03-23,38.679805755615234,215.02000427246094,74.77799987792969,120.96971893310547,50.876365661621094,140.26734924316406,99.58765411376953,85.21299743652344,32.84284973144531,163.78146362304688,158.00247192382812,80.05046081542969,30.0939998626709,5.756278991699219,82.10664367675781,60.537139892578125,20.1026668548584,110.22138214111328,25.041810989379883,50.064029693603516,2588.260009765625
2018-03-26,40.5160026550293,228.91000366210938,77.79299926757812,125.0777816772461,52.241268157958984,144.0067138671875,101.41062927246094,87.84080505371094,33.122161865234375,168.87136840820312,158.66664123535156,86.1106948852539,32.03499984741211,6.040671348571777,82.6171875,60.9359016418457,20.278667449951172,113.65050506591797,25.651592254638672,50.826446533203125,2658.550048828125
2018-03-27,39.477134704589844,213.8000030517578,74.85250091552734,123.23336791992188,49.904483795166016,142.61880493164062,101.26734924316406,86.13670349121094,33.27732849121094,164.439208984375,150.89488220214844,82.1531753540039,30.069000244140625,5.572202682495117,83.2591781616211,62.03642272949219,18.61199951171875,110.59822845458984,25.226511001586914,50.62038040161133,2612.6201171875
2018-03-28,39.04096221923828,212.5399932861328,71.57099914550781,121.69911193847656,49.817256927490234,142.68408203125,101.4583969116211,86.00132751464844,33.6109619140625,162.37086486816406,151.69784545898438,82.0797119140625,28.57699966430664,5.4691691398620605,84.45035552978516,62.873775482177734,17.185333251953125,110.21199798583984,25.730745315551758,50.009090423583984,2605.0
2018-03-29,39.345802307128906,216.0800018310547,72.36699676513672,123.5603256225586,51.40121078491211,145.52536010742188,102.01564025878906,87.5700454711914,33.69630432128906,166.95555114746094,158.39901733398438,83.80594635009766,29.53499984741211,5.722182273864746,84.42713928222656,63.224666595458984,17.742000579833984,112.68962860107422,26.08254051208496,51.24541091918945,2640.8701171875
2018-04-02,39.087852478027344,212.27999877929688,68.59950256347656,120.63436889648438,50.18648910522461,141.16546630859375,99.15776062011719,85.88188171386719,33.10662841796875,163.56228637695312,154.03729248046875,81.28085327148438,28.02899932861328,5.461757659912109,82.80280303955078,61.725399017333984,16.832000732421875,111.53089141845703,25.079927444458008,50.29069519042969,2581.8798828125
2018-04-03,39.48886489868164,215.92999267578125,69.60250091552734,121.61528015136719,50.48632049560547,141.8675994873047,102.17485809326172,87.06041717529297,33.65751266479492,164.39158630371094,154.7510528564453,82.37351989746094,28.367000579833984,5.568004131317139,83.68461608886719,62.570701599121094,17.8353328704834,112.29395294189453,25.446378707885742,51.527008056640625,2614.449951171875
2018-04-04,40.24398422241211,225.0500030517578,70.52850341796875,121.71585845947266,51.03298568725586,144.87222290039062,103.81475830078125,88.38229370117188,34.32476043701172,165.5543670654297,153.74984741210938,84.77928161621094,28.893999099731445,5.589993953704834,85.22384643554688,63.04126739501953,19.12933349609375,112.86859893798828,25.569503784179688,51.42396926879883,2644.68994140625
2018-04-05,40.523048400878906,223.5399932861328,72.5875015258789,124.18907928466797,51.178199768066406,146.2519989013672,104.05355834960938,89.54277801513672,34.44890213012695,167.56552124023438,157.9529266357422,84.82521057128906,29.39699935913086,5.469911098480225,85.52550506591797,62.84186935424805,20.381332397460938,114.16867065429688,25.742477416992188,52.21385192871094,2662.840087890625
2018-04-06,39.48653030395508,218.61000061035156,70.2614974975586,119.8798599243164,50.05366897583008,142.43093872070312,101.97584533691406,87.30980682373047,34.07648468017578,161.98159790039062,155.83155822753906,82.85100555419922,28.885000228881836,5.293741703033447,84.54317474365234,62.54679870605469,19.953332901000977,110.88086700439453,25.414133071899414,51.42396926879883,2604.469970703125
2018-04-09,39.87815475463867,219.1699981689453,70.30400085449219,119.95530700683594,50.556209564208984,140.8470458984375,103.07439422607422,88.3582992553711,34.006649017333984,162.59251403808594,156.55517578125,83.34685516357422,28.993000030517578,5.322402000427246,84.60504150390625,62.33147430419922,19.310667037963867,111.90771484375,25.29393196105957,51.42396926879883,2613.159912109375
2018-04-10,40.62858200073242,224.52999877929688,71.81099700927734,124.15555572509766,51.369503021240234,141.64718627929688,103.68737030029297,90.04701232910156,34.130794525146484,166.7733154296875,163.60328674316406,85.28427124023438,29.80699920654297,5.631255626678467,84.62052917480469,62.49896240234375,20.31333351135254,113.72587585449219,25.34377098083496,52.93505096435547,2656.8701171875
2018-04-11,40.438636779785156,223.6300048828125,71.35250091552734,123.06566619873047,50.802520751953125,141.1328125,103.19380950927734,88.53435516357422,34.130794525146484,164.52069091796875,164.87216186523438,84.34770965576172,30.367000579833984,5.589993953704834,84.06359100341797,62.419189453125,20.062000274658203,112.84033966064453,25.18547248840332,53.18230056762695,2642.18994140625
2018-04-12,40.8372917175293,226.9600067138672,72.42500305175781,125.87425994873047,51.40864944458008,141.54104614257812,103.8306655883789,90.73532104492188,34.161834716796875,166.8496856689453,162.4434814453125,85.92703247070312,30.924999237060547,5.7965545654296875,83.77740478515625,62.03642272949219,19.60533332824707,114.05561065673828,25.04474639892578,53.0380744934082,2663.989990234375
2018-04-13,40.975650787353516,224.05999755859375,71.53949737548828,125.9496841430664,51.34669494628906,141.0838165283203,103.9819107055664,88.27823638916016,34.53425216674805,166.34378051757812,163.0878448486328,85.46793365478516,31.165000915527344,5.719959259033203,84.51224517822266,62.49896240234375,20.022666931152344,113.75415802001953,25.21771240234375,53.46390151977539,2656.300048828125
2018-04-16,41.23125076293945,226.52000427246094,72.07499694824219,127.55098724365234,51.84528350830078,142.41465759277344,104.8894271850586,88.20619201660156,34.6661491394043,165.9619140625,163.3951416015625,86.46878814697266,30.777999877929688,5.719712257385254,85.02273559570312,62.69035720825195,19.413999557495117,114.81865692138672,25.458106994628906,53.94469451904297,2677.840087890625
2018-04-17,41.79876708984375,231.16000366210938,75.19149780273438,128.5319061279297,53.493656158447266,142.80653381347656,103.91822052001953,88.20619201660156,34.821319580078125,170.22865295410156,167.19180297851562,88.2134017944336,33.60599899291992,5.869195938110352,84.2105712890625,62.54679870605469,19.179332733154297,116.62744140625,25.768850326538086,53.80046463012695,2706.389892578125
2018-04-18,41.70497131347656,231.10000610351562,76.39199829101562,130.7452392578125,53.296905517578125,146.83987426757812,101.67333221435547,87.49390411376953,34.53425216674805,171.29769897460938,164.91180419921875,88.55315399169922,33.45199966430664,5.8402886390686035,82.74864959716797,62.36337661743164,19.55666732788086,117.26805114746094,25.672109603881836,54.411746978759766,2708.639892578125
2018-04-19,40.523048400878906,227.6199951171875,77.84549713134766,130.5355987548828,53.99372482299805,144.5782928466797,101.53800201416016,89.41472625732422,34.37907028198242,170.86814880371094,166.63668823242188,88.25016784667969,33.27000045776367,5.659175872802734,81.65802001953125,60.32465744018555,20.005332946777344,116.77815246582031,25.76592254638672,54.54912185668945,2693.1298828125
2018-04-20,38.86271667480469,225.24000549316406,76.37449645996094,129.1284942626953,53.392555236816406,144.5210723876953,100.82952117919922,89.21463012695312,33.936824798583984,169.02593994140625,164.83251953125,87.23091888427734,32.777000427246094,5.651022911071777,79.26793670654297,59.399051666259766,19.349332809448242,117.00425720214844,25.499149322509766,54.260650634765625,2670.139892578125
2018-04-23,38.75016403198242,225.3000030517578,75.89299774169922,129.75196838378906,53.218597412109375,145.0518341064453,100.96483612060547,88.78246307373047,34.12303161621094,167.4509735107422,164.39633178710938,87.55227661132812,31.868999481201172,5.531681537628174,79.34527587890625,58.75516891479492,18.891332626342773,117.24919128417969,25.24116325378418,54.65215301513672,2670.2900390625
2018-04-24,38.21078872680664,217.88999938964844,73.00450134277344,121.70518493652344,50.68259048461914,143.90875244140625,100.45532989501953,88.36626434326172,33.41698455810547,165.36061096191406,158.29989624023438,85.5046615600586,30.70199966430664,5.4654645919799805,78.4635009765625,58.35272979736328,18.8973331451416,114.2440414428711,25.367225646972656,53.81419372558594,2634.56005859375
2018-04-25,38.377281188964844,217.32000732421875,73.00849914550781,122.33712005615234,50.69993591308594,144.8313446044922,100.90911102294922,88.03014373779297,32.920413970947266,164.62559509277344,158.29989624023438,84.76091766357422,30.576000213623047,5.353288173675537,78.23918914794922,58.19178009033203,18.71266746520996,114.1875228881836,25.554847717285156,54.60407257080078,2639.39990234375
2018-04-26,38.51097106933594,221.91000366210938,75.89800262451172,123.2808609008789,51.70700454711914,151.6324920654297,101.90418243408203,88.11817932128906,33.16870880126953,170.05685424804688,172.64390563964844,86.55142974853516,31.398000717163086,5.564791202545166,79.87128448486328,58.55396270751953,19.031999588012695,119.71741485595703,25.780580520629883,55.538177490234375,2666.93994140625
2018-04-27,38.06539535522461,221.89999389648438,78.63099670410156,121.94110870361328,51.11920928955078,152.23663330078125,102.11117553710938,87.55793762207031,33.60319519042969,167.9377899169922,172.078857421875,87.98384857177734,31.176000595092773,5.592215538024902,78.67234802246094,58.602237701416016,19.60533332824707,118.70940399169922,25.59002685546875,53.42957305908203,2669.909912109375
2018-04-30,38.75484848022461,221.60000610351562,78.30650329589844,121.63778686523438,50.48137283325195,150.8812713623047,100.69416809082031,87.06170654296875,33.52560806274414,170.1618194580078,170.5027313232422,85.8719482421875,31.246000289916992,5.556883811950684,78.0767593383789,58.22394561767578,19.593332290649414,119.52899932861328,25.933021545410156,53.40210723876953,2648.050048828125
2018-05-01,39.655364990234375,224.0800018310547,79.11299896240234,121.6883544921875,51.58012771606445,150.74252319335938,100.31205749511719,87.06170654296875,33.0445556640625,172.0518035888672,172.3465576171875,87.23091888427734,31.329999923706055,5.6122307777404785,76.67671203613281,57.91811752319336,19.994667053222656,120.12249755859375,25.625207901000977,52.85261917114258,2654.800048828125
2018-05-02,41.407142639160156,221.10000610351562,78.48400115966797,121.21649169921875,50.851593017578125,151.78762817382812,98.31391906738281,86.37340545654297,32.63335418701172,177.36842346191406,174.5373077392578,85.86277770996094,31.336000442504883,5.59172248840332,75.20706939697266,57.09716033935547,20.07666778564453,119.05796813964844,25.3115234375,52.749610900878906,2635.669921875
2018-05-03,41.48219299316406,226.0500030517578,78.60399627685547,121.1490707397461,50.863975524902344,149.56680297851562,97.93975830078125,85.82918548583984,32.501461029052734,177.99842834472656,172.505126953125,86.37696838378906,31.16900062561035,5.756773471832275,75.4932632446289,57.4351921081543,18.963333129882812,119.8116226196289,25.279279708862305,52.57102584838867,2629.72998046875
2018-05-04,43.10966491699219,228.50999450683594,79.04750061035156,123.3313980102539,52.0881233215332,151.06912231445312,98.86322784423828,86.78158569335938,32.86611557006836,179.6115264892578,175.0725860595703,87.37782287597656,32.00899887084961,5.906753063201904,76.56840515136719,58.29640197753906,19.606000900268555,120.73484802246094,25.660388946533203,52.81827926635742,2663.419921875
2018-05-07,43.42156219482422,230.99000549316406,80.00700378417969,126.23841094970703,52.50740432739258,149.86891174316406,98.38558197021484,87.53392028808594,32.695411682128906,180.49928283691406,176.42076110839844,88.35115051269531,32.625999450683594,6.144446849822998,75.98057556152344,57.93421936035156,20.184667587280273,121.77108764648438,25.05647850036621,53.395225524902344,2672.6298828125
2018-05-08,43.630279541015625,234.55999755859375,79.61949920654297,126.33102416992188,52.464290618896484,151.07723999023438,97.60546112060547,88.83048248291016,32.439395904541016,181.86427307128906,177.3624725341797,87.97467803955078,32.68899917602539,6.186944484710693,74.86672973632812,57.49958038330078,20.131332397460938,122.37401580810547,25.135631561279297,53.63562774658203,2671.919921875
2018-05-09,43.93748474121094,239.74000549316406,80.4000015258789,128.58924865722656,53.96894073486328,152.15499877929688,98.32186889648438,90.76732635498047,32.416114807128906,181.9596710205078,181.06991577148438,89.01225280761719,33.029998779296875,6.3198747634887695,74.37943267822266,58.24809646606445,20.456666946411133,123.2595443725586,24.34995460510254,54.899417877197266,2697.7900390625
2018-05-10,44.56597137451172,241.14999389648438,80.4540023803711,129.7351531982422,54.78768539428711,152.80816650390625,99.78667449951172,91.47163391113281,32.72646713256836,184.26959228515625,183.91493225097656,89.90294647216797,32.959999084472656,6.4273552894592285,75.23799896240234,58.87589645385742,20.334667205810547,123.41032409667969,24.394207000732422,56.128868103027344,2723.070068359375
2018-05-11,44.39647674560547,241.8800048828125,80.14550018310547,130.48507690429688,54.68409729003906,155.38002014160156,101.29122161865234,91.12747955322266,32.695411682128906,184.55596923828125,185.3622283935547,89.7101058959961,32.645999908447266,6.288989067077637,75.36177825927734,59.052982330322266,20.070667266845703,124.18280792236328,24.597763061523438,56.392520904541016,2727.719970703125
2018-05-14,44.292884826660156,238.3699951171875,80.0770034790039,130.83897399902344,54.84369659423828,156.0086669921875,100.35186767578125,91.15946960449219,32.617835998535156,183.38192749023438,185.01527404785156,90.01314544677734,32.85300064086914,6.309497356414795,75.14518737792969,58.98053741455078,19.46466636657715,123.60810852050781,24.895715713500977,56.77410888671875,2730.1298828125
2018-05-15,43.89033508300781,236.60000610351562,78.80599975585938,128.57237243652344,53.76673889160156,153.4776611328125,99.61152648925781,90.46319580078125,32.36955261230469,183.267333984375,182.7154998779297,89.36119079589844,32.612998962402344,6.067358016967773,74.87446594238281,58.71491622924805,18.94533348083496,123.50453186035156,24.934072494506836,56.74634552001953,2711.449951171875
2018-05-16,44.299957275390625,237.38999938964844,79.36399841308594,129.59194946289062,53.72807693481445,152.17137145996094,99.78667449951172,90.71129608154297,32.23765563964844,183.630126953125,181.605224609375,89.59171295166016,32.819000244140625,6.078475475311279,75.1761245727539,59.181732177734375,19.09866714477539,123.3066635131836,25.40903663635254,56.905941009521484,2722.4599609375
2018-05-17,44.01982498168945,236.85000610351562,79.08799743652344,129.4992218017578,53.587825775146484,151.31407165527344,98.5925521850586,90.40715789794922,32.819557189941406,182.50376892089844,182.1603546142578,88.69721221923828,32.52199935913086,6.120477199554443,75.74078369140625,59.52785873413086,18.96933364868164,122.59899139404297,24.925222396850586,56.80877685546875,2720.1298828125
2018-05-18,43.85972595214844,238.08999633789062,78.71849822998047,131.20130920410156,53.011924743652344,153.0204620361328,98.90303039550781,88.9425277709961,32.72646713256836,181.74014282226562,181.08973693847656,88.8631820678711,32.417999267578125,6.07674503326416,75.42366790771484,59.11735153198242,18.454666137695312,122.59899139404297,24.674463272094727,56.40639114379883,2712.969970703125
2018-05-21,44.170467376708984,238.10000610351562,79.27300262451172,133.90603637695312,53.724117279052734,154.95542907714844,98.48908233642578,89.75890350341797,32.904911041259766,182.50376892089844,182.8839874267578,90.00674438476562,33.18199920654297,6.0347418785095215,76.97064971923828,59.60832977294922,18.965999603271484,123.28778076171875,24.931121826171875,57.08631134033203,2733.010009765625
2018-05-22,44.05982971191406,238.7899932861328,79.06999969482422,131.61415100097656,53.29293441772461,152.57138061523438,97.8442611694336,90.44719696044922,32.7807731628418,182.90463256835938,182.1999969482422,89.9145278930664,33.1619987487793,5.996692180633545,77.29550170898438,59.58417510986328,18.333999633789062,123.33496856689453,24.594818115234375,56.64228057861328,2724.43994140625
2018-05-23,44.34233093261719,243.91000366210938,80.09300231933594,132.91175842285156,53.82075881958008,152.40806579589844,98.27413177490234,90.03099822998047,32.89714813232422,184.21238708496094,185.2729949951172,90.98426055908203,34.47200012207031,6.120059967041016,77.6977310180664,59.704917907714844,18.60466766357422,124.43894958496094,24.488605499267578,56.996116638183594,2733.2900390625
2018-05-24,44.292884826660156,245.14999389648438,80.15350341796875,132.87803649902344,53.79548263549805,152.79998779296875,97.31885528564453,89.0225830078125,32.83507537841797,183.1814422607422,184.31143188476562,90.66149139404297,34.92900085449219,6.123770236968994,77.4888916015625,59.37489318847656,18.523332595825195,124.44837951660156,24.44141387939453,55.69175720214844,2727.760009765625
2018-05-25,44.394100189208984,243.55999755859375,80.50749969482422,131.3192596435547,53.72758483886719,152.55506896972656,97.41510772705078,88.56636810302734,32.89714813232422,182.47511291503906,183.31024169921875,90.70761108398438,35.12900161743164,6.163079261779785,77.58943939208984,59.80955123901367,18.59000015258789,123.8728256225586,24.326345443725586,54.60942459106445,2721.330078125
2018-05-29,44.234046936035156,242.19000244140625,80.64350128173828,129.44021606445312,52.93412780761719,151.04457092285156,95.75502014160156,84.78073120117188,33.1143913269043,180.90972900390625,184.12313842773438,90.38483428955078,34.972999572753906,6.146020889282227,78.20050811767578,59.600276947021484,18.917333602905273,122.37252807617188,24.30865478515625,54.40823745727539,2689.860107421875
2018-05-30,44.139888763427734,247.39999389648438,81.24449920654297,130.99063110351562,53.399993896484375,153.60621643066406,97.01410675048828,86.71756744384766,33.46355056762695,183.03826904296875,186.03631591796875,91.25170135498047,35.354000091552734,6.254805088043213,78.7651596069336,60.27637481689453,19.447999954223633,123.26892852783203,24.81606674194336,56.545143127441406,2724.010009765625
2018-05-31,43.9915657043457,249.27999877929688,81.48100280761719,127.99937438964844,54.5165901184082,153.16285705566406,95.93145751953125,85.64511108398438,33.36267852783203,181.47286987304688,190.11053466796875,91.1502456665039,35.15999984741211,6.235024929046631,78.25619506835938,58.891998291015625,18.98200035095215,123.34439086914062,24.349956512451172,56.36476516723633,2705.27001953125
2018-06-01,44.78489685058594,251.30999755859375,82.0770034790039,129.35598754882812,56.2512092590332,153.81967163085938,97.24667358398438,86.75758361816406,33.455780029296875,186.4840850830078,192.30128479003906,92.94856262207031,35.99300003051758,6.369272708892822,78.25619506835938,59.11735153198242,19.454666137695312,123.46707916259766,24.482707977294922,56.77410888671875,2734.6201171875
2018-06-04,45.15921401977539,253.33999633789062,83.26349639892578,128.49656677246094,57.14528274536133,157.112060546875,97.8000259399414,86.79759979248047,33.74285125732422,188.7367706298828,191.5974884033203,93.76008605957031,36.180999755859375,6.548026084899902,78.15472412109375,59.704917907714844,19.78266716003418,125.56182098388672,25.199581146240234,56.177433013916016,2746.8701171875
2018-06-05,45.50762176513672,252.6999969482422,84.81749725341797,128.92625427246094,57.045169830322266,157.58822631835938,97.42311096191406,86.30941772460938,33.44801712036133,190.29263305664062,191.2604522705078,94.23963165283203,36.58000183105469,6.553462982177734,78.22498321533203,59.5359001159668,19.408666610717773,126.02417755126953,24.963573455810547,55.976234436035156,2748.800048828125
2018-06-06,45.66533660888672,253.9499969482422,84.7874984741211,131.8754119873047,56.84345626831055,158.94290161132812,98.47368621826172,88.32626342773438,33.71958541870117,193.96754455566406,189.67434692382812,94.51628875732422,36.744998931884766,6.555442810058594,78.7089614868164,59.841732025146484,21.299999237060547,128.59071350097656,24.945873260498047,56.93366622924805,2772.35009765625
2018-06-07,45.54293441772461,247.50999450683594,84.46499633789062,131.69003295898438,56.22246170043945,161.06117248535156,98.90674591064453,88.67842102050781,33.70406723022461,190.46441650390625,186.54185485839844,93.0315170288086,36.13999938964844,6.499814987182617,78.96656036376953,60.976585388183594,21.07266616821289,126.28836059570312,25.0609188079834,57.50259017944336,2770.3701171875
2018-06-08,45.128604888916016,251.2100067138672,84.19950103759766,130.8726806640625,56.137718200683594,162.8345947265625,99.4921875,88.9265365600586,34.099769592285156,190.94161987304688,187.45387268066406,93.7231674194336,36.05699920654297,6.484484672546387,80.00475311279297,62.1195068359375,21.17733383178711,127.13760375976562,24.886869430541992,58.00212478637695,2779.030029296875
2018-06-11,45.0179557800293,251.0,84.45600128173828,131.6984100341797,56.54361343383789,163.91009521484375,98.36942291259766,88.70243072509766,34.239418029785156,189.4622039794922,189.8726043701172,93.18834686279297,36.14500045776367,6.4434428215026855,80.56681060791016,62.401206970214844,22.139999389648438,126.35438537597656,24.869171142578125,57.65522766113281,2782.0
2018-06-12,45.26514434814453,252.58999633789062,84.9375,132.70111083984375,56.904911041259766,165.28123474121094,98.273193359375,88.1902084350586,34.45665740966797,191.02760314941406,190.7251434326172,93.42809295654297,36.382999420166016,6.491903305053711,81.55817413330078,62.167808532714844,22.851333618164062,127.2508316040039,24.810169219970703,57.183441162109375,2786.85009765625
2018-06-13,44.893192291259766,256.1300048828125,85.24299621582031,130.3586883544922,56.708648681640625,164.46018981933594,98.34537506103516,88.01412200927734,34.27820587158203,190.34034729003906,190.7350616455078,93.00389099121094,37.99300003051758,6.487452507019043,82.17485809326172,61.548065185546875,22.985332489013672,126.81674194335938,24.80721664428711,56.55208969116211,2775.6298828125
2018-06-14,44.91672897338867,258.1000061035156,86.19300079345703,129.03579711914062,57.495670318603516,163.93472290039062,98.16895294189453,86.4614486694336,34.113834381103516,190.2449188232422,195.0967254638672,93.529541015625,39.2869987487793,6.598954677581787,82.0655746459961,61.16170883178711,23.847999572753906,127.3829345703125,24.718711853027344,56.81572723388672,2782.489990234375
2018-06-15,44.455326080322266,251.82000732421875,85.79850006103516,126.40695190429688,57.454044342041016,164.6490936279297,98.32935333251953,86.35740661621094,34.536529541015625,190.45489501953125,194.1450958251953,92.33990478515625,39.198001861572266,6.558162212371826,84.0014877319336,62.28047180175781,23.878000259399414,127.47725677490234,24.69215965270996,55.962345123291016,2779.659912109375
2018-06-18,44.43177795410156,255.69000244140625,86.18949890136719,125.2778549194336,58.65885925292969,164.772216796875,97.29479217529297,86.58147430419922,34.0903434753418,191.98208618164062,196.5836944580078,93.01311492919922,39.040000915527344,6.553958415985107,82.26073455810547,61.040985107421875,24.722000122070312,128.5151824951172,24.485660552978516,56.073360443115234,2773.75
2018-06-19,43.71377182006836,251.74000549316406,86.73899841308594,120.74461364746094,58.4165153503418,163.55711364746094,98.29724884033203,86.0772933959961,34.12947463989258,190.60763549804688,195.77081298828125,93.01311492919922,40.49800109863281,6.432319164276123,82.71348571777344,61.43537902832031,23.503332138061523,127.4866714477539,24.665616989135742,55.9901008605957,2762.590087890625
2018-06-20,43.904457092285156,251.24000549316406,87.50399780273438,120.60137176513672,58.68313980102539,163.45037841796875,97.87220001220703,86.06929016113281,33.86332702636719,192.3734588623047,200.2415771484375,93.94452667236328,41.67599868774414,6.485226631164551,82.59638214111328,61.049041748046875,24.148000717163086,127.85472106933594,24.665616989135742,55.81665802001953,2767.320068359375
2018-06-21,43.659637451171875,248.8300018310547,86.51100158691406,117.56800842285156,57.958072662353516,164.46018981933594,97.3990478515625,86.04527282714844,33.73025131225586,191.6479949951172,199.7459259033203,93.27130126953125,41.54399871826172,6.356664180755615,83.71266174316406,61.52391052246094,23.167333602905273,126.9394302368164,24.842626571655273,55.28936004638672,2749.760009765625
2018-06-22,43.532501220703125,243.6300048828125,85.78350067138672,117.9134750366211,57.95063781738281,162.0792236328125,98.51378631591797,84.63668060302734,33.85551452636719,192.316162109375,199.9838409423828,92.59813690185547,41.10900115966797,6.20436954498291,84.59476470947266,62.32072067260742,22.242000579833984,127.69430541992188,25.022579193115234,56.46190643310547,2754.8798828125
2018-06-25,42.8851203918457,239.67999267578125,83.15750122070312,115.08233642578125,56.46332550048828,161.23361206054688,98.31330108642578,83.86833190917969,34.113834381103516,186.11181640625,194.64073181152344,90.73526000976562,38.448001861572266,5.911888599395752,85.07872772216797,62.6104850769043,22.200666427612305,123.54254913330078,25.50933074951172,55.32405090332031,2717.070068359375
2018-06-26,43.41715621948242,242.25,84.55449676513672,114.20602416992188,56.13325119018555,161.21713256835938,98.12081146240234,83.92436981201172,33.91813659667969,187.5245361328125,197.26766967773438,91.37156677246094,39.93899917602539,5.982844352722168,84.34495544433594,62.77949142456055,22.799999237060547,125.07118225097656,25.364788055419922,55.948482513427734,2723.06005859375
2018-06-27,43.35359191894531,237.67999267578125,83.02549743652344,113.42240905761719,55.35614013671875,160.11697387695312,97.52738189697266,82.6277847290039,33.714603424072266,184.39370727539062,194.13519287109375,89.9513931274414,39.03900146484375,5.827829360961914,84.51669311523438,62.52997589111328,22.96666717529297,123.62751770019531,25.633241653442383,56.690860748291016,2699.6298828125
2018-06-28,43.66905212402344,239.80999755859375,85.07250213623047,114.618896484375,55.84382629394531,160.27301025390625,97.84012603759766,83.98040008544922,34.02772521972656,188.1354217529297,194.52182006835938,90.95659637451172,39.54199981689453,5.954908847808838,84.83671569824219,62.81975173950195,23.32866668701172,125.25043487548828,25.329378128051758,56.87123107910156,2716.31005859375
2018-06-29,43.577239990234375,243.80999755859375,84.98999786376953,114.3155746459961,55.96326446533203,160.18263244628906,97.31082916259766,83.39611053466797,34.33300018310547,187.581787109375,192.62840270996094,90.93816375732422,39.143001556396484,5.857001781463623,84.98506164550781,62.827796936035156,22.863332748413086,124.97677612304688,25.26742935180664,57.39855194091797,2718.3701171875
2018-07-02,44.064537048339844,243.25999450683594,85.68900299072266,114.83798217773438,56.603580474853516,159.29592895507812,97.50330352783203,84.10043334960938,34.24689865112305,188.67947387695312,195.64193725585938,92.2292251586914,39.81800079345703,5.9890265464782715,85.5002670288086,62.88413619995117,22.33799934387207,125.02399444580078,24.78066635131836,56.725528717041016,2726.7099609375
2018-07-03,43.297096252441406,242.00999450683594,84.697998046875,112.76517486572266,55.32343673706055,158.96751403808594,98.4095230102539,82.9239273071289,34.43476486206055,187.36221313476562,191.05227661132812,91.34391784667969,39.051998138427734,5.855520248413086,84.93042755126953,62.69902801513672,20.724000930786133,124.03319549560547,24.91046905517578,57.058555603027344,2713.219970703125
2018-07-05,43.645511627197266,244.17999267578125,84.98650360107422,114.43354034423828,56.56294250488281,159.6161651611328,100.24605560302734,83.46307373046875,34.959232330322266,189.8248748779297,196.72244262695312,91.99868774414062,39.8390007019043,6.001139163970947,85.51587677001953,63.75337600708008,20.610666275024414,125.76937103271484,24.948822021484375,57.10711669921875,2736.610107421875
2018-07-06,44.25051498413086,248.19000244140625,85.53150177001953,114.09649658203125,57.24638748168945,159.67361450195312,100.84751892089844,83.7366714477539,34.94356918334961,190.68508911132812,201.46083068847656,93.28977966308594,40.82500076293945,6.1148681640625,85.52367401123047,63.833866119384766,20.593332290649414,126.52423095703125,24.931121826171875,57.12102508544922,2759.820068359375
2018-07-09,44.86494064331055,249.77000427246094,86.95099639892578,118.78134155273438,57.85102081298828,160.98724365234375,101.08810424804688,86.32778930664062,34.755714416503906,192.03260803222656,202.9577178955078,93.92606353759766,41.89699935913086,6.162336826324463,84.11857604980469,62.66682434082031,21.233999252319336,127.87362670898438,25.35002899169922,57.5164680480957,2784.169921875
2018-07-10,44.8108024597168,248.6300048828125,87.15350341796875,119.017333984375,57.84408187866211,162.2434844970703,102.15469360351562,85.79669952392578,35.201908111572266,192.5965118408203,201.76815795898438,94.1750717163086,41.5629997253418,6.261232852935791,88.12309265136719,64.24433135986328,21.49799919128418,128.97760009765625,25.727645874023438,58.04377365112305,2793.840087890625
2018-07-11,44.22932815551758,248.1199951171875,87.75,115.23402404785156,58.05818557739258,161.7015838623047,101.24048614501953,85.61161804199219,35.06100082397461,194.81373596191406,200.77685546875,94.04595947265625,41.8650016784668,6.119812965393066,87.84992218017578,63.71315002441406,21.263999938964844,130.35519409179688,25.52703285217285,57.301395416259766,2774.02001953125
2018-07-12,44.97087097167969,254.8699951171875,89.83100128173828,117.47531127929688,59.535091400146484,162.5225830078125,102.45948028564453,85.98177337646484,34.967063903808594,198.57925415039062,205.11874389648438,96.08403015136719,41.349998474121094,6.211289882659912,87.06146240234375,63.49583053588867,21.11400032043457,132.00643920898438,25.524091720581055,57.37076950073242,2798.2900390625
2018-07-13,45.041500091552734,258.5899963378906,90.65149688720703,118.59597778320312,59.69169998168945,163.13011169433594,100.99187469482422,85.58747863769531,35.02186965942383,196.79208374023438,205.51524353027344,97.22752380371094,39.58000183105469,6.164069175720215,87.96698760986328,63.833866119384766,21.257999420166016,131.55355834960938,25.8721923828125,57.800941467285156,2801.31005859375
2018-07-16,44.942630767822266,254.67999267578125,91.12449645996094,116.34625244140625,59.299678802490234,163.28616333007812,99.9974365234375,88.98329162597656,35.0140266418457,195.04310607910156,205.426025390625,96.74803924560547,40.04800033569336,6.136379718780518,88.17774963378906,64.01092529296875,20.67333221435547,130.647705078125,25.854496002197266,57.23200988769531,2798.429931640625
2018-07-17,45.06975173950195,258.30999755859375,92.19650268554688,117.07930755615234,60.12089538574219,165.10879516601562,103.5421371459961,88.9189224243164,35.42107009887695,197.23175048828125,208.16201782226562,97.70710754394531,37.948001861572266,6.2721099853515625,89.676513671875,64.41336822509766,21.512666702270508,131.7611541748047,26.016748428344727,57.10711669921875,2809.550048828125
2018-07-18,44.822566986083984,259.7799987792969,92.14600372314453,118.90773010253906,60.112464904785156,165.0021209716797,102.49156951904297,89.74774169921875,35.31931686401367,199.13360595703125,207.53749084472656,96.94168853759766,37.51300048828125,6.2229108810424805,89.63751220703125,64.16385650634766,21.59000015258789,132.9500274658203,25.98134994506836,57.044700622558594,2815.6201171875
2018-07-19,45.170989990234375,257.67999267578125,90.64849853515625,118.19559478759766,59.42803955078125,166.36497497558594,100.9998779296875,88.42803955078125,35.31148147583008,196.93551635742188,206.278564453125,96.27767944335938,36.42300033569336,6.231069564819336,90.37128448486328,63.942142486572266,21.34866714477539,132.22348022460938,25.878093719482422,56.89899826049805,2804.489990234375
2018-07-20,45.0673942565918,257.5400085449219,90.68499755859375,115.99140930175781,59.36757278442383,166.21719360351562,100.92769622802734,89.54656219482422,35.444557189941406,197.55667114257812,208.11244201660156,98.00220489501953,36.10499954223633,6.20288610458374,90.5586166381836,63.90153121948242,20.905332565307617,133.03494262695312,25.97840118408203,56.475772857666016,2801.830078125
2018-07-23,45.1074104309082,259.4700012207031,90.0999984741211,115.53363800048828,60.0178108215332,166.03656005859375,101.5532455444336,91.2123031616211,35.18624496459961,198.63662719726562,209.0740203857422,99.56996154785156,36.26599884033203,6.166293621063232,89.29402160644531,63.76348114013672,20.213333129882812,132.12908935546875,25.851539611816406,56.475772857666016,2806.97998046875
2018-07-24,45.434635162353516,257.489990234375,91.46199798583984,116.96637725830078,62.35458755493164,165.83950805664062,103.74262237548828,91.8560562133789,35.428897857666016,200.299560546875,212.80126953125,99.2840576171875,35.731998443603516,6.148988723754883,89.56724548339844,64.15328979492188,19.82866668701172,132.12908935546875,25.948902130126953,57.592796325683594,2820.39990234375
2018-07-25,45.863101959228516,263.1700134277344,93.18049621582031,119.09425354003906,63.236270904541016,165.0267333984375,103.14915466308594,92.68488311767578,36.07862091064453,204.67678833007812,215.6066131591797,102.20745849609375,36.2869987487793,6.227114677429199,89.93413543701172,64.54315948486328,20.582666397094727,134.5918426513672,25.93120002746582,57.99519348144531,2846.070068359375
2018-07-26,45.719486236572266,261.92999267578125,90.4000015258789,120.87458801269531,63.7100715637207,163.7130889892578,104.48043060302734,92.41932678222656,36.196041107177734,198.1874237060547,174.7256317138672,101.0915756225586,36.308998107910156,6.300541877746582,89.77021789550781,65.04669952392578,20.44333267211914,134.45973205566406,26.028549194335938,58.446170806884766,2837.43994140625
2018-07-27,44.9591064453125,254.80999755859375,90.8635025024414,120.85763549804688,62.093902587890625,161.85757446289062,105.49893188476562,93.36888885498047,36.17254638671875,193.95359802246094,173.3675537109375,99.302490234375,35.520999908447266,6.230821132659912,89.20814514160156,65.44466400146484,19.812000274658203,132.770751953125,25.99905014038086,56.8365478515625,2818.820068359375
2018-07-30,44.707218170166016,242.32000732421875,88.96099853515625,118.47537994384766,60.96144104003906,161.97251892089844,105.99616241455078,93.93217468261719,36.188201904296875,189.10804748535156,169.57090759277344,97.17224884033203,33.49599838256836,6.035754203796387,89.13011169433594,65.13601684570312,19.344667434692383,128.77940368652344,26.220312118530273,56.711669921875,2802.60009765625
2018-07-31,44.79667663574219,244.67999267578125,88.87200164794922,121.9088363647461,60.821678161621094,162.16954040527344,106.27685546875,92.49980926513672,36.501319885253906,189.23236083984375,171.07766723632812,97.82697296142578,33.744998931884766,6.053802013397217,89.77021789550781,65.68829345703125,19.875999450683594,129.02476501464844,26.323558807373047,56.55208969116211,2816.2900390625
2018-08-01,47.43564987182617,248.00999450683594,89.8584976196289,117.44959259033203,61.10764694213867,161.16786193847656,106.37308502197266,93.07115936279297,36.31344985961914,192.29066467285156,170.15577697753906,98.01143646240234,33.8380012512207,6.093606948852539,88.68517303466797,65.50150299072266,20.055999755859375,130.4495849609375,26.031497955322266,55.775020599365234,2813.360107421875
2018-08-02,48.822235107421875,252.22000122070312,91.71649932861328,117.00025177001953,61.51106643676758,160.64244079589844,105.25833892822266,93.4654541015625,36.14906311035156,193.0648193359375,174.83468627929688,99.20106506347656,34.45000076293945,6.196209907531738,89.52823638916016,66.59793853759766,23.30266761779785,131.08172607421875,26.184907913208008,55.44200134277344,2827.219970703125
2018-08-03,48.96346664428711,253.27999877929688,91.16449737548828,117.42415618896484,61.363868713378906,160.62599182128906,105.8197021484375,94.22186279296875,36.49348831176758,192.29066467285156,176.232421875,99.634521484375,34.308998107910156,6.232800006866455,90.7850112915039,66.86592864990234,23.211332321166992,131.93093872070312,26.432710647583008,55.643192291259766,2840.35009765625
2018-08-06,49.217735290527344,254.11000061035156,92.38749694824219,118.24647521972656,61.3395881652832,160.6670379638672,105.8758544921875,94.2459945678711,36.51697540283203,192.61561584472656,184.0735626220703,99.71751403808594,35.09199905395508,6.280516624450684,91.62804412841797,67.02025604248047,22.799333572387695,131.82720947265625,26.453365325927734,55.62933349609375,2850.39990234375
2018-08-07,48.75631332397461,253.38999938964844,93.1240005493164,120.70504760742188,62.24010467529297,161.78367614746094,105.42675018310547,94.5920181274414,36.399559020996094,193.6477813720703,182.2099151611328,100.40914916992188,35.18299865722656,6.35270881652832,89.16132354736328,67.11773681640625,25.30466651916504,132.36500549316406,26.482864379882812,56.38555908203125,2858.449951171875
2018-08-08,48.789268493652344,253.8300018310547,94.32599639892578,118.44147491455078,62.5121955871582,162.580078125,105.19420623779297,94.78514099121094,36.125587463378906,193.87713623046875,183.56797790527344,100.97168731689453,34.76100158691406,6.389052391052246,88.59147644042969,66.8822021484375,24.689332962036133,132.74249267578125,26.56546401977539,56.01091003417969,2857.699951171875
2018-08-09,49.172996520996094,253.8000030517578,94.9260025024414,117.43265533447266,62.66731643676758,162.6293487548828,105.21822357177734,94.0528564453125,36.28214645385742,194.58438110351562,181.49615478515625,101.13771057128906,34.93600082397461,6.3405938148498535,88.75540161132812,66.11063385009766,23.496667861938477,132.11024475097656,26.41116714477539,55.726463317871094,2853.580078125
2018-08-10,49.02652359008789,253.6999969482422,94.31500244140625,115.2284164428711,62.075069427490234,161.16786193847656,104.85734558105469,93.12747955322266,36.07078552246094,193.6764678955078,178.69081115722656,100.51979064941406,34.58700180053711,6.299307823181152,88.10749816894531,66.13499450683594,23.69933319091797,131.84605407714844,26.75833511352539,55.670379638671875,2833.280029296875
2018-08-13,49.34308624267578,253.5399932861328,94.80999755859375,114.4654541015625,61.883270263671875,159.3944549560547,104.43231201171875,91.64681243896484,35.875099182128906,193.35150146484375,178.4826202392578,99.7912826538086,34.13100051879883,6.332188129425049,88.224609375,66.20808410644531,23.76066780090332,132.29893493652344,26.59810447692871,55.06753921508789,2821.929931640625
2018-08-14,49.550987243652344,256.04998779296875,95.98249816894531,114.38064575195312,62.35409164428711,158.5406036376953,103.85492706298828,92.25836944580078,35.922061920166016,194.8519744873047,179.53341674804688,101.03623962402344,33.749000549316406,6.463470935821533,88.28704071044922,66.03753662109375,23.176000595092773,132.8179168701172,26.957138061523438,54.892303466796875,2839.9599609375
2018-08-15,49.666725158691406,250.52000427246094,94.13099670410156,111.9221420288086,61.069480895996094,159.27130126953125,104.6007308959961,91.49392700195312,36.07078552246094,191.37313842773438,177.96717834472656,99.66614532470703,32.63999938964844,6.405372142791748,88.56027221679688,66.84160614013672,22.57933235168457,132.02525329589844,26.770200729370117,53.9319953918457,2818.3701171875
2018-08-16,50.39435577392578,248.88999938964844,94.32599639892578,115.5167007446289,60.665069580078125,160.42080688476562,106.24476623535156,92.3549575805664,36.18038558959961,194.58438110351562,173.17921447753906,99.64764404296875,32.24399948120117,6.364824295043945,89.18473815917969,67.97051239013672,22.363332748413086,132.91358947753906,29.268598556518555,54.67499542236328,2840.68994140625
2018-08-17,51.40073013305664,245.6999969482422,94.11100006103516,118.1278076171875,60.25817108154297,160.5603485107422,107.84068298339844,92.3549575805664,36.47783279418945,194.2117156982422,172.2870330810547,99.59209442138672,31.67799949645996,6.052812099456787,89.73897552490234,67.97051239013672,20.366666793823242,133.55621337890625,29.03418731689453,54.85725784301758,2850.1298828125
2018-08-20,50.89989471435547,249.75999450683594,93.83550262451172,117.55980682373047,60.56050109863281,162.5061798095703,109.77342987060547,92.23426055908203,36.57960891723633,195.68345642089844,170.99835205078125,98.934814453125,32.77299880981445,6.12747859954834,89.64529418945312,67.92990112304688,20.562667846679688,133.18771362304688,28.48525047302246,55.24279022216797,2857.050048828125
2018-08-21,50.80067443847656,251.5,94.1709976196289,118.6788330078125,60.33549118041992,164.39454650878906,108.54641723632812,92.79756164550781,36.18038558959961,194.09695434570312,171.1173095703125,98.11089324951172,33.801998138427734,6.262964248657227,88.7710189819336,68.14102935791016,21.459999084472656,132.337158203125,28.50899314880371,55.25681686401367,2862.9599609375
2018-08-22,50.80304718017578,255.5399932861328,95.24500274658203,118.37362670898438,60.55057907104492,163.3600616455078,107.95295715332031,92.5158920288086,35.953372955322266,195.26295471191406,172.12843322753906,99.11071014404297,34.444000244140625,6.497837066650391,87.61573028564453,67.72686767578125,21.44266700744629,133.3766632080078,28.3873291015625,56.048892974853516,2861.820068359375
2018-08-23,50.90699005126953,257.0,95.1449966430664,115.96598815917969,60.52134323120117,164.33706665039062,108.35393524169922,92.3227767944336,35.77333068847656,196.1326446533203,171.39486694335938,99.57357025146484,33.91699981689453,6.597224712371826,87.37374877929688,67.60503387451172,21.34000015258789,134.28387451171875,28.241931915283203,55.432044982910156,2856.97998046875
2018-08-24,51.06526184082031,261.510009765625,95.26950073242188,117.1698226928711,61.29399108886719,165.2730255126953,109.027587890625,92.28253173828125,35.71854019165039,200.1275634765625,173.12965393066406,100.35120391845703,35.88199996948242,6.73023796081543,87.54547119140625,67.70248413085938,21.521333694458008,136.26840209960938,28.173694610595703,55.81056594848633,2874.68994140625
2018-08-27,51.48576736450195,262.3999938964844,96.38400268554688,120.41679382324219,62.261409759521484,165.83132934570312,108.92263793945312,93.91605377197266,35.7655029296875,202.16326904296875,175.91519165039062,101.46211242675781,36.45800018310547,6.821220397949219,87.74842071533203,67.76746368408203,21.284666061401367,137.40234375,28.05204200744629,56.357322692871094,2896.739990234375
2018-08-28,51.90154266357422,263.0400085449219,96.64099884033203,120.38285064697266,61.74549102783203,165.8231201171875,108.4382553100586,93.45741271972656,35.5150146484375,203.2145538330078,174.7256317138672,102.0730972290039,36.8489990234375,6.783641815185547,86.78045654296875,67.79995727539062,20.790666580200195,137.21334838867188,28.506025314331055,56.273197174072266,2897.52001953125
2018-08-29,52.67641067504883,268.3599853515625,99.90499877929688,120.26420593261719,62.67673110961914,166.43377685546875,108.87421417236328,93.151611328125,35.483699798583984,205.06861877441406,174.36874389648438,103.70240020751953,36.80400085449219,6.889021396636963,87.46739959716797,67.80807495117188,20.333999633789062,138.94268798828125,28.378437042236328,56.679752349853516,2914.0400390625
2018-08-30,53.160701751708984,266.42999267578125,100.11900329589844,117.89039611816406,62.170719146728516,164.43673706054688,108.94689178466797,92.69294738769531,35.18624496459961,204.33267211914062,176.0936279296875,103.63762664794922,37.097999572753906,6.872199535369873,87.39714813232422,67.74310302734375,20.209999084472656,138.66867065429688,28.51492691040039,56.4344367980957,2901.1298828125
2018-08-31,53.77492141723633,263.510009765625,100.635498046875,117.71236419677734,61.04867172241211,165.682861328125,108.73698425292969,92.20207214355469,34.88877868652344,206.01478576660156,174.2002410888672,103.9893798828125,36.768001556396484,6.943195819854736,87.4361801147461,67.3695068359375,20.110666275024414,138.8103790283203,28.44371223449707,56.196102142333984,2901.52001953125
2018-09-04,53.94736862182617,266.67999267578125,101.97550201416016,117.19523620605469,60.03316879272461,169.23960876464844,107.95388793945312,92.66075897216797,35.03750228881836,207.218994140625,169.67002868652344,103.41542053222656,36.36000061035156,7.017900466918945,86.64775085449219,67.16646575927734,19.26333236694336,139.6703643798828,28.295347213745117,56.28020095825195,2896.719970703125
2018-09-05,53.59537124633789,256.1400146484375,99.74099731445312,119.18750762939453,59.42803955078125,168.47213745117188,109.68150329589844,92.21011352539062,35.52284622192383,201.80960083007812,165.72470092773438,100.43450164794922,34.11800003051758,6.887287616729736,88.30268096923828,67.64563751220703,18.715999603271484,134.822509765625,28.669219970703125,57.03024673461914,2888.60009765625
2018-09-06,52.70475769042969,259.75,97.91549682617188,120.01834106445312,58.679176330566406,169.9080047607422,110.49690246582031,91.81582641601562,35.82813262939453,203.3483428955078,161.1151580810547,100.66593170166016,34.645999908447266,6.746286392211914,89.33214569091797,67.12586212158203,18.729999542236328,136.55186462402344,28.6187744140625,56.399375915527344,2878.050048828125
2018-09-07,52.2795295715332,260.8699951171875,97.60350036621094,119.806396484375,58.36199188232422,170.18862915039062,110.86019134521484,91.99284362792969,35.78899002075195,201.7427520751953,161.62071228027344,100.1753158569336,34.86800003051758,6.7250142097473145,88.73397064208984,66.52484130859375,17.549333572387695,135.32337951660156,28.4348087310791,57.35969924926758,2871.679931640625
2018-09-10,51.577903747558594,265.3699951171875,96.95050048828125,120.4252700805664,58.23659896850586,173.86915588378906,110.77139282226562,91.50198364257812,36.05513381958008,202.2969970703125,162.7508087158203,101.25843048095703,34.840999603271484,6.796009063720703,89.38725280761719,66.90654754638672,19.03333282470703,136.15493774414062,28.75229835510254,57.275596618652344,2877.1298828125
2018-09-11,52.88194274902344,267.0,99.35749816894531,120.40825653076172,58.976539611816406,176.47694396972656,111.8208999633789,92.08136749267578,36.0238151550293,203.99822998046875,164.4954833984375,102.98033905029297,35.59299850463867,6.748266696929932,89.1983413696289,66.60604858398438,18.62933349609375,137.48736572265625,28.675153732299805,58.08169174194336,2887.889892578125
2018-09-12,52.22520446777344,267.7900085449219,99.5,122.31575775146484,58.06512451171875,174.93373107910156,112.50711822509766,90.99504852294922,36.196041107177734,204.55250549316406,160.58975219726562,103.41542053222656,36.994998931884766,6.63447380065918,89.60763549804688,67.49945068359375,19.369333267211914,138.5079803466797,28.476350784301758,58.27095031738281,2888.919921875
2018-09-13,53.48670959472656,268.5199890136719,99.49349975585938,123.3839340209961,58.587493896484375,172.8459014892578,112.93497467041016,91.34907531738281,36.18025207519531,207.60128784179688,159.95535278320312,104.52633666992188,36.814998626708984,6.712150573730469,90.5048599243164,67.77558898925781,19.297332763671875,139.50965881347656,28.224136352539062,57.70317840576172,2904.179931640625
2018-09-14,52.87958526611328,274.69000244140625,98.5094985961914,122.84135437011719,58.38131332397461,172.5323028564453,112.612060546875,91.3330078125,36.306556701660156,208.30848693847656,160.90696716308594,104.95217895507812,36.45600128173828,6.838062286376953,90.17431640625,67.90553283691406,19.68000030517578,139.70814514160156,28.06688117980957,58.123741149902344,2904.97998046875
2018-09-17,51.471595764160156,268.25,95.40149688720703,123.9604263305664,57.48179626464844,171.97940063476562,112.99150085449219,91.60657501220703,36.56706619262695,206.8844757080078,159.18214416503906,103.8134994506836,35.03499984741211,6.776219367980957,90.82756805419922,68.4253158569336,19.6560001373291,138.139404296875,28.13512420654297,58.46723556518555,2888.800048828125
2018-09-18,51.55663299560547,270.7900085449219,97.05249786376953,126.37655639648438,57.842594146728516,174.14149475097656,113.45973205566406,91.97676086425781,36.259193420410156,210.3059844970703,158.90457153320312,104.80403137207031,36.76499938964844,6.704234600067139,89.70992279052734,68.2222671508789,18.997333526611328,139.50965881347656,28.316120147705078,58.621421813964844,2904.31005859375
2018-09-19,51.58735275268555,264.8800048828125,96.32099914550781,129.5048370361328,58.197452545166016,174.6861572265625,113.39515686035156,94.64834594726562,36.28287887573242,208.5283203125,161.64053344726562,103.40615844726562,36.69599914550781,6.727982521057129,89.54464721679688,68.2222671508789,19.934667587280273,139.3112335205078,28.259746551513672,59.322383880615234,2907.949951171875
2018-09-20,51.97950744628906,266.3399963378906,97.21499633789062,132.25160217285156,59.05484390258789,174.17449951171875,114.62226104736328,95.46106719970703,36.819698333740234,211.5865936279297,164.5747833251953,105.13731384277344,36.5359992980957,6.586981773376465,90.68589782714844,69.32682800292969,19.8886661529541,141.0311279296875,28.411075592041016,59.45557403564453,2930.75
2018-09-21,51.41960906982422,260.8800048828125,95.75050354003906,132.57373046875,58.09089660644531,175.2720947265625,115.34890747070312,94.83342742919922,36.7723388671875,212.0740203857422,161.51165771484375,105.77608489990234,36.11899948120117,6.5169758796691895,90.44192504882812,69.70042419433594,19.940000534057617,141.7965850830078,28.455577850341797,59.70090866088867,2929.669921875
2018-09-24,52.1590461730957,264.0899963378906,96.71800231933594,130.55606079101562,58.45962905883789,171.64102172851562,113.4032211303711,93.92413330078125,36.36970901489258,211.54840087890625,163.97006225585938,106.15563201904297,36.96099853515625,6.572633266448975,88.3640365600586,68.44154357910156,19.978666305541992,140.90821838378906,28.1647891998291,60.703285217285156,2919.3701171875
2018-09-25,52.489776611328125,267.8399963378906,98.72750091552734,130.63233947753906,59.169830322265625,171.2036895751953,111.92586517333984,93.65856170654297,36.061832427978516,212.28428649902344,163.47442626953125,105.95196533203125,36.94300079345703,6.639669895172119,88.1279296875,67.50757598876953,20.06599998474121,141.35238647460938,28.218202590942383,60.6331901550293,2915.56005859375
2018-09-26,52.07163619995117,268.4700012207031,98.74250030517578,129.85240173339844,59.17825698852539,171.25318908691406,111.5383529663086,92.5561294555664,36.196041107177734,212.41806030273438,165.49668884277344,105.51687622070312,37.78799819946289,6.602812767028809,87.75801086425781,67.62126159667969,20.6386661529541,141.0594482421875,28.06688117980957,60.12849426269531,2905.969970703125
2018-09-27,53.14180374145508,269.9100036621094,100.64900207519531,129.25897216796875,59.837406158447266,170.6920623779297,111.5867919921875,92.1537857055664,36.322349548339844,212.46585083007812,167.37020874023438,105.91493225097656,38.07099914550781,6.614686012268066,87.4038314819336,67.2964096069336,20.501333236694336,141.7682647705078,27.930377960205078,60.12149429321289,2914.0
2018-09-28,53.32842254638672,269.95001220703125,100.1500015258789,129.2759246826172,59.82352828979492,170.9478302001953,111.54642486572266,90.80189514160156,36.46445083618164,212.75259399414062,163.0283660888672,105.87791442871094,37.41299819946289,6.951603412628174,87.99412536621094,67.59690856933594,17.65133285522461,141.83433532714844,27.8651065826416,59.595741271972656,2913.97998046875
2018-10-01,53.6875,275.489990234375,100.21800231933594,129.09788513183594,59.89539337158203,171.3192138671875,112.77352905273438,91.3330078125,36.49601364135742,213.8612518310547,161.02593994140625,107.02584838867188,38.143001556396484,7.15791130065918,87.13619995117188,67.95426940917969,20.713333129882812,142.49586486816406,28.010499954223633,60.14952850341797,2924.590087890625
2018-10-02,54.16471481323242,272.0,98.56549835205078,131.25125122070312,59.851287841796875,168.96722412109375,113.41130065917969,91.7112045288086,36.717071533203125,212.52322387695312,157.94302368164062,106.59999084472656,37.7140007019043,7.086669445037842,85.56995391845703,68.51465606689453,20.06800079345703,141.43748474121094,28.23303985595703,60.605140686035156,2923.429931640625
2018-10-03,54.82381057739258,270.510009765625,97.63800048828125,134.1336669921875,60.04407501220703,168.13375854492188,112.24068450927734,92.57221984863281,36.21183395385742,213.2495574951172,161.0160369873047,106.61852264404297,37.70500183105469,7.092854022979736,84.62548065185547,67.43445587158203,19.65333366394043,141.15394592285156,27.912580490112305,60.38784408569336,2925.510009765625
2018-10-04,53.85995864868164,263.7099914550781,95.47100067138672,132.88746643066406,58.33622360229492,164.09841918945312,112.49905395507812,93.40687561035156,36.196041107177734,206.57862854003906,157.46719360351562,104.41524505615234,36.3650016784668,6.90880823135376,83.90924072265625,66.53295135498047,18.788667678833008,138.68753051757812,27.954120635986328,59.98831558227539,2901.610107421875
2018-10-05,52.98587417602539,263.2200012207031,94.48249816894531,129.97113037109375,57.878273010253906,162.06007385253906,112.2972183227539,92.8801498413086,36.21971130371094,204.05262756347656,155.96043395996094,103.80425262451172,35.1349983215332,6.675539493560791,83.8147964477539,66.71976470947266,17.463333129882812,137.364501953125,27.687068939208984,59.8200798034668,2885.570068359375
2018-10-08,52.863033294677734,254.69000244140625,93.22100067138672,130.00497436523438,57.28801345825195,163.7353057861328,112.53134155273438,93.44740295410156,36.69337463378906,199.2685089111328,155.88113403320312,102.61925506591797,34.90999984741211,6.574365615844727,85.15283203125,66.92281341552734,16.70400047302246,134.08541870117188,28.096546173095703,60.373817443847656,2884.429931640625
2018-10-09,53.59537124633789,254.16000366210938,93.51599884033203,126.70723724365234,56.75524139404297,161.54010009765625,112.37794494628906,92.79913330078125,36.6223258972168,200.7037353515625,156.5254364013672,103.92459106445312,35.57099914550781,6.568676471710205,85.09772491455078,66.76038360595703,17.520000457763672,134.48231506347656,28.80571174621582,60.64020538330078,2880.340087890625
2018-10-10,51.11252212524414,237.91000366210938,87.76249694824219,121.84100341796875,54.128028869628906,159.84841918945312,111.19119262695312,90.32759094238281,36.061832427978516,188.19801330566406,150.0622100830078,98.27751159667969,32.5890007019043,6.077643394470215,84.48381042480469,66.14311981201172,17.125333786010742,128.06582641601562,28.414039611816406,59.24525833129883,2785.679931640625
2018-10-11,50.661293029785156,238.58999633789062,85.96800231933594,119.50963592529297,54.05765914916992,156.58045959472656,108.05071258544922,87.62110137939453,35.24080276489258,186.11212158203125,152.0150909423828,98.04608154296875,32.11000061035156,5.816422939300537,82.68927764892578,64.05583190917969,16.815332412719727,126.37422943115234,27.868070602416992,57.19846725463867,2728.3701171875
2018-10-12,52.47087860107422,248.8699951171875,89.43049621582031,120.44219207763672,55.53455352783203,158.83340454101562,108.07495880126953,86.6648941040039,35.272396087646484,195.40293884277344,152.40167236328125,101.43431091308594,33.95600128173828,6.0986714363098145,82.86243438720703,64.21014404296875,17.25200080871582,132.3560791015625,28.13214874267578,57.044281005859375,2767.1298828125
2018-10-15,51.3487434387207,238.00999450683594,88.04750061035156,120.21331024169922,54.63751220703125,157.76052856445312,108.1395492553711,86.17060852050781,35.45395278930664,191.6713409423828,152.18357849121094,99.610595703125,33.3129997253418,5.822606563568115,83.1379165649414,65.07917785644531,17.305999755859375,129.68173217773438,27.838397979736328,56.651729583740234,2750.7900390625
2018-10-16,52.480323791503906,260.6700134277344,90.99800109863281,121.83256530761719,56.15604782104492,159.7493896484375,110.24665069580078,88.0181655883789,35.91183853149414,198.8092498779297,157.39779663085938,102.75812530517578,34.63999938964844,6.081108570098877,84.52314758300781,65.79389190673828,18.439332962036133,133.9436492919922,28.428876876831055,56.91808319091797,2809.919921875
2018-10-17,52.2535400390625,258.9100036621094,91.58650207519531,119.82332611083984,55.883968353271484,152.80914306640625,112.58783721923828,88.9986572265625,36.20393753051758,198.426513671875,158.03224182128906,102.48966979980469,36.470001220703125,6.012585163116455,85.24726867675781,66.4842300415039,18.118667602539062,134.61459350585938,28.65141487121582,57.12837600708008,2809.2099609375
2018-10-18,51.03219223022461,250.35000610351562,88.53600311279297,115.12671661376953,54.41301345825195,148.90577697753906,112.6201400756836,87.58869171142578,36.0065803527832,194.82879638671875,153.57139587402344,100.44377136230469,34.67100143432617,5.925265312194824,84.94816589355469,65.74436950683594,17.5939998626709,131.62841796875,28.535694122314453,57.37371063232422,2768.780029296875
2018-10-19,51.80941390991211,245.02999877929688,88.20149993896484,112.03825378417969,54.773311614990234,148.41893005371094,112.25685119628906,87.44283294677734,36.5749626159668,194.29299926757812,152.708984375,100.59188079833984,33.266998291015625,5.668988227844238,86.80567169189453,71.52894592285156,17.333332061767578,132.3749542236328,28.826478958129883,57.45782470703125,2767.780029296875
2018-10-22,52.1259765625,251.05999755859375,89.46499633789062,109.81144714355469,55.08009338378906,147.5111083984375,111.9581527709961,86.18682098388672,36.29077911376953,195.6708526611328,153.43260192871094,101.4898681640625,32.95399856567383,5.719699859619141,86.10517883300781,70.95539855957031,17.39666748046875,132.90415954589844,28.823516845703125,56.883026123046875,2755.8798828125
2018-10-23,52.61735153198242,251.75999450683594,88.43499755859375,101.5101318359375,55.25553512573242,147.32958984375,112.15995788574219,85.2873306274414,36.598655700683594,193.69020080566406,153.0460205078125,100.07347106933594,33.316001892089844,5.468371391296387,86.67974853515625,71.41425323486328,19.609333038330078,131.46778869628906,29.019350051879883,55.96479415893555,2740.68994140625
2018-10-24,50.81248474121094,238.44000244140625,83.20999908447266,95.84503936767578,52.39143371582031,146.04217529296875,110.98128509521484,83.69910430908203,36.890750885009766,187.2412109375,144.76866149902344,94.72264862060547,30.183000564575195,4.9328131675720215,88.90711212158203,73.29876708984375,19.233333587646484,126.87511444091797,28.94813346862793,54.40863800048828,2656.10009765625
2018-10-25,51.9251708984375,252.9199981689453,89.1084976196289,98.6520004272461,54.69450759887695,147.7751922607422,111.78863525390625,84.97132110595703,36.717071533203125,195.38381958007812,149.63595581054688,100.25862121582031,31.28700065612793,5.141348838806152,88.820556640625,72.9218521118164,20.99066734313965,132.79075622558594,29.428829193115234,54.892303466796875,2705.570068359375
2018-10-26,51.09832763671875,245.8000030517578,82.1405029296875,98.15717315673828,53.71122741699219,142.1305389404297,110.57762908935547,83.80442810058594,36.25128936767578,188.9635009765625,144.1045379638672,99.01811218261719,29.982999801635742,4.90510892868042,86.93159484863281,71.98777770996094,22.059999465942383,130.16366577148438,29.35761260986328,54.34556579589844,2658.68994140625
2018-10-29,50.13921356201172,239.75,76.94400024414062,97.24427795410156,51.281776428222656,142.9310302734375,111.04585266113281,84.96322631835938,36.67759704589844,182.7919921875,140.8531036376953,96.13904571533203,28.483999252319336,4.591691970825195,88.85202026367188,72.29912567138672,22.323333740234375,126.9412841796875,29.61279296875,54.00909423828125,2641.25
2018-10-30,50.389617919921875,238.41000366210938,76.52100372314453,100.21331024169922,52.014278411865234,145.4397735595703,113.62931060791016,86.4623031616211,37.601253509521484,179.62490844726562,144.94712829589844,96.0279769897461,28.58099937438965,5.021620273590088,89.54464721679688,73.07752990722656,21.99333381652832,125.45758056640625,30.390201568603516,55.22175216674805,2682.6298828125
2018-10-31,51.703102111816406,245.75999450683594,79.90049743652344,103.50653076171875,54.04972839355469,145.1427001953125,113.01573181152344,88.34230041503906,37.79861068725586,189.13572692871094,150.46864318847656,98.87923431396484,30.17799949645996,5.2153120040893555,88.45063781738281,72.65963745117188,22.488000869750977,130.2676239013672,29.75522232055664,55.85263442993164,2711.739990234375
2018-11-01,52.49687194824219,245.27999877929688,83.27649688720703,106.39025115966797,53.82175064086914,148.9222869873047,113.6858139038086,88.30987548828125,37.688087463378906,191.08767700195312,150.4290008544922,98.05533599853516,31.738000869750977,5.395398139953613,87.76586151123047,73.40526580810547,22.95199966430664,133.08370971679688,29.84423828125,56.54659652709961,2740.3701171875
2018-11-02,49.01470947265625,239.63999938964844,83.27649688720703,107.32020568847656,53.10362243652344,148.48489379882812,113.5727767944336,87.82366180419922,37.893341064453125,189.18357849121094,149.0412139892578,98.27751159667969,30.90999984741211,5.31648588180542,87.4982681274414,73.58551025390625,23.0939998626709,132.09146118164062,30.069746017456055,57.44380569458008,2723.06005859375
2018-11-05,47.6232795715332,239.88999938964844,81.38999938964844,107.84916687011719,52.322547912597656,150.34991455078125,114.79986572265625,88.39901733398438,38.438053131103516,189.4322967529297,147.3857421875,99.52728271484375,31.54400062561035,5.238565444946289,90.03260803222656,74.7243881225586,22.760000228881836,132.11038208007812,30.535594940185547,57.22651290893555,2738.31005859375
2018-11-06,48.138267517089844,240.55999755859375,82.1405029296875,110.34042358398438,53.00845718383789,150.2013702392578,115.09859466552734,88.8122787475586,38.76961898803711,190.5518035888672,148.63473510742188,99.72169494628906,31.083999633789062,5.221000671386719,90.67801666259766,74.97840118408203,22.737333297729492,133.04588317871094,30.660219192504883,57.47185134887695,2755.449951171875
2018-11-07,49.59821319580078,253.42999267578125,87.77449798583984,115.26322937011719,54.92496871948242,154.50914001464844,116.85851287841797,90.33572387695312,38.974876403808594,199.24940490722656,150.21092224121094,103.64685821533203,32.75,5.288532733917236,90.99285888671875,74.79813385009766,23.21066665649414,136.8164520263672,30.953975677490234,58.200836181640625,2813.889892578125
2018-11-08,49.4251708984375,249.9600067138672,87.74549865722656,112.09794616699219,54.25044631958008,155.14456176757812,117.30253601074219,91.06499481201172,38.94329071044922,199.84262084960938,146.582763671875,103.45245361328125,31.79199981689453,5.095583915710449,91.34703826904297,74.8554916381836,23.426666259765625,137.24168395996094,31.120134353637695,57.275596618652344,2806.830078125
2018-11-09,48.47218704223633,244.83999633789062,85.62149810791016,108.27574920654297,53.37769317626953,153.48585510253906,117.33484649658203,90.18174743652344,39.219608306884766,196.74253845214844,143.69815063476562,101.43431091308594,30.347000122070312,5.087669372558594,92.46464538574219,75.71583557128906,23.367332458496094,136.01318359375,31.3218994140625,57.26143264770508,2781.010009765625
2018-11-12,46.030433654785156,236.6699981689453,81.84249877929688,106.64620971679688,52.00684356689453,148.07228088378906,117.56090545654297,88.28556060791016,39.36960220336914,190.54226684570312,140.31777954101562,98.934814453125,29.406999588012695,4.688661098480225,92.06327056884766,75.95344543457031,22.0853328704834,132.03472900390625,30.820453643798828,56.5250358581543,2726.219970703125
2018-11-13,45.57053756713867,238.74000549316406,81.55850219726562,107.4652328491211,51.937957763671875,147.71742248535156,116.80201721191406,88.80418395996094,39.3617057800293,189.61415100097656,140.92245483398438,98.99958801269531,29.440000534057617,4.930339813232422,92.19705200195312,76.58433532714844,22.582000732421875,132.03472900390625,30.544504165649414,55.229251861572266,2722.179931640625
2018-11-14,44.28328323364258,235.22000122070312,79.95050048828125,106.73151397705078,52.26554870605469,148.4601593017578,116.45487213134766,86.97286224365234,39.28276062011719,189.04962158203125,142.9645538330078,97.59567260742188,28.67300033569336,4.877896785736084,91.81141662597656,76.60072326660156,22.933332443237305,131.8174285888672,30.12611961364746,54.79734802246094,2701.580078125
2018-11-15,45.37614822387695,239.9499969482422,80.97200012207031,110.41722106933594,53.081809997558594,146.36404418945312,116.65666198730469,89.19313049316406,39.2669792175293,192.0444793701172,142.59776306152344,99.74337768554688,29.006000518798828,5.00653076171875,91.92945861816406,76.87928771972656,23.229333877563477,134.27882385253906,29.535648345947266,55.363792419433594,2730.199951171875
2018-11-16,45.87872314453125,238.88999938964844,79.67050170898438,110.87793731689453,52.94403076171875,146.08348083496094,117.859619140625,89.12832641601562,39.60643768310547,190.4465789794922,138.3153839111328,100.68244171142578,28.621000289916992,4.067512035369873,93.14942169189453,76.87109375,23.62066650390625,132.70729064941406,28.98670768737793,55.909000396728516,2736.27001953125
2018-11-19,44.060462951660156,219.69000244140625,75.614501953125,107.48228454589844,50.91948318481445,143.2528839111328,119.26432800292969,89.80899047851562,39.87484359741211,181.10797119140625,130.4048614501953,97.270263671875,27.059999465942383,3.5794501304626465,93.66887664794922,76.43683624267578,23.564666748046875,127.57622528076172,28.71668815612793,56.093101501464844,2690.72998046875
2018-11-20,41.9553337097168,219.72999572753906,74.77300262451172,104.31704711914062,51.06964874267578,139.5063018798828,118.23099517822266,87.88041687011719,38.98276901245117,178.9838104248047,131.2771759033203,94.56471252441406,26.697999954223633,3.6877987384796143,91.2998046875,75.46180725097656,23.166000366210938,126.26032257080078,27.939285278320312,54.49995803833008,2641.889892578125
2018-11-21,41.90791320800781,225.97999572753906,75.83650207519531,105.68212127685547,51.712955474853516,139.712646484375,114.63035583496094,87.22402954101562,38.469635009765625,179.5579071044922,133.64637756347656,95.86637878417969,26.21299934387207,3.579697370529175,90.73311614990234,74.89647674560547,22.54599952697754,127.25434875488281,27.942256927490234,54.91771697998047,2649.929931640625
2018-11-23,40.843509674072266,225.55999755859375,75.10299682617188,104.35970306396484,51.052310943603516,139.34129333496094,114.82410430908203,86.42180633544922,38.69857406616211,174.7163848876953,130.58328247070312,95.82917785644531,25.881999969482422,3.5868725776672363,90.83544158935547,75.00298309326172,21.722000122070312,125.7869873046875,28.218202590942383,53.45201873779297,2632.56005859375
2018-11-26,41.39585876464844,231.9600067138672,79.06649780273438,106.4755630493164,52.332950592041016,140.14173889160156,114.85658264160156,88.53678131103516,38.58015060424805,183.5670166015625,135.1927947998047,98.99030303955078,26.14299964904785,3.7860045433044434,91.18962097167969,75.3307113647461,23.066667556762695,128.6933135986328,28.23303985595703,54.50703811645508,2673.449951171875
2018-11-27,41.3057861328125,232.25,79.07099914550781,106.30493927001953,52.15155792236328,142.94754028320312,116.35965728759766,88.90951538085938,38.974876403808594,184.6482391357422,133.82481384277344,99.61324310302734,26.663000106811523,3.8028266429901123,91.64612579345703,75.96981048583984,22.92799949645996,128.66494750976562,28.20039939880371,54.55659866333008,2682.169921875
2018-11-28,42.894100189208984,249.2100067138672,83.88749694824219,111.5689926147461,54.10969924926758,147.2976531982422,118.97574615478516,89.89815521240234,39.2432861328125,193.54672241210938,135.56948852539062,103.31362915039062,28.264999389648438,3.9596588611602783,93.26748657226562,76.2073974609375,23.191333770751953,133.84335327148438,28.91846466064453,55.54788589477539,2743.7900390625
2018-11-29,42.56458282470703,249.08999633789062,83.67849731445312,111.10826873779297,54.24797439575195,145.82827758789062,118.49639892578125,89.1850357055664,38.97275924682617,188.16937255859375,137.47276306152344,102.44895935058594,28.875,3.8965165615081787,93.08645629882812,76.05172729492188,22.744667053222656,131.68492126464844,28.86802101135254,55.97980499267578,2737.800048828125
2018-11-30,42.33462905883789,250.88999938964844,84.50849914550781,115.74952697753906,54.99484634399414,149.69686889648438,119.34947204589844,90.10072326660156,40.10264587402344,192.38893127441406,139.385986328125,103.09982299804688,28.613000869750977,4.04681921005249,95.97498321533203,77.43644714355469,23.365333557128906,134.15576171875,28.974838256835938,56.291378021240234,2760.169921875
2018-12-03,43.813899993896484,255.25999450683594,88.61799621582031,118.54792022705078,55.32740020751953,150.87570190429688,118.78887176513672,90.95156860351562,39.537696838378906,200.79937744140625,139.86180114746094,104.21549224853516,29.030000686645508,4.210495948791504,93.645263671875,76.46141815185547,23.89933204650879,137.27037048339844,29.301239013671875,57.50923538208008,2790.3701171875
2018-12-04,41.8865852355957,245.82000732421875,83.41999816894531,110.33191680908203,52.656585693359375,145.5294189453125,118.64260864257812,86.89178466796875,39.450172424316406,191.83392333984375,136.7292938232422,100.89628601074219,27.533000946044922,3.8903257846832275,92.71652221679688,76.45321655273438,23.979999542236328,131.24945068359375,28.428876876831055,56.24180603027344,2700.06005859375
2018-12-06,41.419559478759766,250.6300048828125,84.95950317382812,109.52136993408203,53.43022537231445,146.0773162841797,118.54515075683594,85.23871612548828,39.29103088378906,194.22601318359375,138.4145050048828,101.51922607421875,28.288000106811523,3.9195451736450195,92.69113159179688,76.64984130859375,24.20400047302246,133.53099060058594,28.273738861083984,55.50543212890625,2695.949951171875
2018-12-07,39.94267272949219,238.0,81.45649719238281,105.40912628173828,51.86906051635742,143.44564819335938,118.15515899658203,83.69910430908203,39.06027603149414,188.01620483398438,136.22373962402344,97.45620727539062,26.513999938964844,3.6550889015197754,91.88197326660156,75.74858856201172,23.864667892456055,129.8009796142578,27.80236053466797,54.974365234375,2633.080078125
2018-12-10,40.20580291748047,244.08999633789062,82.05149841308594,105.27259063720703,52.196163177490234,142.53245544433594,118.01703643798828,82.1351547241211,39.17963790893555,189.50892639160156,140.61520385742188,100.03160858154297,26.969999313354492,3.7603273391723633,92.17549896240234,76.22379302978516,24.343332290649414,130.52992248535156,28.02611541748047,54.19548797607422,2637.719970703125
2018-12-11,39.975852966308594,245.33999633789062,82.16200256347656,105.14460754394531,52.615943908691406,142.96412658691406,119.02449798583984,81.33292388916016,39.41835021972656,189.20272827148438,140.84315490722656,100.96137237548828,26.531999588012695,3.6694509983062744,93.04814147949219,76.94483184814453,24.450666427612305,129.5169219970703,27.999267578125,54.294620513916016,2636.780029296875
2018-12-12,40.08727264404297,245.5500030517578,83.177001953125,106.96187591552734,53.214637756347656,144.62452697753906,119.51197052001953,81.8596420288086,39.16372299194336,191.64263916015625,143.24212646484375,101.41694641113281,27.488000869750977,3.6870322227478027,92.81806945800781,77.04314422607422,24.440000534057617,130.45419311523438,27.778493881225586,53.82728958129883,2651.070068359375
2018-12-13,40.525848388671875,248.0800018310547,82.91899871826172,107.41405487060547,53.20521545410156,144.34226989746094,120.11317443847656,81.94070434570312,39.3626594543457,190.37008666992188,143.74766540527344,101.76094818115234,27.601999282836914,3.686784505844116,93.8890380859375,79.05873107910156,25.119333267211914,130.20802307128906,27.733739852905273,54.50703811645508,2650.5400390625
2018-12-14,39.22910690307617,230.0,79.59549713134766,108.15630340576172,52.12330627441406,143.03057861328125,108.05635833740234,81.26810455322266,39.259212493896484,186.89675903320312,142.80592346191406,98.58122253417969,26.68400001525879,3.6263656616210938,90.39846801757812,79.181640625,24.380666732788086,127.88864135742188,27.402584075927734,53.5157356262207,2599.949951171875
2018-12-17,38.864036560058594,221.3800048828125,76.04550170898438,106.19400787353516,50.831764221191406,139.44419860839844,104.92028045654297,80.23089599609375,38.455562591552734,182.22743225097656,138.96963500976562,95.66179656982422,26.280000686645508,3.5552988052368164,89.54167175292969,76.01077270507812,23.22800064086914,124.39531707763672,27.08037567138672,52.425315856933594,2545.93994140625
2018-12-18,39.36897659301758,226.17999267578125,77.5739974975586,106.02337646484375,51.71195983886719,141.1626739501953,105.9602279663086,79.85003662109375,38.447608947753906,183.33734130859375,142.409423828125,96.66595458984375,27.0939998626709,3.6384987831115723,88.72455596923828,75.78137969970703,22.468666076660156,125.58821868896484,27.17285919189453,50.98086929321289,2546.159912109375
2018-12-19,38.140995025634766,224.64999389648438,74.75399780273438,104.36823272705078,51.31795120239258,139.10385131835938,103.67724609375,78.83708953857422,38.1134033203125,179.04119873046875,132.08013916015625,96.40560150146484,26.677000045776367,3.4297566413879395,87.29660034179688,75.1832275390625,22.197999954223633,124.26280212402344,27.014738082885742,50.11701202392578,2506.9599609375
2018-12-20,37.17851638793945,218.64999389648438,73.04149627685547,103.70277404785156,50.72917556762695,136.2812957763672,104.21346282958984,78.15644073486328,37.826969146728516,174.82164001464844,132.23873901367188,94.37874603271484,26.058000564575195,3.3453187942504883,87.43145751953125,74.54413604736328,21.025333404541016,121.89608764648438,26.039165496826172,48.59467697143555,2467.419921875
2018-12-21,35.732444763183594,208.8000030517578,68.87249755859375,102.4400634765625,49.12688064575195,133.22618103027344,104.06721496582031,76.30887603759766,37.85083770751953,167.6263427734375,123.86228942871094,91.32917022705078,24.638999938964844,3.2083864212036133,86.80473327636719,74.53593444824219,21.31800079345703,117.6359634399414,25.994417190551758,48.23356246948242,2416.6201171875
2018-12-24,34.80789566040039,205.16000366210938,67.197998046875,99.77818298339844,48.80077362060547,131.28363037109375,99.80184173583984,74.66390228271484,36.56978225708008,167.109619140625,122.98003387451172,87.51721954345703,23.38800048828125,3.1467292308807373,84.11540222167969,71.57814025878906,19.69266700744629,115.24083709716797,25.603588104248047,46.38550567626953,2351.10009765625
2018-12-26,37.25912094116211,222.9499969482422,73.54499816894531,106.44143676757812,51.93199920654297,139.70156860351562,102.94602966308594,77.7593765258789,37.349552154541016,178.38099670410156,133.01194763183594,93.4955062866211,25.367000579833984,3.2957956790924072,85.94001770019531,73.81494140625,21.73933219909668,123.2877197265625,26.972976684570312,48.60175323486328,2467.699951171875
2018-12-27,37.01731872558594,225.13999938964844,73.08200073242188,108.07097625732422,52.182289123535156,141.39515686035156,103.51475524902344,78.6345443725586,37.819007873535156,180.54344177246094,133.3489990234375,94.07193756103516,25.55699920654297,3.248004913330078,86.80473327636719,75.39627838134766,21.075332641601562,124.97283172607422,27.32501220703125,48.81417465209961,2488.830078125
2018-12-28,37.03627014160156,223.1300048828125,73.9010009765625,107.16663360595703,51.874027252197266,141.31210327148438,103.40099334716797,78.4643783569336,37.556427001953125,178.1226348876953,132.0404815673828,93.33743286132812,25.607999801635742,3.3094146251678467,87.55045318603516,74.7080078125,22.257999420166016,123.95989990234375,27.486120223999023,48.268959045410156,2485.739990234375
2018-12-31,37.394248962402344,226.24000549316406,75.09850311279297,108.41226196289062,51.788780212402344,142.64041137695312,104.84717559814453,79.10453033447266,37.6757926940918,180.50518798828125,129.94883728027344,94.43453216552734,26.766000747680664,3.3057010173797607,87.6456298828125,75.31433868408203,22.18666648864746,124.90653991699219,27.790424346923828,48.28312301635742,2506.85009765625
2019-01-02,37.436912536621094,224.57000732421875,76.95649719238281,107.82357025146484,52.270503997802734,143.13018798828125,103.79098510742188,80.47399139404297,37.341609954833984,181.54811096191406,134.49888610839844,94.01615905761719,26.766000747680664,3.3730523586273193,86.69366455078125,74.78995513916016,20.674667358398438,125.83433532714844,27.847105026245117,49.34523010253906,2510.030029296875
2019-01-03,33.70792770385742,215.6999969482422,75.01399993896484,103.66864013671875,50.82284164428711,139.9755096435547,102.14169311523438,79.33028411865234,37.11085891723633,173.3577117919922,130.5931854248047,90.55750274658203,27.1200008392334,3.1692631244659424,85.8844985961914,74.26555633544922,20.02400016784668,121.29965209960938,27.70391082763672,48.58759689331055,2447.889892578125
2019-01-04,35.146881103515625,226.19000244140625,78.76950073242188,109.33369445800781,53.429725646972656,144.13470458984375,103.85598754882812,82.25485229492188,37.85083770751953,181.56724548339844,136.7491455078125,94.76924133300781,29.756999969482422,3.372309446334839,87.6456298828125,75.78137969970703,21.179332733154297,126.52539825439453,27.87694549560547,50.379005432128906,2531.93994140625
2019-01-07,35.06864929199219,229.25999450683594,81.47550201416016,109.40192413330078,53.32316970825195,146.973876953125,103.18977355957031,82.31201934814453,37.357513427734375,182.96421813964844,136.84825134277344,94.89010620117188,31.534000396728516,3.550842046737671,86.89201354980469,75.47819519042969,22.33066749572754,128.80691528320312,28.205120086669922,50.6409912109375,2549.68994140625
2019-01-08,35.73716735839844,232.67999267578125,82.8290023803711,110.7158203125,53.79152297973633,147.67955017089844,105.58650207519531,82.15682220458984,37.77922439575195,184.2964630126953,141.28927612304688,95.57811737060547,32.027000427246094,3.462441921234131,87.72499084472656,75.75675201416016,22.356666564941406,129.5074920654297,28.402023315429688,51.009185791015625,2574.409912109375
2019-01-09,36.344058990478516,235.42999267578125,82.97100067138672,111.14241027832031,53.60715103149414,149.20706176757812,104.74967956542969,82.01792907714844,37.055145263671875,187.64157104492188,142.9744415283203,96.94486236572266,31.996000289916992,3.5305368900299072,85.27360534667969,74.51956176757812,22.568666458129883,131.03167724609375,28.30954360961914,51.27824401855469,2584.9599609375
2019-01-10,36.4602165222168,237.77000427246094,82.81099700927734,113.43744659423828,53.46738815307617,148.65084838867188,105.3833999633789,82.00978088378906,37.45299530029297,188.7726287841797,142.94473266601562,96.32192993164062,32.465999603271484,3.596155881881714,85.79723358154297,74.69982147216797,22.99799919128418,131.27780151367188,28.330425262451172,51.016258239746094,2596.639892578125
2019-01-11,36.102256774902344,237.5500030517578,82.02799987792969,112.70367431640625,52.75571060180664,148.94140625,105.41588592529297,81.61766052246094,37.66782760620117,187.7661590576172,142.5482177734375,95.57811737060547,33.75899887084961,3.6852989196777344,85.80514526367188,75.19143676757812,23.150667190551758,130.70033264160156,28.29462242126465,50.7826042175293,2596.260009765625
2019-01-14,35.55938720703125,234.55999755859375,80.8604965209961,112.44776916503906,52.11339569091797,148.44332885742188,104.2215805053711,82.45907592773438,37.51666259765625,187.31568908691406,144.12437438964844,94.8808364868164,33.29399871826172,3.7251646518707275,85.1387710571289,74.68342590332031,22.293333053588867,129.79148864746094,28.327438354492188,50.718875885009766,2582.610107421875
2019-01-15,36.287166595458984,242.36000061035156,83.72799682617188,111.500732421875,53.848018646240234,146.500732421875,105.09903717041016,83.06359100341797,37.85083770751953,188.36048889160156,147.65338134765625,97.63287353515625,35.4640007019043,3.7110507488250732,86.4636001586914,75.38806915283203,22.961999893188477,130.0186767578125,28.715272903442383,50.747196197509766,2610.300048828125
2019-01-16,36.73047637939453,241.9499969482422,84.18900299072266,112.32827758789062,53.9966926574707,146.973876953125,104.02659606933594,83.73345947265625,37.33363723754883,189.55857849121094,146.25563049316406,97.97687530517578,35.138999938964844,3.685546636581421,85.94792175292969,74.86367797851562,23.06999969482422,130.0186767578125,28.7451229095459,50.725955963134766,2616.10009765625
2019-01-17,36.94857406616211,244.39999389648438,84.66100311279297,114.78544616699219,54.47297286987305,145.17242431640625,104.87966918945312,84.0765609741211,37.44504165649414,191.03453063964844,147.00900268554688,98.6648941040039,35.319000244140625,3.7568602561950684,86.64608001708984,74.85293579101562,23.15399932861328,129.9618682861328,28.86146354675293,51.07291030883789,2635.9599609375
2019-01-18,37.1761474609375,247.50999450683594,84.80999755859375,117.29270935058594,54.878379821777344,149.08253479003906,106.17961120605469,85.4407958984375,37.88265609741211,193.61289978027344,148.73388671875,100.14318084716797,33.90999984741211,3.885868549346924,87.32040405273438,75.4970932006836,20.150667190551758,131.1168670654297,29.15682601928711,51.68183898925781,2670.7099609375
2019-01-22,36.3416862487793,243.85000610351562,81.6084976196289,113.54895782470703,53.457481384277344,147.03199768066406,104.64408111572266,84.09288024902344,37.970191955566406,191.1783905029297,146.285400390625,98.25579833984375,32.51599884033203,3.683812141418457,87.19346618652344,74.68777465820312,19.92799949645996,130.69085693359375,29.085227966308594,50.90298080444336,2632.89990234375
2019-01-23,36.488670349121094,245.13999938964844,82.0009994506836,113.18833923339844,53.74394226074219,146.84939575195312,104.64408111572266,83.88050842285156,38.407814025878906,190.11444091796875,143.0438690185547,99.21346282958984,32.19900131225586,3.6966888904571533,87.8439712524414,78.3214111328125,19.172666549682617,129.70631408691406,29.449201583862305,50.485206604003906,2638.699951171875
2019-01-24,36.19945526123047,242.55999755859375,82.74649810791016,113.96971130371094,53.72361755371094,147.18148803710938,103.2060317993164,83.92951965332031,37.94631576538086,191.49464416503906,144.56051635742188,98.7392578125,32.66699981689453,3.90840220451355,86.86819458007812,77.87548828125,19.43400001525879,130.35952758789062,29.34478187561035,50.55601501464844,2642.330078125
2019-01-25,37.39897918701172,244.9499969482422,83.52850341796875,117.51599884033203,54.591426849365234,149.76329040527344,104.1809310913086,84.46049499511719,37.691688537597656,194.51385498046875,147.71282958984375,99.64112854003906,33.80500030517578,3.9656014442443848,86.74919891357422,77.29740905761719,19.80266761779785,131.27780151367188,28.921144485473633,50.7826042175293,2664.760009765625
2019-01-28,37.05287170410156,241.85000610351562,81.89450073242188,106.79133605957031,53.51844024658203,149.2900848388672,104.79844665527344,84.86080169677734,37.532569885253906,191.84934997558594,146.18624877929688,97.69795227050781,33.566001892089844,3.4173758029937744,86.3287353515625,77.23133850097656,19.7586669921875,128.74069213867188,28.95694351196289,50.44270324707031,2643.85009765625
2019-01-29,36.66883850097656,238.27000427246094,79.69400024414062,108.64603424072266,53.03274917602539,149.17384338378906,105.88710021972656,85.0976791381836,37.71556854248047,190.967529296875,142.934814453125,95.70829010009766,32.88999938964844,3.258652925491333,86.4715576171875,77.24785614013672,19.83066749572754,127.80343627929688,28.852519989013672,50.63390350341797,2640.0
2019-01-30,39.1745719909668,242.6699981689453,83.52149963378906,111.72003173828125,54.41697311401367,151.240966796875,106.95143127441406,85.29376220703125,38.08157730102539,195.54904174804688,149.110595703125,98.90663146972656,34.066001892089844,3.4020237922668457,87.91536712646484,78.05716705322266,20.584667205810547,130.26486206054688,28.282686233520508,51.186195373535156,2681.050048828125
2019-01-31,39.45669174194336,247.82000732421875,85.9365005493164,114.33895111083984,55.799713134765625,152.36172485351562,108.12134552001953,84.5503921508789,38.296424865722656,202.36383056640625,165.2389373779297,97.0936050415039,33.95000076293945,3.5595080852508545,89.38301086425781,79.66752624511719,20.468000411987305,127.81290435791016,28.58997917175293,51.88719177246094,2704.10009765625
2019-02-01,39.47565841674805,247.3800048828125,81.3115005493164,112.40693664550781,55.43940353393555,153.05909729003906,109.03128814697266,84.86080169677734,38.74997329711914,204.89422607421875,164.26748657226562,95.55955505371094,33.98500061035156,3.583775043487549,89.0022201538086,80.49334716796875,20.81399917602539,132.6789093017578,28.00225067138672,53.756492614746094,2706.530029296875
2019-02-04,40.596954345703125,254.74000549316406,81.66549682617188,112.38117218017578,56.56938552856445,154.76922607421875,107.9588851928711,85.16304779052734,39.187591552734375,205.98690795898438,167.77667236328125,98.31156921386719,35.13399887084961,3.693965196609497,89.71620178222656,80.95581817626953,20.859333038330078,133.95693969726562,28.273738861083984,52.977630615234375,2724.8701171875
2019-02-05,41.29153823852539,254.82000732421875,82.94049835205078,113.34290313720703,57.087284088134766,154.73602294921875,107.9588851928711,84.78728485107422,39.19554901123047,206.89744567871094,169.67002868652344,99.68759155273438,35.58100128173828,3.7130320072174072,89.56548309326172,80.46858978271484,21.42333221435547,134.9320526123047,28.5213565826416,53.522830963134766,2737.699951171875
2019-02-06,41.3057861328125,254.35000610351562,82.01300048828125,112.0892562866211,55.651031494140625,153.34962463378906,108.05635833740234,84.74642181396484,39.19554901123047,206.3606414794922,169.00587463378906,98.58122253417969,35.21900177001953,3.788555860519409,89.68449401855469,80.86495208740234,21.148000717163086,133.94747924804688,28.533296585083008,53.28917694091797,2731.610107421875
2019-02-07,40.52347183227539,253.74000549316406,80.71849822998047,110.5780258178711,54.80949020385742,152.8100128173828,107.2845458984375,83.63542938232422,39.32286071777344,205.08592224121094,164.931640625,97.8746109008789,34.47100067138672,3.6503846645355225,89.71620178222656,80.2208251953125,20.500667572021484,132.6977996826172,28.85848045349121,52.878475189208984,2706.050048828125
2019-02-08,40.57108688354492,257.0,79.41100311279297,110.42346954345703,54.634544372558594,153.2001953125,107.56890106201172,82.80216217041016,39.38651657104492,207.58755493164062,165.87338256835938,98.24649047851562,34.75699996948242,3.6689553260803223,89.66069793701172,80.69153594970703,20.386667251586914,132.89663696289062,28.515392303466797,52.96439743041992,2707.8798828125
2019-02-11,40.3377685546875,258.3900146484375,79.55000305175781,110.70680236816406,54.62165832519531,151.85533142089844,107.24391174316406,82.41004943847656,39.47404098510742,208.08596801757812,164.3467559814453,97.85598754882812,34.573001861572266,3.6263656616210938,89.62101745605469,81.1540298461914,20.856000900268555,133.2942657470703,28.700363159179688,53.05030059814453,2709.800048828125
2019-02-12,40.685367584228516,261.3699951171875,81.90049743652344,113.91820526123047,55.88347244262695,154.0137481689453,108.99883270263672,83.81515502929688,39.51383590698242,209.8208465576172,163.60328674316406,99.38078308105469,35.99700164794922,3.7432405948638916,90.27153778076172,81.97160339355469,20.78733253479004,134.42079162597656,28.930086135864258,53.98102569580078,2744.72998046875
2019-02-13,40.51633071899414,260.2300109863281,82.0,114.28742980957031,55.93550109863281,156.41297912597656,109.23442840576172,84.21543884277344,39.617271423339844,211.3831329345703,162.64175415039062,99.306396484375,35.176998138427734,3.78558349609375,90.53333282470703,81.9550552368164,20.544666290283203,135.8408966064453,29.21947479248047,54.58955383300781,2753.030029296875
2019-02-14,40.6639404296875,260.1400146484375,81.13249969482422,113.87525177001953,55.9637565612793,155.8318328857422,109.12067413330078,83.6680908203125,36.27537536621094,210.68348693847656,162.52281188964844,99.39009857177734,35.90700149536133,3.8264408111572266,89.31954193115234,81.31092071533203,20.251333236694336,135.7650146484375,29.39251708984375,54.603878021240234,2745.72998046875
2019-02-15,40.573455810546875,259.45001220703125,80.39749908447266,116.94922637939453,55.489463806152344,159.7170867919922,110.80244445800781,86.22505187988281,35.996891021728516,212.887939453125,161.08541870117188,100.61736297607422,35.6870002746582,3.896022081375122,91.95335388183594,81.32743835449219,20.525333404541016,137.4246063232422,29.831069946289062,55.63481140136719,2775.60009765625
2019-02-19,40.694889068603516,257.80999755859375,81.37899780273438,116.60579681396484,55.830440521240234,159.66720581054688,110.24185180664062,85.92278289794922,35.67066192626953,211.4310302734375,160.87722778320312,100.5708999633789,36.19200134277344,3.878687620162964,91.96920776367188,82.5744400024414,20.375999450683594,136.97886657714844,30.490402221679688,56.0070915222168,2779.760009765625
2019-02-20,40.95677185058594,258.1000061035156,81.1050033569336,120.47830963134766,55.53704071044922,159.2687530517578,110.77808380126953,86.33940124511719,35.88549041748047,211.92947387695312,161.1448974609375,100.04798126220703,35.99100112915039,3.92598295211792,91.88990783691406,81.98810577392578,20.17066764831543,137.25393676757812,29.798259735107422,56.22187423706055,2784.699951171875
2019-02-21,40.725830078125,257.760009765625,80.97200012207031,119.25045776367188,54.725242614746094,159.24386596679688,110.02246856689453,86.1596908569336,36.49021911621094,210.20420837402344,158.6468048095703,102.158203125,35.696998596191406,3.857145071029663,92.10407257080078,82.40100860595703,19.415332794189453,136.5616455078125,29.65207290649414,55.71354293823242,2774.8798828125
2019-02-22,41.18056869506836,258.8999938964844,81.5780029296875,119.07872772216797,55.337310791015625,159.7170867919922,110.98120880126953,85.7757339477539,36.028709411621094,214.0477294921875,160.48069763183594,103.61481475830078,36.301998138427734,3.941830635070801,92.62769317626953,82.78915405273438,19.6473331451416,138.33499145507812,29.699806213378906,56.14312744140625,2792.669921875
2019-02-25,41.48054885864258,258.6199951171875,81.6500015258789,121.42288208007812,55.3754768371582,157.71632385253906,111.3901138305664,86.67434692382812,35.75818634033203,214.0477294921875,163.18695068359375,104.19371032714844,36.39099884033203,3.929450035095215,92.0723648071289,82.22760772705078,19.917999267578125,138.51519775390625,29.571517944335938,56.200382232666016,2796.110107421875
2019-02-26,41.504371643066406,261.2200012207031,81.81999969482422,118.47767639160156,55.60741424560547,156.32164001464844,111.31651306152344,86.01263427734375,35.55925369262695,214.69944763183594,162.7012176513672,104.91267395019531,36.49700164794922,3.890077829360962,92.00093841552734,82.44232177734375,19.857332229614258,139.44456481933594,29.4432373046875,56.3149528503418,2793.89990234375
2019-02-27,41.63291931152344,262.8999938964844,82.05449676513672,119.8515396118164,55.651031494140625,152.47792053222656,111.12024688720703,85.90644836425781,35.75818634033203,215.24578857421875,161.39273071289062,104.73526000976562,36.2869987487793,3.8482303619384766,91.52498626708984,81.68255615234375,20.982667922973633,139.6152801513672,29.270198822021484,56.89483642578125,2792.3798828125
2019-02-28,41.223426818847656,262.5,81.99150085449219,117.92811584472656,55.832420349121094,153.6982879638672,111.74995422363281,85.2529067993164,36.07646560668945,215.43751525878906,160.04458618164062,104.60456085205078,35.810001373291016,3.8236918449401855,92.48307800292969,81.38523864746094,21.325332641601562,140.46875,29.532732009887695,56.57985305786133,2784.489990234375
2019-03-01,41.6567268371582,264.010009765625,83.58650207519531,118.03973388671875,56.92125701904297,153.72317504882812,113.14848327636719,85.3100814819336,36.10829162597656,217.81448364257812,160.86734008789062,105.07139587402344,35.731998443603516,3.8779754638671875,92.91494750976562,81.29438781738281,19.652666091918945,141.7490692138672,29.216489791870117,57.27427291870117,2803.68994140625
2019-03-04,41.866233825683594,258.1600036621094,84.80850219726562,118.7953872680664,57.16411209106445,152.59417724609375,113.25479125976562,85.1140365600586,36.3231086730957,216.89437866210938,165.9130096435547,104.81929779052734,35.104000091552734,3.8861563205718994,92.90695190429688,81.6495132446289,19.02400016784668,140.31707763671875,29.192626953125,57.49623107910156,2792.81005859375
2019-03-05,41.7900505065918,257.3800048828125,84.62149810791016,117.75637817382812,57.94568634033203,152.7518768310547,113.49200439453125,85.04869079589844,36.2833366394043,216.8272705078125,169.76914978027344,104.2964096069336,35.43000030517578,3.879711389541626,92.79496765136719,81.83116912841797,18.43600082397461,140.3075714111328,29.338808059692383,57.410301208496094,2789.64990234375
2019-03-06,41.549591064453125,256.3999938964844,83.44750213623047,115.77291107177734,57.73505783081055,153.12547302246094,113.75370025634766,84.73009490966797,36.16399383544922,215.1499786376953,171.00828552246094,104.34310150146484,35.96099853515625,3.7689125537872314,93.298828125,81.69903564453125,18.416000366210938,140.1748046875,29.314952850341797,56.75883102416992,2771.449951171875
2019-03-07,41.06867980957031,255.4600067138672,81.29750061035156,114.0298080444336,57.036739349365234,151.51495361328125,113.05850982666016,84.11742401123047,36.028709411621094,213.17552185058594,167.65769958496094,103.0732421875,35.2599983215332,3.699754476547241,92.85094451904297,81.38523864746094,18.439332962036133,139.24542236328125,29.073286056518555,57.388832092285156,2748.929931640625
2019-03-08,41.16628646850586,254.74000549316406,81.04000091552734,112.78475952148438,56.993133544921875,150.452392578125,112.91129302978516,84.15007781982422,35.678619384765625,212.6578826904297,168.1236114501953,103.18527221679688,34.959999084472656,3.733961820602417,92.1551742553711,81.2696304321289,18.94266700744629,139.73855590820312,29.115055084228516,56.56553649902344,2743.070068359375
2019-03-11,42.592369079589844,260.9599914550781,83.53099822998047,114.29602813720703,58.444759368896484,151.45684814453125,113.32023620605469,85.2447509765625,36.74482727050781,216.2713623046875,170.57212829589844,105.35149383544922,35.88600158691406,3.994227886199951,93.2428207397461,82.23583221435547,19.39466667175293,142.88705444335938,29.380586624145508,57.11677932739258,2783.300048828125
2019-03-12,43.07093048095703,263.510009765625,83.65499877929688,113.75504302978516,59.33635711669922,152.7518768310547,113.82727813720703,84.99149322509766,36.64139938354492,217.51736450195312,170.4234161376953,106.0891342163086,35.62699890136719,4.028435230255127,93.22682189941406,82.62399291992188,18.890666961669922,143.89230346679688,29.347766876220703,57.27427291870117,2791.52001953125
2019-03-13,43.261383056640625,264.3800048828125,84.54049682617188,114.63087463378906,59.426055908203125,151.4973602294922,114.0154037475586,85.27743530273438,36.77665328979492,219.01263427734375,171.86077880859375,106.91081237792969,36.12099838256836,4.179638862609863,93.2348403930664,83.55715942382812,19.263999938964844,144.5940399169922,29.544668197631836,57.782596588134766,2810.919921875
2019-03-14,43.74230194091797,267.69000244140625,84.31099700927734,114.79405212402344,59.1024284362793,151.8904571533203,112.87859344482422,86.05348205566406,36.68033981323242,219.98069763183594,168.68862915039062,106.99488067626953,35.88199996948242,4.103787899017334,92.37108612060547,83.67277526855469,19.33066749572754,146.2347412109375,29.460683822631836,57.589290618896484,2808.47998046875
2019-03-15,44.31132125854492,257.0899963378906,85.61799621582031,113.91820526123047,58.991905212402344,152.4089813232422,112.53510284423828,87.04193115234375,36.35929489135742,221.57176208496094,164.5351104736328,108.22736358642578,36.145999908447266,4.209136009216309,92.49906921386719,84.59771728515625,18.36199951171875,147.4296417236328,29.520671844482422,57.38166427612305,2822.47998046875
2019-03-18,44.763668060302734,257.760009765625,87.10749816894531,115.14610290527344,58.90517807006836,153.40423583984375,112.18339538574219,87.56478881835938,36.44757080078125,220.82418823242188,159.07308959960938,109.77732849121094,36.34400177001953,4.187817573547363,93.78667449951172,83.8296890258789,17.965999603271484,146.9554443359375,29.892608642578125,58.0474853515625,2832.93994140625
2019-03-19,44.408931732177734,260.4200134277344,88.09249877929688,115.18901824951172,59.59455871582031,153.99807739257812,113.22211456298828,87.24620056152344,36.56798553466797,221.41839599609375,160.16351318359375,109.8520278930664,35.87799835205078,4.355379104614258,94.44245910644531,84.1517562866211,17.83133316040039,146.60455322265625,29.949596405029297,57.89714813232422,2832.570068359375
2019-03-20,44.79697799682617,259.739990234375,89.8635025024414,114.21012878417969,60.78253173828125,155.64569091796875,112.28157043457031,85.38363647460938,36.54389190673828,220.34490966796875,163.99981689453125,109.73066711425781,37.52199935913086,4.322908878326416,94.62642669677734,84.00312042236328,18.239999771118164,145.8079376220703,29.5866641998291,58.21930694580078,2824.22998046875
2019-03-21,46.4468879699707,264.17999267578125,90.96299743652344,115.11172485351562,61.263267517089844,158.88243103027344,112.94403839111328,84.03572082519531,36.5278434753418,226.07659912109375,164.63426208496094,112.25169372558594,37.7869987487793,4.5593791007995605,95.52214813232422,84.63899993896484,18.26799964904785,147.75205993652344,29.7126407623291,58.555789947509766,2854.8798828125
2019-03-22,45.48503875732422,259.69000244140625,88.2385025024414,111.42806243896484,59.851776123046875,157.862060546875,111.97083282470703,81.49510955810547,36.86494445800781,221.17880249023438,162.90940856933594,109.29181671142578,36.10100173950195,4.3997483253479,96.5457992553711,83.95357513427734,17.635332107543945,145.1630859375,29.47867202758789,57.61794662475586,2800.7099609375
2019-03-25,44.935081481933594,262.2699890136719,88.71299743652344,112.8105239868164,59.34280014038086,158.63983154296875,111.7254409790039,80.81709289550781,36.945213317871094,220.85289001464844,164.84242248535156,109.86138153076172,36.62300109863281,4.307539463043213,96.64977264404297,84.2012939453125,17.3613338470459,145.12515258789062,29.445680618286133,57.21699905395508,2798.360107421875
2019-03-26,44.4708251953125,265.5899963378906,89.18800354003906,113.20549774169922,58.969112396240234,158.35546875,113.32843017578125,81.62583923339844,37.4348258972168,223.6037139892578,166.22032165527344,110.09480285644531,35.99700164794922,4.384133815765381,97.58546447753906,85.07669830322266,17.851333618164062,147.27792358398438,29.490678787231445,57.96157455444336,2818.4599609375
2019-03-27,44.87080001831055,262.3399963378906,88.28500366210938,112.6559829711914,58.3828125,158.2801971435547,113.4347152709961,81.34806823730469,37.41074752807617,222.86570739746094,164.42608642578125,109.03034973144531,35.33700180053711,4.3749613761901855,97.48152160644531,84.97756958007812,18.32200050354004,146.25367736816406,29.157737731933594,57.51770782470703,2805.3701171875
2019-03-28,44.93031692504883,263.5299987792969,88.6709976196289,113.66060638427734,58.09832763671875,158.9576416015625,113.58193969726562,82.27117919921875,37.38666534423828,225.10861206054688,164.10887145996094,109.1797866821289,35.46099853515625,4.393552303314209,97.4415054321289,85.51436614990234,18.57466697692871,146.680419921875,29.133739471435547,57.804073333740234,2815.43994140625
2019-03-29,45.22315979003906,266.489990234375,89.0374984741211,116.339599609375,58.32730484008789,160.48817443847656,114.32616424560547,82.69597625732422,37.61140060424805,225.67408752441406,165.2389373779297,110.12281799316406,35.65599822998047,4.45081090927124,98.00933074951172,85.92729187011719,18.657333374023438,148.12188720703125,29.253719329833984,57.84701156616211,2834.39990234375
2019-04-01,45.53028869628906,272.1700134277344,90.70950317382812,120.42679595947266,59.422088623046875,163.62452697753906,113.66372680664062,85.48165130615234,37.4990348815918,229.12460327148438,167.23146057128906,111.1312255859375,36.69599914550781,4.518233299255371,97.56948852539062,85.58870697021484,19.278667449951172,149.1366729736328,29.340700149536133,58.51283645629883,2867.18994140625
2019-04-02,46.192138671875,271.3500061035156,90.6989974975586,120.37531280517578,59.74721145629883,162.5121612548828,112.62506103515625,85.89012145996094,37.37863540649414,229.32586669921875,172.68357849121094,111.28997802734375,36.77199935913086,4.536080360412598,97.31354522705078,85.67955780029297,19.058666229248047,149.62973022460938,29.07675552368164,58.26226806640625,2867.239990234375
2019-04-03,46.50878143310547,271.5,91.03500366210938,119.57672119140625,60.00839614868164,166.10848999023438,112.18339538574219,86.0616683959961,37.06560134887695,229.00955200195312,172.02931213378906,112.01826477050781,36.974998474121094,4.675384521484375,97.21758270263672,85.6299819946289,19.45400047302246,150.27464294433594,29.1517391204834,57.91862869262695,2873.39990234375
2019-04-04,46.58973693847656,267.8900146484375,90.94300079345703,120.32379913330078,60.43659591674805,167.6473846435547,110.8748779296875,86.89305114746094,37.306392669677734,226.25872802734375,174.4877166748047,111.44869995117188,36.78799819946289,4.66646146774292,97.14559936523438,85.415283203125,17.851999282836914,149.49700927734375,29.427692413330078,58.7419548034668,2879.389892578125
2019-04-05,46.901611328125,267.45001220703125,91.86399841308594,120.521240234375,60.04010772705078,168.99392700195312,111.37376403808594,86.68726348876953,37.29836654663086,226.80508422851562,174.19032287597656,111.9435806274414,36.54899978637695,4.733138561248779,97.26558685302734,85.59695434570312,18.33066749572754,149.5065155029297,29.643651962280273,59.05694580078125,2892.739990234375
2019-04-08,47.63966369628906,268.80999755859375,92.49299621582031,120.05764770507812,59.88300704956055,170.24012756347656,111.34105682373047,86.96714782714844,37.362579345703125,226.7762908935547,173.4071807861328,111.98091888427734,36.14099884033203,4.753959655761719,97.56948852539062,86.68707275390625,18.213333129882812,149.6013641357422,29.763628005981445,59.42206954956055,2895.77001953125
2019-04-09,47.49681091308594,268.989990234375,91.79199981689453,117.07804107666016,59.605960845947266,168.0237274169922,110.8748779296875,86.3250503540039,37.45890426635742,226.43072509765625,176.03411865234375,111.37400817871094,36.47100067138672,4.691247940063477,97.7054443359375,86.43104553222656,18.15399932861328,149.35476684570312,29.601665496826172,58.65603256225586,2878.199951171875
2019-04-10,47.76345443725586,271.5799865722656,92.36650085449219,118.09127807617188,59.792301177978516,166.79425048828125,110.88306427001953,86.71194458007812,37.4348258972168,227.53451538085938,176.27206420898438,112.22369384765625,36.391998291015625,4.7616448402404785,97.6014633178711,86.42279815673828,18.40399932861328,150.3695068359375,29.874608993530273,58.391136169433594,2888.2099609375
2019-04-11,47.36587142944336,271.8999938964844,92.20349884033203,119.24187469482422,59.947933197021484,168.5088348388672,110.5804443359375,87.44456481933594,37.49100112915039,226.55552673339844,175.96475219726562,112.35441589355469,36.76499938964844,4.747762680053711,97.30557250976562,86.50537109375,17.89466667175293,149.70565795898438,30.23453712463379,58.670345306396484,2888.320068359375
2019-04-12,47.34682083129883,271.8599853515625,92.15299987792969,121.2425308227539,60.59915542602539,170.4910125732422,111.21022033691406,91.5439224243164,37.51508331298828,229.23341369628906,177.54090881347656,112.93331146240234,35.11399841308594,4.709839820861816,97.7534408569336,86.76136779785156,17.84666633605957,151.39370727539062,30.462505340576172,57.93292236328125,2907.409912109375
2019-04-15,47.432518005371094,272.2200012207031,92.24349975585938,120.42679595947266,60.7874870300293,171.335693359375,111.65180969238281,90.49849700927734,37.72377395629883,229.5405731201172,178.08612060546875,113.02668762207031,34.887001037597656,4.578217506408691,98.89706420898438,87.31468200683594,17.7586669921875,152.1523895263672,30.72345733642578,57.739646911621094,2905.580078125
2019-04-16,47.43729782104492,271.42999267578125,93.1520004272461,121.95520782470703,61.05411911010742,171.0095672607422,112.87859344482422,91.453369140625,37.68363571166992,230.4427490234375,177.3129119873047,112.7652359008789,35.94599914550781,4.665221214294434,97.89736938476562,87.88449096679688,18.224000930786133,151.95321655273438,30.873424530029297,58.133399963378906,2907.06005859375
2019-04-17,48.36104202270508,269.45001220703125,93.24099731445312,122.56488800048828,61.46200180053711,172.7491455078125,113.28751373291016,94.0875015258789,37.948509216308594,231.31622314453125,177.22369384765625,113.69892883300781,35.4739990234375,4.6424174308776855,101.57622528076172,88.03086853027344,18.082000732421875,152.1523895263672,30.942419052124023,58.29807662963867,2900.449951171875
2019-04-18,48.53483581542969,270.57000732421875,93.08450317382812,123.84342956542969,61.527915954589844,172.0048065185547,112.46969604492188,93.39603424072266,38.10902786254883,231.21063232421875,176.72805786132812,115.19292449951172,36.03499984741211,4.617876052856445,101.64020538330078,88.19718933105469,18.21733283996582,151.88682556152344,30.94841194152832,58.083290100097656,2905.030029296875
2019-04-22,48.6943473815918,272.2099914550781,94.3655014038086,122.996826171875,62.137020111083984,171.268798828125,112.72319793701172,93.51126861572266,38.04481887817383,233.28379821777344,179.86053466796875,115.55707550048828,37.73400115966797,4.671664714813232,101.120361328125,88.16393280029297,17.516666412353516,152.11444091796875,30.70545768737793,59.35048294067383,2907.969970703125
2019-04-23,49.39667892456055,278.489990234375,96.1884994506836,122.69444274902344,62.97111511230469,172.3310089111328,114.4161148071289,93.62653350830078,38.694950103759766,233.7061309814453,182.18017578125,117.12571716308594,38.18899917602539,4.726197242736816,101.64020538330078,85.79370880126953,17.593332290649414,153.3093719482422,30.915416717529297,59.69412612915039,2933.679931640625
2019-04-24,49.32049560546875,275.45001220703125,95.0875015258789,118.97986602783203,62.44875717163086,172.89134216308594,113.84364318847656,93.47012329101562,38.510345458984375,235.433837890625,180.99061584472656,116.72422790527344,37.42300033569336,4.73859167098999,101.50424194335938,86.23448181152344,17.243999481201172,153.1481475830078,31.053386688232422,58.53431701660156,2927.25
2019-04-25,48.87290954589844,277.6600036621094,95.11250305175781,117.59769439697266,62.81005096435547,172.70738220214844,114.21165466308594,93.5195083618164,38.39797592163086,235.74099731445312,191.57765197753906,120.58980560302734,36.83300018310547,4.632997989654541,100.87242889404297,85.89351654052734,16.5086669921875,152.70240783691406,31.050399780273438,58.86363983154297,2926.169921875
2019-04-26,48.639591217041016,281.9599914550781,97.53150177001953,120.1029052734375,63.30962371826172,170.290283203125,114.81689453125,94.22742462158203,38.73508834838867,236.76795959472656,189.82305908203125,121.28076171875,37.48500061035156,4.414375305175781,101.08837127685547,88.03919219970703,15.675999641418457,154.51370239257812,30.45350456237793,57.625083923339844,2939.8798828125
2019-04-29,48.713401794433594,286.1400146484375,96.92150115966797,120.09425354003906,64.24037170410156,169.07754516601562,114.36708068847656,95.58567810058594,38.86351013183594,237.1998748779297,193.0844268798828,121.16874694824219,37.18299865722656,4.445109844207764,101.32032012939453,87.14099884033203,16.097999572753906,155.67071533203125,30.462505340576172,57.25282669067383,2943.030029296875
2019-04-30,47.775367736816406,289.25,96.32599639892578,120.43978118896484,59.42110061645508,170.3655548095703,115.47933959960938,95.5280532836914,39.377201080322266,244.02420043945312,191.71640014648438,121.94369506835938,37.05400085449219,4.486504077911377,102.40796661376953,88.55482482910156,15.912667274475098,155.93630981445312,30.8464298248291,57.47476577758789,2945.830078125
2019-05-01,50.12044906616211,283.3500061035156,95.57599639892578,119.3426513671875,58.150367736816406,166.2673797607422,116.09271240234375,94.7954330444336,38.99996566772461,238.75482177734375,191.3496551513672,119.40397644042969,37.88100051879883,4.473369598388672,101.76017761230469,87.2657470703125,15.600666999816895,154.38101196289062,30.402511596679688,56.322105407714844,2923.72998046875
2019-05-02,49.794281005859375,279.6400146484375,95.04100036621094,116.76837921142578,57.81285858154297,168.11575317382812,115.54473876953125,95.00119018554688,38.83942413330078,237.2575225830078,190.85400390625,117.84466552734375,37.90599822998047,4.5407891273498535,101.4322738647461,87.78971099853516,16.273332595825195,152.79727172851562,30.339523315429688,55.3341064453125,2917.52001953125
2019-05-03,50.41327667236328,285.5799865722656,98.12300109863281,120.12875366210938,58.954734802246094,167.7394256591797,116.14178466796875,95.58567810058594,39.10429763793945,237.98696899414062,193.76841735839844,120.35635375976562,38.50299835205078,4.536328315734863,102.10407257080078,88.2221450805664,17.00200080871582,153.6697235107422,30.61847496032715,55.46298599243164,2945.639892578125
2019-05-06,49.634761810302734,283.6600036621094,97.52749633789062,118.14189147949219,59.14851760864258,166.96156311035156,116.20719909667969,94.73780059814453,38.90365219116211,238.64920043945312,192.1922607421875,119.65605163574219,37.867000579833984,4.4579997062683105,101.78414916992188,87.8895034790039,17.022666931152344,153.8973388671875,30.732452392578125,55.21956253051758,2932.469970703125
2019-05-07,48.2967643737793,277.07000732421875,96.05000305175781,115.47254943847656,58.424930572509766,162.89691162109375,114.47340393066406,93.19025421142578,38.52639389038086,235.2130889892578,188.11801147460938,117.20038604736328,37.04600143432617,4.290933132171631,100.75247955322266,87.07447814941406,16.470666885375977,151.93429565429688,30.38451385498047,54.9260368347168,2884.050048828125
2019-05-08,48.30628204345703,276.7699890136719,95.88849639892578,113.9867172241211,58.02448272705078,163.23146057128906,114.32616424560547,92.69635009765625,38.406009674072266,235.47222900390625,187.88999938964844,117.19107818603516,36.4370002746582,4.311010360717773,100.78448486328125,87.38217163085938,16.32266616821289,152.45584106445312,30.08456802368164,55.0119514465332,2879.419921875
2019-05-09,47.78726577758789,275.7900085449219,94.99349975585938,113.33882904052734,57.88521957397461,162.73800659179688,113.45925903320312,92.62224578857422,38.04481887817383,235.45301818847656,187.0077667236328,117.18172454833984,36.275001525878906,4.21855354309082,100.8084716796875,86.69190216064453,16.131999969482422,151.554931640625,30.01521873474121,54.96183395385742,2870.719970703125
2019-05-10,47.125247955322266,278.4800109863281,94.4990005493164,113.45977783203125,57.86886215209961,162.73800659179688,113.72096252441406,92.61404418945312,38.67890548706055,237.4878387451172,186.70046997070312,118.70368957519531,36.104000091552734,4.184594631195068,102.37598419189453,88.16393280029297,15.968000411987305,152.40847778320312,30.729873657226562,55.43976974487305,2881.39990234375
2019-05-13,44.3863525390625,267.70001220703125,91.13400268554688,108.24201965332031,56.33000183105469,159.1918487548828,112.20796203613281,90.09516143798828,38.5665283203125,231.68093872070312,179.9596710205078,115.17422485351562,34.5260009765625,3.927551031112671,101.6961898803711,88.24710845947266,15.133999824523926,149.20301818847656,30.120759963989258,54.824249267578125,2811.8701171875
2019-05-14,45.0890007019043,271.8599853515625,92.00599670410156,110.11662292480469,55.7486686706543,160.2623748779297,111.89716339111328,90.81131744384766,39.08021926879883,236.05770874023438,179.15670776367188,116.4627456665039,34.56100082397461,4.016536712646484,101.89612579345703,87.82295227050781,15.487333297729492,151.93429565429688,30.241374969482422,54.89664840698242,2834.409912109375
2019-05-15,45.6291389465332,276.82000732421875,93.55750274658203,109.96977233886719,58.02547836303711,160.37948608398438,111.97083282470703,90.46558380126953,39.47350311279297,239.1387939453125,184.64846801757812,118.10283660888672,35.499000549316406,3.9555599689483643,103.44764709472656,88.73777770996094,15.463333129882812,154.38101196289062,30.117734909057617,55.30217742919922,2850.9599609375
2019-05-16,45.428382873535156,283.54998779296875,95.37850189208984,109.37370300292969,58.70445251464844,160.89801025390625,113.0339584350586,91.62623596191406,39.79457092285156,243.2371826171875,185.3622283935547,120.82999420166016,35.930999755859375,3.9706802368164062,104.18342590332031,89.910400390625,15.222000122070312,156.593994140625,30.548940658569336,55.2949333190918,2876.320068359375
2019-05-17,45.17026901245117,279.8500061035156,93.44999694824219,106.0478286743164,57.925357818603516,161.06524658203125,113.36112213134766,91.1817398071289,39.48956298828125,242.40213012695312,183.6869354248047,120.0240478515625,35.44499969482422,3.8799588680267334,104.3753662109375,89.36150360107422,14.0686674118042,155.8531494140625,30.413246154785156,54.969078063964844,2859.530029296875
2019-05-20,43.75778579711914,275.45001220703125,92.94850158691406,105.76274108886719,56.72996139526367,159.70201110839844,113.20574188232422,91.65914916992188,39.20864486694336,243.30433654785156,181.12939453125,118.29025268554688,34.81100082397461,3.7614755630493164,103.95948028564453,89.26172637939453,13.690667152404785,155.26426696777344,30.61226463317871,54.96183776855469,2840.22998046875
2019-05-21,44.596675872802734,278.07000732421875,92.8759994506836,107.9396743774414,57.214664459228516,160.1201934814453,112.96038818359375,91.97196197509766,39.00798797607422,245.0991668701172,183.21112060546875,118.92754364013672,35.426998138427734,3.8435213565826416,103.20772552490234,88.46334075927734,13.67199993133545,155.63475036621094,30.49165153503418,55.21528244018555,2864.360107421875
2019-05-22,43.6837043762207,281.82000732421875,92.98400115966797,106.73892974853516,57.284542083740234,157.99586486816406,113.48379516601562,91.22288513183594,39.850746154785156,246.5773162841797,183.70677185058594,119.64917755126953,35.972999572753906,3.772629737854004,104.02346801757812,88.75442504882812,12.84866714477539,155.9956817626953,30.82635498046875,54.71562576293945,2856.27001953125
2019-05-23,42.938045501708984,274.25,90.77400207519531,105.61589050292969,56.7636604309082,160.58018493652344,114.32616424560547,89.42839050292969,40.01127624511719,239.69541931152344,179.2954864501953,118.2527847290039,35.22100067138672,3.651668071746826,103.94347381591797,88.78768920898438,13.03266716003418,153.4027099609375,30.71479034423828,53.43390655517578,2822.239990234375
2019-05-24,42.77312469482422,274.7699890136719,91.16400146484375,106.16876983642578,56.43012619018555,161.9099884033203,114.33445739746094,90.30919647216797,39.818641662597656,241.37509155273438,179.48382568359375,118.30899047851562,35.43899917602539,3.5978798866271973,103.56759643554688,88.72947692871094,12.708666801452637,154.47596740722656,30.959030151367188,53.65840148925781,2826.06005859375
2019-05-28,42.596275329589844,278.25,91.82150268554688,105.03710174560547,56.47720718383789,160.2038116455078,112.86868286132812,89.32959747314453,39.409297943115234,243.2467498779297,182.70553588867188,118.23403930664062,35.50600051879883,3.5527658462524414,102.07207489013672,86.87488555908203,12.579999923706055,155.49227905273438,30.883655548095703,52.57943344116211,2802.389892578125
2019-05-29,42.39312744140625,273.3800048828125,90.95950317382812,104.94206237792969,55.504825592041016,158.89910888671875,108.14214324951172,89.0826644897461,39.01600646972656,243.37152099609375,180.60401916503906,117.0906753540039,34.91899871826172,3.4786527156829834,102.50395202636719,86.65032958984375,12.657333374023438,154.5614776611328,30.793190002441406,52.253578186035156,2783.02001953125
2019-05-30,42.613006591796875,274.510009765625,90.81600189208984,105.2530517578125,55.577674865722656,159.8107147216797,108.7844467163086,88.12779235839844,39.52968978881836,243.97621154785156,181.41688537597656,117.83104705810547,35.185001373291016,3.4520998001098633,102.8558349609375,87.59841918945312,12.54800033569336,154.58995056152344,30.814289093017578,52.11598205566406,2788.860107421875
2019-05-31,41.84104919433594,270.8999938964844,88.75350189208984,103.49942016601562,54.8387336730957,158.78207397460938,107.99392700195312,87.2223129272461,39.43337631225586,241.38470458984375,175.9250946044922,115.90982818603516,34.327999114990234,3.3615224361419678,102.36798858642578,85.58580017089844,12.343999862670898,153.23171997070312,30.58814239501953,51.247013092041016,2752.06005859375
2019-06-03,41.418033599853516,259.0299987792969,84.6344985961914,104.22505950927734,51.480506896972656,158.54786682128906,108.23271179199219,87.6339111328125,40.11561584472656,232.5255889892578,162.72100830078125,112.31108856201172,33.66299819946289,3.3198328018188477,103.1517333984375,86.32597351074219,11.9313325881958,150.63876342773438,30.74494171142578,52.050819396972656,2744.449951171875
2019-06-04,42.93326950073242,268.7099914550781,86.47799682617188,105.46043395996094,52.26108932495117,163.29835510253906,110.118408203125,90.33385467529297,40.13167190551758,239.16749572753906,166.0418701171875,115.4225082397461,35.34000015258789,3.5486321449279785,103.2237319946289,87.05782318115234,12.90666675567627,154.18154907226562,30.925867080688477,53.28908920288086,2803.27001953125
2019-06-05,43.6263542175293,272.8599853515625,86.92500305175781,106.35881805419922,51.77291488647461,165.65655517578125,110.65364074707031,90.65491485595703,40.75771713256836,245.96304321289062,166.70606994628906,117.92476654052734,35.573001861572266,3.5059499740600586,105.07913208007812,88.76274108886719,13.105999946594238,157.0879364013672,31.486736297607422,52.84736633300781,2826.14990234375
2019-06-06,44.26686477661133,274.79998779296875,87.71800231933594,106.59207153320312,51.92755126953125,166.06085205078125,112.54754638671875,90.85246276855469,41.2553596496582,247.46994018554688,166.8646697998047,119.78972625732422,35.7130012512207,3.567988634109497,106.32381439208984,89.30329895019531,13.729999542236328,158.54110717773438,31.694795608520508,53.81046676635742,2843.489990234375
2019-06-07,45.44510269165039,278.1600036621094,90.20149993896484,107.5163803100586,52.9489860534668,166.17034912109375,114.08736419677734,89.85643768310547,41.32758712768555,255.11972045898438,171.8409881591797,123.14483642578125,36.08700180053711,3.6106719970703125,107.52413177490234,90.45930480957031,13.633333206176758,161.51402282714844,31.981260299682617,54.00598907470703,2873.340087890625
2019-06-10,46.02586364746094,280.3399963378906,93.03150177001953,108.62212371826172,53.66217041015625,166.80203247070312,114.47440338134766,90.8277587890625,41.23930358886719,255.40769958496094,173.29818725585938,124.26944732666016,35.20100021362305,3.6833810806274414,107.62080383300781,90.41773986816406,14.192000389099121,162.24542236328125,32.42150115966797,54.24494171142578,2886.72998046875
2019-06-11,46.55883026123047,275.989990234375,93.18499755859375,109.9524917602539,53.57691955566406,166.76829528808594,115.10020446777344,91.10765075683594,41.19917297363281,253.065673828125,176.5496368408203,123.80084991455078,35.12699890136719,3.7409536838531494,107.30661010742188,90.96659851074219,14.473333358764648,161.76095581054688,32.54814147949219,54.194244384765625,2885.719970703125
2019-06-12,46.4106559753418,276.8399963378906,92.76599884033203,109.79698944091797,53.480777740478516,167.5515899658203,116.66471099853516,89.94696807861328,41.44797897338867,253.24813842773438,173.51625061035156,123.22917938232422,34.555999755859375,3.628042221069336,107.25828552246094,91.21614074707031,13.950667381286621,162.9767303466797,32.81349563598633,53.607704162597656,2879.840087890625
2019-06-13,46.40110397338867,276.29998779296875,93.51499938964844,109.85745239257812,54.071041107177734,170.4235382080078,115.86601257324219,90.16924285888672,41.3589973449707,250.7045440673828,175.9250946044922,124.00701141357422,34.34299850463867,3.6791627407073975,107.09719848632812,92.23907470703125,14.260666847229004,160.84915161132812,32.762237548828125,54.07839584350586,2891.639892578125
2019-06-14,46.06412124633789,274.2799987792969,93.4834976196289,109.9093017578125,53.83761215209961,173.303955078125,115.35545349121094,90.39972686767578,41.504615783691406,249.64874267578125,179.75149536132812,124.12886047363281,33.972999572753906,3.5893304347991943,106.92799377441406,92.48023223876953,14.32800006866455,161.14358520507812,32.888885498046875,53.83943557739258,2886.97998046875
2019-06-17,46.338951110839844,275.6000061035156,94.30149841308594,109.98705291748047,54.21377182006836,174.32302856445312,114.82022094726562,89.90582275390625,41.1486930847168,248.78488159179688,187.36463928222656,124.50373840332031,35.0620002746582,3.599008321762085,106.75880432128906,92.30558013916016,15.001999855041504,161.04861450195312,32.916019439697266,54.37527847290039,2889.669921875
2019-06-18,47.428775787353516,276.7799987792969,95.06849670410156,112.58724975585938,54.77628707885742,174.744140625,115.47073364257812,91.1323471069336,40.962646484375,248.4105682373047,186.82936096191406,126.66864013671875,35.71200180053711,3.7938103675842285,106.38824462890625,91.14958953857422,14.982666969299316,160.78269958496094,33.063785552978516,54.8459587097168,2917.75
2019-06-19,47.290157318115234,291.2099914550781,95.43949890136719,112.82914733886719,54.74010467529297,175.13156127929688,115.65190124511719,90.47380065917969,41.350914001464844,249.42791748046875,185.84796142578125,127.16532135009766,36.35200119018555,3.7997665405273438,107.024658203125,91.83152770996094,15.095333099365234,162.12188720703125,33.05472183227539,54.54185104370117,2926.4599609375
2019-06-20,47.67015838623047,302.1099853515625,95.90950012207031,115.4380111694336,55.17079162597656,177.91932678222656,117.10115814208984,90.70429229736328,41.78772735595703,256.0699157714844,187.880126953125,128.3461456298828,36.520999908447266,3.8240854740142822,108.08000946044922,92.92932891845703,14.641332626342773,165.018798828125,33.26582336425781,55.47596740722656,2954.179931640625
2019-06-21,47.50764846801758,299.3299865722656,95.56500244140625,115.66260528564453,55.77394485473633,176.35281372070312,117.00234985351562,90.08690643310547,41.69874954223633,253.84304809570312,189.47610473632812,128.36492919921875,36.92100143432617,3.766017436981201,107.91888427734375,92.48023223876953,14.790666580200195,164.7338409423828,33.51005554199219,56.258033752441406,2950.4599609375
2019-06-24,47.459842681884766,299.8699951171875,95.69499969482422,116.07723999023438,55.34424591064453,173.0765380859375,117.80108642578125,89.44486236572266,41.99802780151367,254.6398162841797,190.92343139648438,129.1240234375,37.104000091552734,3.78835129737854,108.06390380859375,93.42001342773438,14.909333229064941,165.12326049804688,33.543243408203125,55.7221794128418,2945.35009765625
2019-06-25,46.74047088623047,287.9700012207031,93.91349792480469,115.50714111328125,53.90104675292969,172.43643188476562,118.77275848388672,88.70402526855469,41.86860275268555,249.2936248779297,187.1961212158203,125.04731750488281,36.029998779296875,3.759068489074707,107.79805755615234,92.91271209716797,14.650667190551758,162.6822509765625,33.38642883300781,55.229766845703125,2917.3798828125
2019-06-26,47.75141906738281,288.7200012207031,94.8915023803711,116.75110626220703,53.54124069213867,173.85137939453125,116.80471801757812,89.29668426513672,41.350914001464844,250.800537109375,186.0264129638672,125.51583862304688,36.220001220703125,3.952134132385254,106.59770965576172,91.25770568847656,14.618000030517578,162.4733123779297,33.21755599975586,55.46873092651367,2913.780029296875
2019-06-27,47.737083435058594,293.2300109863281,95.21399688720703,117.05343627929688,53.35835647583008,174.35671997070312,115.84952545166016,89.59303283691406,41.318565368652344,250.6085205078125,187.85040283203125,125.72203063964844,37.00199890136719,4.050652503967285,106.09015655517578,91.2992935180664,14.855999946594238,162.634765625,33.19948196411133,54.903907775878906,2924.919921875
2019-06-28,47.302127838134766,294.6499938964844,94.68150329589844,117.73590087890625,53.66414260864258,175.15684509277344,114.68849182128906,92.02962493896484,41.18914031982422,253.9006805419922,191.3199005126953,125.54399871826172,36.731998443603516,4.075468063354492,105.63902282714844,91.19116973876953,14.897333145141602,164.8383331298828,33.31707763671875,55.490455627441406,2941.760009765625
2019-07-01,48.1696662902832,300.9700012207031,96.1094970703125,118.00370025634766,54.5165901184082,177.10235595703125,114.75435638427734,93.5771255493164,41.73918533325195,256.05072021484375,191.3199005126953,127.1559066772461,37.459999084472656,4.123610019683838,106.23517608642578,91.88973999023438,15.14466667175293,165.20880126953125,33.35626220703125,55.43976974487305,2964.330078125
2019-07-02,48.4516716003418,301.3900146484375,96.71549987792969,117.35578918457031,55.141056060791016,176.9844207763672,115.30604553222656,93.6759033203125,42.046573638916016,259.6980285644531,193.30247497558594,127.99940490722656,37.542999267578125,4.025836944580078,106.6863021850586,92.71312713623047,14.970000267028809,166.48153686523438,33.65177917480469,54.83148956298828,2973.010009765625
2019-07-03,48.853187561035156,305.70001220703125,96.94999694824219,117.13118743896484,55.65599060058594,178.63522338867188,117.04351806640625,93.5267105102539,42.143638610839844,262.1070861816406,195.48333740234375,128.8241424560547,38.172000885009766,4.0387396812438965,107.94303894042969,94.87541198730469,15.65999984741211,167.99171447753906,33.8688850402832,55.352867126464844,2995.820068359375
2019-07-05,48.810176849365234,303.9800109863281,97.14550018310547,117.04478454589844,56.1357307434082,178.09620666503906,115.7507553100586,94.08210754394531,42.15172576904297,261.2048645019531,194.6903076171875,128.44927978515625,38.05500030517578,3.976206064224243,107.16161346435547,94.10197448730469,15.539999961853027,167.79226684570312,33.766357421875,55.12838363647461,2990.409912109375
2019-07-08,47.80400466918945,302.9200134277344,97.61599731445312,116.4832992553711,55.34871292114258,179.31739807128906,116.0801010131836,93.56814575195312,42.062744140625,260.6476745605469,194.0558624267578,128.3555145263672,37.61600112915039,3.9012625217437744,106.79104614257812,94.85045623779297,15.355999946594238,167.34580993652344,33.989501953125,55.3818359375,2975.949951171875
2019-07-09,48.0955696105957,304.20001220703125,99.41500091552734,116.00816345214844,55.72041702270508,178.55101013183594,116.44244384765625,93.966064453125,41.73110580444336,262.67523193359375,197.4758758544922,127.8869400024414,37.99300003051758,3.9037442207336426,106.13046264648438,93.90238189697266,15.337332725524902,168.8085479736328,34.037757873535156,55.34563446044922,2979.6298828125
2019-07-10,48.57117462158203,306.9800109863281,100.87049865722656,114.58277893066406,56.54411697387695,177.4981689453125,116.2777099609375,93.6924819946289,41.91714859008789,264.6356201171875,200.96519470214844,129.1896514892578,38.099998474121094,3.971986770629883,108.28141021728516,94.6009521484375,15.928000450134277,170.30917358398438,34.06789779663086,56.127681732177734,2993.070068359375
2019-07-11,48.217464447021484,307.6000061035156,100.05349731445312,115.7231216430664,56.70121383666992,180.26907348632812,115.37193298339844,94.58780670166016,42.09511184692383,267.4609680175781,199.478271484375,129.70504760742188,37.95000076293945,4.126340866088867,108.23309326171875,95.1249008178711,15.90666675567627,171.66741943359375,34.35135269165039,56.17115020751953,2999.909912109375
2019-07-12,48.58790969848633,309.4200134277344,100.55000305175781,119.52407836914062,56.7636604309082,183.79800415039062,110.58775329589844,95.58259582519531,42.159820556640625,268.6333923339844,203.08657836914062,130.17367553710938,37.32500076293945,4.159344673156738,107.37107849121094,95.63220977783203,16.338666915893555,171.27798461914062,34.5563850402832,56.21458435058594,3013.77001953125
2019-07-15,49.04438018798828,308.760009765625,101.04949951171875,120.62982177734375,57.0198974609375,184.19384765625,110.92538452148438,94.4219970703125,42.167903900146484,268.4700622558594,202.1349334716797,130.17367553710938,36.65999984741211,4.150906562805176,108.07195281982422,96.03973388671875,16.899999618530273,171.50592041015625,34.67097854614258,55.816322326660156,3014.300048828125
2019-07-16,48.87470245361328,305.70001220703125,100.49500274658203,120.15469360351562,57.16609573364258,182.98109436035156,109.10558319091797,95.43336486816406,42.175994873046875,265.8272705078125,202.06553649902344,128.468017578125,36.5989990234375,4.146193027496338,107.79000091552734,96.3807144165039,16.825332641601562,170.30917358398438,34.604637145996094,54.98356246948242,3004.0400390625
2019-07-17,48.599857330322266,309.3900146484375,99.60150146484375,117.2520980834961,56.833045959472656,181.5914306640625,108.57857513427734,94.49661254882812,42.20834732055664,264.53961181640625,200.04330444335938,127.70890045166016,36.24399948120117,4.211457252502441,106.96829986572266,96.42229461669922,16.99066734313965,170.15719604492188,34.5563850402832,54.65768814086914,2984.419921875
2019-07-18,49.15193176269531,310.0799865722656,98.8949966430664,116.52647399902344,56.85783386230469,180.6060028076172,108.7514877319336,95.06031799316406,42.08700942993164,265.98101806640625,199.0321807861328,127.84944152832031,32.520999908447266,4.223121166229248,107.04885864257812,96.62820434570312,16.902666091918945,171.46792602539062,34.59258270263672,54.194244384765625,2995.110107421875
2019-07-19,48.418216705322266,306.8699951171875,98.22599792480469,118.58959197998047,56.08021545410156,179.42684936523438,107.30223846435547,94.1235580444336,41.56932067871094,264.8471374511719,196.63327026367188,128.03683471679688,31.510000228881836,4.179941654205322,104.8011703491211,96.26828002929688,17.211999893188477,170.24266052246094,34.34532165527344,54.30287551879883,2976.610107421875
2019-07-22,49.5247802734375,308.54998779296875,99.28150177001953,117.727783203125,56.45985412597656,177.93618774414062,105.9271011352539,94.72872161865234,41.431819915771484,267.7396240234375,200.55882263183594,129.73316955566406,31.062000274658203,4.251409530639648,104.95425415039062,96.51101684570312,17.045333862304688,171.50592041015625,34.019657135009766,54.36080551147461,2985.030029296875
2019-07-23,49.911949157714844,307.8800048828125,99.72450256347656,120.21744537353516,56.897972106933594,179.46055603027344,106.0917739868164,96.46131134033203,43.947486877441406,268.0856628417969,200.59841918945312,130.53915405273438,30.729999542236328,4.3591108322143555,105.3248291015625,95.29731750488281,17.344667434692383,171.8193817138672,33.79954147338867,54.57804489135742,3005.469970703125
2019-07-24,49.87132263183594,310.2699890136719,100.04049682617188,114.82899475097656,56.48563003540039,180.8334197998047,106.86580657958984,96.85094451904297,43.50259017944336,269.3155822753906,202.87841796875,131.87928771972656,31.79400062561035,4.43355655670166,104.09226989746094,94.25100708007812,17.658666610717773,174.12742614746094,33.77238464355469,54.57080078125,3019.56005859375
2019-07-25,49.47697448730469,308.7300109863281,98.69100189208984,117.26644134521484,56.297794342041016,181.54087829589844,107.96924591064453,95.92247772216797,42.92827606201172,268.45086669921875,198.96278381347656,131.38259887695312,32.645999908447266,4.302530288696289,103.9150390625,94.393310546875,15.254667282104492,172.4747314453125,33.8387336730957,54.25942611694336,3003.669921875
2019-07-26,49.6490592956543,311.2699890136719,97.15249633789062,115.70821380615234,61.713768005371094,182.68629455566406,107.64808654785156,96.34528350830078,43.81806182861328,271.06463623046875,198.0111541748047,132.46038818359375,33.577999114990234,4.34446907043457,105.71153259277344,96.03392028808594,15.202667236328125,174.46934509277344,34.079952239990234,54.17251968383789,3025.860107421875
2019-07-29,50.112701416015625,307.2200012207031,95.62249755859375,117.04878234863281,61.54624938964844,183.6380157470703,109.53376007080078,96.03854370117188,43.672462463378906,270.4591979980469,194.23431396484375,132.1697998046875,33.27000045776367,4.338265419006348,105.96127319335938,97.0969467163086,15.718000411987305,174.013427734375,33.85380554199219,54.55632019042969,3020.969970703125
2019-07-30,49.897605895996094,303.6400146484375,94.92649841308594,115.73432159423828,60.8603401184082,183.06533813476562,108.7597427368164,95.82301330566406,43.45404815673828,267.3071594238281,195.32473754882812,131.53253173828125,32.59299850463867,4.353898048400879,105.11537170410156,100.7883071899414,16.150667190551758,172.4177703857422,33.79049301147461,54.56354904174805,3013.179931640625
2019-07-31,50.91572570800781,298.8599853515625,93.33899688720703,114.62006378173828,60.37464904785156,179.97433471679688,107.22813415527344,96.16287994384766,42.572364807128906,261.64703369140625,192.5391845703125,127.70890045166016,32.29899978637695,4.186891555786133,102.96440124511719,98.80452728271484,16.107332229614258,169.06497192382812,33.28388977050781,53.8466682434082,2980.3798828125
2019-08-01,49.813961029052734,298.44000244140625,92.76599884033203,110.37198638916016,60.05646514892578,179.2500457763672,107.2857666015625,93.62619018554688,42.08700942993164,263.4632263183594,191.05227661132812,129.3864288330078,31.950000762939453,4.092590808868408,102.42465209960938,97.70799255371094,15.59000015258789,170.1761932373047,32.982357025146484,52.470821380615234,2953.56005859375
2019-08-02,48.759986877441406,293.7099914550781,91.16200256347656,108.41332244873047,59.290260314941406,178.6772918701172,107.92806243896484,93.6178970336914,42.32968521118164,258.9370422363281,187.3745574951172,128.29928588867188,31.882999420166016,4.000027656555176,103.05302429199219,97.46526336669922,15.62266731262207,168.51406860351562,32.9883918762207,51.95668411254883,2932.050048828125
2019-08-05,46.207515716552734,280.3599853515625,88.25650024414062,105.89756774902344,57.23003005981445,172.60491943359375,107.17874908447266,90.83246612548828,41.77962875366211,246.8190155029297,180.14804077148438,123.9039535522461,30.76300048828125,3.741946220397949,100.2173080444336,94.6528091430664,15.221332550048828,160.3837127685547,31.908884048461914,50.8922004699707,2844.739990234375
2019-08-06,47.08222579956055,286.2099914550781,89.3915023803711,106.27190399169922,58.03935623168945,175.8558807373047,107.68102264404297,91.54541778564453,42.28115463256836,254.3531036376953,182.90382385253906,126.22813415527344,31.010000228881836,3.7806575298309326,101.8687973022461,95.65724182128906,15.383333206176758,163.8220977783203,32.34611511230469,51.384620666503906,2881.77001953125
2019-08-07,47.56978988647461,289.0199890136719,89.66999816894531,105.14020538330078,58.27872848510742,175.10629272460938,107.21990966796875,89.55582427978516,43.017250061035156,258.80255126953125,183.5382537841797,126.78106689453125,30.429000854492188,3.8188745975494385,102.94023895263672,96.69517517089844,15.561332702636719,166.5194854736328,32.62654113769531,51.051509857177734,2883.97998046875
2019-08-08,48.61897277832031,297.7799987792969,91.64450073242188,106.21963500976562,59.779422760009766,178.18881225585938,108.43033599853516,91.0728988647461,43.429786682128906,267.1918640136719,188.504638671875,130.16427612304688,31.59000015258789,3.9273180961608887,104.30168914794922,98.30228424072266,15.886667251586914,170.86959838867188,32.88410949707031,52.41288375854492,2938.090087890625
2019-08-09,48.21834182739258,294.8299865722656,90.37899780273438,103.92149353027344,58.922523498535156,176.88339233398438,108.72679138183594,90.97339630126953,43.211387634277344,264.2224426269531,186.21475219726562,129.05844116210938,30.89299964904785,3.826070547103882,103.60084533691406,97.7498550415039,15.667332649230957,170.062255859375,32.50836181640625,51.29771423339844,2918.64990234375
2019-08-12,48.09598922729492,288.6499938964844,89.24600219726562,101.6059341430664,58.2088508605957,174.34829711914062,108.63619232177734,89.26567840576172,43.03342819213867,259.4655456542969,183.75633239746094,127.25900268554688,31.08300018310547,3.758323907852173,103.3994369506836,97.12205505371094,15.267333030700684,167.48828125,31.884143829345703,51.04844665527344,2882.699951171875
2019-08-13,50.13276672363281,293.1700134277344,91.21700286865234,103.59941101074219,59.310585021972656,175.4600372314453,109.86312103271484,90.64180755615234,43.276100158691406,263.8188171386719,186.8095245361328,129.89248657226562,31.22800064086914,3.8724756240844727,104.67230224609375,98.14326477050781,15.666666984558105,169.6443328857422,32.54775619506836,51.67894744873047,2926.320068359375
2019-08-14,48.64057159423828,283.6600036621094,88.14800262451172,100.29145050048828,57.70085525512695,169.783447265625,107.26106262207031,86.87820434570312,42.86355972290039,256.72674560546875,178.14559936523438,125.98087310791016,29.910999298095703,3.724079132080078,104.01976776123047,96.92117309570312,14.641332626342773,164.80030822753906,32.18111038208008,49.59682846069336,2840.60009765625
2019-08-15,48.39826202392578,282.7099914550781,88.80599975585938,100.32628631591797,57.952125549316406,169.95191955566406,107.49164581298828,87.20979309082031,43.57538604736328,261.2818603515625,181.00054931640625,125.69874572753906,29.576000213623047,3.6918179988861084,105.30873107910156,98.26043701171875,14.37600040435791,167.6633758544922,34.1477165222168,49.3035774230957,2847.60009765625
2019-08-16,49.54020690917969,287.45001220703125,89.62850189208984,101.35350799560547,58.44227981567383,171.51841735839844,108.16685485839844,89.2988510131836,44.01219177246094,263.65545654296875,182.10086059570312,128.00250244140625,30.280000686645508,3.959578275680542,106.14656066894531,99.75875091552734,14.662667274475098,169.5276641845703,34.2386360168457,50.073368072509766,2888.679931640625
2019-08-19,50.463844299316406,287.9700012207031,90.80599975585938,102.16307830810547,59.494449615478516,175.1399688720703,108.89971923828125,90.10296630859375,44.23869323730469,267.2206726074219,184.54937744140625,130.14634704589844,30.937999725341797,4.238008975982666,106.79907989501953,100.64601135253906,15.121999740600586,170.9639892578125,34.48711013793945,50.916481018066406,2923.64990234375
2019-08-20,50.46623992919922,285.7099914550781,90.06900024414062,101.56239318847656,58.656375885009766,182.83787536621094,107.54104614257812,88.95895385742188,43.583492279052734,266.23089599609375,182.2099151611328,129.0650177001953,29.89900016784668,4.165795803070068,106.38824462890625,99.52436065673828,15.057332992553711,170.48831176757812,33.95378875732422,50.60857009887695,2900.510009765625
2019-08-21,51.01319885253906,291.5299987792969,91.177001953125,102.44163513183594,59.05534362792969,185.62567138671875,108.30683135986328,89.2076416015625,43.761436462402344,271.0069580078125,181.95217895507812,130.503662109375,29.7810001373291,4.249176979064941,106.61380004882812,99.77548217773438,14.722000122070312,172.1053466796875,33.944705963134766,51.11442565917969,2924.429931640625
2019-08-22,50.97002410888672,287.69000244140625,90.23300170898438,102.62443542480469,59.052371978759766,186.14779663085938,108.0927505493164,90.12784576416016,44.076900482177734,269.8152770996094,180.455322265625,129.5540008544922,29.69300079345703,4.2553815841674805,106.87162017822266,99.95964050292969,14.8100004196167,171.29685974121094,33.91136932373047,51.00445556640625,2922.949951171875
2019-08-23,48.614173889160156,282.44000244140625,87.48100280761719,99.29037475585938,57.17204284667969,183.15792846679688,105.1777572631836,87.88956451416016,43.47023391723633,261.2818603515625,176.20266723632812,125.4260482788086,29.143999099731445,4.031047344207764,104.94621276855469,98.20184326171875,14.09333324432373,166.67417907714844,33.5841064453125,49.47953414916992,2847.110107421875
2019-08-26,49.53779983520508,288.739990234375,88.44349670410156,99.6037826538086,58.04430389404297,184.15176391601562,106.02397918701172,88.59422302246094,44.11735153198242,265.64471435546875,178.78994750976562,127.36309814453125,29.49799919128418,4.105742931365967,107.74164581298828,99.87593078613281,14.333333015441895,168.91893005371094,33.935604095458984,49.74346160888672,2878.3798828125
2019-08-27,48.97883605957031,289.45001220703125,88.09149932861328,98.69844055175781,58.02647018432617,183.7811737060547,107.55048370361328,87.65743255615234,44.262962341308594,265.84649658203125,179.72177124023438,127.63578796386719,29.10300064086914,4.015165328979492,108.5633773803711,100.90550231933594,14.272000312805176,169.6703643798828,34.06591033935547,49.25959014892578,2869.159912109375
2019-08-28,49.3074951171875,282.1300048828125,88.2125015258789,99.98680877685547,58.17168045043945,186.93112182617188,106.75403594970703,88.53618621826172,44.57842254638672,267.3840637207031,180.17776489257812,127.46653747558594,29.177000045776367,4.004733562469482,108.90978240966797,101.61698150634766,14.37266731262207,169.94619750976562,34.15681457519531,49.61882019042969,2887.93994140625
2019-08-29,50.142364501953125,286.6300048828125,89.31999969482422,102.51997375488281,59.187171936035156,191.45379638671875,106.3890151977539,90.54232025146484,44.52989959716797,270.401611328125,183.95458984375,129.8736572265625,29.67799949645996,4.148309230804443,109.57841491699219,101.43282318115234,14.780667304992676,172.32412719726562,34.56892776489258,50.16868209838867,2924.580078125
2019-08-30,50.07759475708008,284.510009765625,88.81449890136719,103.59068298339844,59.00330352783203,191.95069885253906,106.48855590820312,91.0728988647461,44.52180480957031,270.3918762207031,184.0537109375,129.62918090820312,29.375,4.160976886749268,110.1504135131836,100.63765716552734,15.040666580200195,171.99119567871094,34.62347412109375,50.20532989501953,2926.4599609375
2019-09-03,49.348289489746094,282.45001220703125,89.49199676513672,101.87577819824219,57.963523864746094,188.7166290283203,106.80381774902344,89.99517822265625,44.73212432861328,269.18109130859375,180.80226135253906,127.9178695678711,28.929000854492188,4.0780110359191895,110.73854064941406,101.58348846435547,15.000666618347168,170.45030212402344,34.73861312866211,50.26398468017578,2906.27001953125
2019-09-04,50.185543060302734,284.6000061035156,90.03099822998047,103.67777252197266,58.59393310546875,189.9368133544922,106.90336608886719,91.0811767578125,45.1123046875,274.9373779296875,185.51092529296875,129.41293334960938,29.152000427246094,4.192026615142822,112.09999084472656,103.13201141357422,14.711999893188477,172.8948211669922,35.12346267700195,50.7991828918457,2937.780029296875
2019-09-05,51.1667594909668,287.75,92.03600311279297,107.06404876708984,60.07678985595703,193.32630920410156,106.67106628417969,93.15364837646484,44.58652114868164,280.68414306640625,189.23818969726562,131.6884765625,29.325000762939453,4.464773654937744,110.3032455444336,102.75536346435547,15.305333137512207,175.7103271484375,34.98103332519531,51.51765441894531,2976.0
2019-09-06,51.161964416503906,284.94000244140625,91.67549896240234,106.81157684326172,59.785865783691406,195.85140991210938,106.36410522460938,93.35260772705078,44.67549133300781,280.01129150390625,185.8578643798828,130.79518127441406,29.017000198364258,4.437697410583496,111.43075561523438,102.8474349975586,15.16333293914795,176.67095947265625,34.765899658203125,52.001529693603516,2978.7099609375
2019-09-09,51.38026428222656,279.29998779296875,91.56749725341797,110.77241516113281,59.73382568359375,197.3258514404297,105.31880187988281,95.6655044555664,44.101173400878906,272.3043518066406,187.11680603027344,129.3095245361328,29.43400001525879,4.483651638031006,110.6439208984375,102.26150512695312,15.452667236328125,172.68556213378906,35.250728607177734,52.41209030151367,2978.429931640625
2019-09-10,51.98722457885742,276.1400146484375,91.02749633789062,113.41876220703125,59.755130767822266,197.43600463867188,107.47577667236328,96.88411712646484,44.00410461425781,261.7045593261719,184.54937744140625,127.95549011230469,28.798999786376953,4.5502238273620605,110.20589447021484,100.34465789794922,15.702667236328125,167.7394256591797,35.165889739990234,52.83730697631836,2979.389892578125
2019-09-11,53.640167236328125,277.7799987792969,91.14949798583984,115.85620880126953,60.4638557434082,197.1479034423828,108.81975555419922,97.14936828613281,44.30339813232422,259.4175109863281,186.84918212890625,127.99308776855469,28.82699966430664,4.578788757324219,110.61146545410156,101.5081558227539,16.47333335876465,166.43637084960938,35.156795501708984,52.73466491699219,3000.929931640625
2019-09-12,53.52021026611328,278.0199890136719,92.17749786376953,114.68970489501953,61.205772399902344,198.11392211914062,108.20582580566406,97.74626922607422,44.57842254638672,265.61578369140625,185.83804321289062,129.3095245361328,28.88599967956543,4.57729959487915,111.3658447265625,102.76371002197266,16.391332626342773,169.28985595703125,35.42951583862305,52.771331787109375,3009.570068359375
2019-09-13,52.479042053222656,278.3500061035156,91.96700286865234,116.45684814453125,61.45655059814453,198.2664031982422,108.49618530273438,99.6695327758789,44.211761474609375,265.5389404296875,185.5605010986328,129.12144470214844,29.415000915527344,4.519421577453613,110.6763687133789,102.21961975097656,16.34666633605957,168.6145477294922,35.58405685424805,53.25519561767578,3007.389892578125
2019-09-16,52.75492477416992,282.92999267578125,90.39199829101562,115.90839385986328,61.04024124145508,195.73280334472656,107.46746826171875,98.7824935913086,43.967315673828125,263.38641357421875,184.5989532470703,128.1905975341797,29.429000854492188,4.476448059082031,109.41094970703125,100.2358627319336,16.187332153320312,167.51119995117188,35.02043914794922,54.05430603027344,2997.9599609375
2019-09-17,52.94685363769531,284.69000244140625,91.12750244140625,115.05533599853516,60.95350646972656,195.07186889648438,107.57534790039062,98.29338836669922,44.195465087890625,265.4716796875,186.4427490234375,129.18728637695312,29.860000610351562,4.4978108406066895,110.07611083984375,101.41609191894531,16.319332122802734,167.83457946777344,35.305274963378906,53.64374542236328,3005.699951171875
2019-09-18,53.443450927734375,279.7200012207031,90.87300109863281,114.09776306152344,61.09079360961914,195.59722900390625,108.18925476074219,99.27989959716797,44.18731689453125,264.36651611328125,186.502197265625,130.2498016357422,29.1560001373291,4.470734596252441,109.91387939453125,101.62535858154297,16.232667922973633,166.7311553955078,35.50223922729492,53.387168884277344,3006.72998046875
2019-09-19,53.00921630859375,281.260009765625,91.07499694824219,113.27076721191406,61.39311218261719,193.3008575439453,107.94036102294922,98.96485900878906,44.42361068725586,265.1448974609375,188.48480224609375,132.6476287841797,28.65999984741211,4.3952202796936035,109.89764404296875,102.0354995727539,16.440000534057617,167.3685302734375,35.487091064453125,53.02792739868164,3006.7900390625
2019-09-20,52.23432540893555,277.9100036621094,89.70800018310547,111.5645751953125,60.9515266418457,190.37742614746094,109.21796417236328,98.56695556640625,43.92657470703125,260.5899353027344,188.27664184570312,131.1148681640625,27.075000762939453,4.289649963378906,109.2730484008789,102.32009887695312,16.041332244873047,165.56126403808594,35.44768142700195,52.84463119506836,2992.070068359375
2019-09-23,52.471832275390625,277.44000244140625,89.26499938964844,111.79090118408203,61.191890716552734,191.71629333496094,109.29263305664062,98.55036926269531,44.113975524902344,262.49267578125,185.19371032714844,130.832763671875,26.591999053955078,4.3430562019348145,109.86520385742188,103.14038848876953,16.082000732421875,166.36976623535156,35.64162826538086,52.88128662109375,2991.780029296875
2019-09-24,52.22232437133789,272.4700012207031,87.08049774169922,109.67555236816406,60.38108825683594,191.0045166015625,109.13501739501953,97.26544952392578,44.244346618652344,260.54193115234375,179.7019500732422,129.17787170410156,25.458999633789062,4.285675525665283,109.80032348632812,103.46684265136719,14.880666732788086,165.9607696533203,35.87799835205078,52.15549850463867,2966.60009765625
2019-09-25,53.0260124206543,277.42999267578125,88.41649627685547,110.21529388427734,61.749454498291016,193.28392028808594,108.67041015625,97.82086181640625,44.138427734375,262.10821533203125,181.20872497558594,131.0395965576172,26.475000381469727,4.427264213562012,109.58128356933594,102.97299194335938,15.24666690826416,166.72174072265625,35.89919662475586,52.30944061279297,2984.8701171875
2019-09-26,52.75252151489258,283.80999755859375,86.99199676513672,110.02378845214844,61.56855392456055,194.71595764160156,106.8950424194336,97.01673126220703,44.31767654418945,263.20379638671875,178.5421142578125,131.20892333984375,26.33099937438965,4.40515661239624,110.09233093261719,104.05278015136719,16.17066764831543,167.07363891601562,35.847694396972656,52.03084945678711,2977.6201171875
2019-09-27,52.49583053588867,277.5400085449219,86.27249908447266,110.19786834716797,60.758731842041016,194.77525329589844,106.68765258789062,97.58873748779297,44.252498626708984,258.6294860839844,175.55833435058594,129.50701904296875,26.308000564575195,4.266548156738281,109.99497985839844,104.27041625976562,16.142000198364258,165.50424194335938,35.89314270019531,52.40475845336914,2961.7900390625
2019-09-30,53.73133087158203,276.25,86.79550170898438,109.95415496826172,60.520347595214844,196.6055450439453,107.33475494384766,97.56388092041016,44.35842514038086,260.9742736816406,176.52978515625,130.7293243408203,26.761999130249023,4.323929786682129,111.21175384521484,104.11136627197266,16.058000564575195,163.61135864257812,35.96284484863281,51.76692581176758,2976.739990234375
2019-10-01,53.88005828857422,272.7099914550781,86.78250122070312,106.52433013916016,59.7700080871582,195.80899047851562,107.84082794189453,95.78983306884766,44.52953338623047,260.3689270019531,174.27955627441406,128.88636779785156,26.95800018310547,4.32219123840332,111.43075561523438,103.667724609375,16.312667846679688,165.78001403808594,35.71133804321289,50.5499153137207,2940.25
2019-10-02,52.5294075012207,266.6600036621094,85.6614990234375,104.42639923095703,58.37834167480469,191.12315368652344,109.50833892822266,93.88314819335938,43.25028610229492,254.16102600097656,173.08010864257812,126.61083984375,26.80299949645996,4.298343658447266,108.64842987060547,101.34913635253906,16.208667755126953,161.53781127929688,35.18710708618164,49.23026657104492,2887.610107421875
2019-10-03,52.975643157958984,272.3999938964844,86.22100067138672,104.49601745605469,58.948787689208984,192.19082641601562,108.83634948730469,93.74946594238281,43.869537353515625,257.82220458984375,177.81849670410156,128.1435089111328,26.815000534057617,4.50377082824707,111.88502502441406,101.90156555175781,15.535332679748535,164.4293212890625,35.24467086791992,49.838768005371094,2910.6298828125
2019-10-04,54.46064376831055,276.9599914550781,86.98249816894531,105.3665542602539,60.01582336425781,193.1398162841797,110.885498046875,95.7800521850586,44.43989562988281,263.3672180175781,178.87913513183594,129.8736572265625,27.27899932861328,4.520167827606201,113.791259765625,103.79328155517578,15.428667068481445,167.38751220703125,35.805267333984375,50.564579010009766,2952.010009765625
2019-10-07,54.472633361816406,276.8999938964844,86.63300323486328,104.67884063720703,59.88151168823242,192.13145446777344,110.47066497802734,95.5711441040039,43.893985748291016,261.5700988769531,178.11582946777344,128.9333953857422,27.445999145507812,4.578788757324219,112.21760559082031,102.82231903076172,15.847999572753906,166.3602752685547,35.52345657348633,49.86809158325195,2938.7900390625
2019-10-08,53.83449172973633,270.8299865722656,85.27549743652344,102.69407653808594,58.98347854614258,192.07215881347656,109.37560272216797,93.44029235839844,43.657691955566406,256.9614562988281,176.20266723632812,127.5699234008789,27.07200050354004,4.4024248123168945,111.3253173828125,101.22357177734375,16.003332138061523,164.00131225585938,35.6295051574707,48.900352478027344,2893.06005859375
2019-10-09,54.4654426574707,274.2699890136719,86.09950256347656,103.97371673583984,59.591590881347656,193.99571228027344,107.2020263671875,94.11715698242188,43.861392974853516,261.935791015625,178.28440856933594,129.9864959716797,26.753000259399414,4.488867282867432,111.82014465332031,102.10246276855469,16.302000045776367,166.34124755859375,36.03859329223633,49.44287109375,2919.39990234375
2019-10-10,55.199546813964844,274.9800109863281,86.01300048828125,106.80287170410156,59.94198226928711,196.25814819335938,107.06928253173828,95.43743133544922,43.72288131713867,263.465576171875,178.4628143310547,130.79518127441406,28.04800033569336,4.546496391296387,111.85259246826172,102.06898498535156,16.31599998474121,166.34124755859375,36.244632720947266,50.03671646118164,2938.1298828125
2019-10-11,56.66775894165039,278.2900085449219,86.59600067138672,111.77349090576172,60.251243591308594,198.84262084960938,108.95248413085938,97.05018615722656,43.429534912109375,265.466796875,182.5866241455078,131.34054565429688,28.292999267578125,4.620025157928467,111.64976501464844,101.35747528076172,16.525999069213867,168.41481018066406,36.43555450439453,50.57190704345703,2970.27001953125
2019-10-14,56.586185455322266,277.7799987792969,86.82150268554688,111.75607299804688,60.353336334228516,198.4358673095703,108.44642639160156,97.30924224853516,43.429534912109375,265.9190368652344,181.68453979492188,131.2183074951172,28.55299949645996,4.633436679840088,111.49566650390625,100.48699188232422,17.130666732788086,168.7001495361328,36.1113166809082,50.718528747558594,2966.14990234375
2019-10-15,56.45425033569336,279.3900146484375,88.36900329589844,114.06295013427734,61.566078186035156,199.6560516357422,110.2052230834961,100.2423095703125,43.60064697265625,268.01654052734375,187.24569702148438,133.1177215576172,28.424999237060547,4.877864837646484,110.58715057373047,98.1014175415039,17.19266700744629,170.0222930908203,36.22040939331055,50.89448165893555,2995.679931640625
2019-10-16,56.22633361816406,272.70001220703125,88.87149810791016,113.33171844482422,61.6037483215332,199.893310546875,112.13817596435547,100.00833892822266,43.58435821533203,267.73748779296875,187.8999786376953,132.0269775390625,28.628000259399414,4.824211120605469,110.6601333618164,98.37761688232422,17.316667556762695,169.18527221679688,36.187068939208984,50.02204895019531,2989.68994140625
2019-10-17,56.44466018676758,269.239990234375,89.3740005493164,114.96826934814453,62.08943176269531,200.63055419921875,112.96781158447266,100.56822204589844,43.828800201416016,266.0441589355469,188.73265075683594,131.34999084472656,29.334999084472656,4.826196670532227,111.09819030761719,98.24789428710938,17.46466636657715,169.25181579589844,36.31433868408203,49.95607376098633,2997.949951171875
2019-10-18,56.71575164794922,265.5199890136719,87.87550354003906,114.67874145507812,61.67362976074219,201.6134796142578,105.94100952148438,100.74369812011719,44.63547134399414,260.38665771484375,184.23216247558594,129.2061004638672,27.530000686645508,4.731805324554443,110.52227783203125,98.95551300048828,17.1299991607666,167.1306915283203,36.10222244262695,49.5675048828125,2986.199951171875
2019-10-21,57.6993522644043,266.8399963378906,89.28299713134766,116.0123062133789,61.66718673706055,200.57122802734375,106.20647430419922,103.24223327636719,44.18731689453125,263.9177551269531,188.10809326171875,130.1651611328125,27.80500030517578,4.868922233581543,110.41679382324219,100.3117446899414,16.899999618530273,167.81553649902344,36.2840461730957,50.395957946777344,3006.719970703125
2019-10-22,57.567405700683594,261.0899963378906,88.2864990234375,117.29326629638672,61.51454162597656,200.99490356445312,107.18541717529297,104.27840423583984,43.87769317626953,251.37135314941406,180.75270080566406,128.2281494140625,26.66900062561035,4.858988285064697,110.85486602783203,102.92316436767578,17.038667678833008,162.5175323486328,36.235565185546875,50.65254211425781,2995.989990234375
2019-10-23,58.33988952636719,261.32000732421875,88.1084976196289,118.74088287353516,62.328819274902344,198.85110473632812,107.76614379882812,104.55419158935547,44.521385192871094,250.9768524169922,184.52955627441406,129.04623413085938,27.12700080871582,4.846069812774658,111.49566650390625,103.61389923095703,16.978666305541992,162.95506286621094,36.16587448120117,51.13642501831055,3004.52001953125
2019-10-24,58.43585205078125,269.70001220703125,89.03900146484375,117.4336166381836,62.40216827392578,198.1901397705078,105.77510833740234,104.47894287109375,44.49694061279297,258.5778503417969,184.757568359375,131.5850372314453,27.149999618530273,4.890036582946777,111.85259246826172,105.12179565429688,19.978666305541992,167.55874633789062,36.09010696411133,50.65254211425781,3010.2900390625
2019-10-25,59.155574798583984,270.9800109863281,88.06649780273438,122.59249877929688,62.65938949584961,198.6053466796875,106.48025512695312,105.31459045410156,43.796207427978516,259.96331787109375,186.25437927246094,132.3278350830078,27.68199920654297,5.080809116363525,110.8386001586914,103.82452392578125,21.875333786010742,169.16622924804688,36.07192611694336,50.76984786987305,3022.550048828125
2019-10-28,59.748138427734375,271.3500061035156,88.85399627685547,122.88201141357422,63.882537841796875,200.65597534179688,107.1688232421875,105.71570587158203,43.6495361328125,265.4859924316406,187.751220703125,135.58128356933594,28.18600082397461,5.13670015335083,110.78185272216797,104.01829528808594,21.847333908081055,171.05906677246094,36.12648010253906,50.32263946533203,3039.419921875
2019-10-29,58.36627960205078,271.45001220703125,88.135498046875,123.9962158203125,62.47898864746094,198.40199279785156,107.11907196044922,105.64884948730469,43.519161224365234,263.908203125,187.66201782226562,134.30252075195312,28.121000289916992,5.0405683517456055,110.38436126708984,104.1193618774414,21.08133316040039,168.9569854736328,35.499210357666016,50.17601013183594,3036.889892578125
2019-10-30,58.35907745361328,278.4100036621094,88.99949645996094,123.12767028808594,62.48097229003906,200.18142700195312,110.2052230834961,105.06390380859375,43.951019287109375,266.6599426269531,186.6112518310547,135.97621154785156,29.145000457763672,5.042555809020996,111.04951477050781,105.24816131591797,21.000667572021484,170.49786376953125,35.787078857421875,49.64815902709961,3046.77001953125
2019-10-31,59.67856216430664,277.92999267578125,88.83300018310547,120.899169921875,62.38680648803711,198.77484130859375,109.54151153564453,104.38704681396484,44.35028076171875,266.3326721191406,189.98165893554688,134.81024169921875,28.740999221801758,4.993372440338135,111.26852416992188,104.88591766357422,20.994667053222656,170.12693786621094,35.53253936767578,49.53819274902344,3037.56005859375
2019-11-01,61.372291564941406,277.82000732421875,89.5719985961914,126.7686538696289,63.05339050292969,201.11354064941406,108.84461975097656,106.7936782836914,43.918434143066406,268.4879455566406,191.9344940185547,135.13934326171875,28.680999755859375,5.032371997833252,111.0738296508789,104.3468017578125,20.887332916259766,172.0958709716797,35.64162826538086,51.026458740234375,3066.909912109375
2019-11-04,61.77531433105469,277.5,90.23300170898438,128.900634765625,63.913753509521484,199.06292724609375,108.03990936279297,107.64601135253906,43.29917526245117,265.8709716796875,193.0249481201172,135.91976928710938,29.285999298095703,5.228857040405273,109.6380615234375,100.30332946777344,21.1646671295166,170.21250915527344,35.626468658447266,52.544044494628906,3078.27001953125
2019-11-05,61.686553955078125,289.2900085449219,90.08550262451172,128.41810607910156,64.00446319580078,196.75808715820312,108.1975326538086,107.87999725341797,42.71250915527344,258.8183898925781,192.62840270996094,135.83514404296875,28.80299949645996,5.206749439239502,108.7052230834961,100.16011810302734,21.148000717163086,167.7584686279297,36.01737976074219,53.58509826660156,3074.6201171875
2019-11-06,61.71294403076172,287.3999938964844,89.78849792480469,127.64603424072266,63.983150482177734,198.29185485839844,108.64554595947266,108.04712677001953,43.022125244140625,259.64581298828125,189.8825225830078,135.45909118652344,28.858999252319336,5.157567024230957,109.05404663085938,101.35629272460938,21.77199935913086,168.1389617919922,36.21131134033203,52.41209030151367,3076.780029296875
2019-11-07,62.425201416015625,290.7699890136719,89.41000366210938,128.97958374023438,64.77263641357422,197.38514709472656,109.03545379638672,108.63206481933594,42.60658645629883,262.4648132324219,188.76234436035156,135.6471405029297,28.957000732421875,5.175201892852783,108.14551544189453,100.7666244506836,22.369333267211914,169.71791076660156,36.432518005371094,53.526458740234375,3085.179931640625
2019-11-08,62.59604263305664,292.4599914550781,89.29399871826172,129.98854064941406,64.87474060058594,197.30035400390625,110.33792114257812,108.94960021972656,42.5413932800293,264.4854431152344,189.1787109375,137.24562072753906,29.156999588012695,5.161291599273682,107.99138641357422,100.83402252197266,22.47599983215332,170.23153686523438,36.19313430786133,52.50993347167969,3093.080078125
2019-11-11,63.09170913696289,290.2699890136719,88.5824966430664,129.84815979003906,64.34345245361328,196.4191131591797,109.49174499511719,108.56521606445312,42.23991394042969,266.5155944824219,187.9594268798828,137.38661193847656,29.417999267578125,5.171227931976318,107.39112854003906,100.52234649658203,23.006000518798828,170.7737274169922,36.07192611694336,52.190887451171875,3087.010009765625
2019-11-12,63.03398895263672,291.7200012207031,88.9000015258789,128.39173889160156,64.29041290283203,197.5376739501953,108.9690933227539,107.93013000488281,42.13398742675781,266.6502990722656,192.77711486816406,138.2893524169922,29.201000213623047,5.206749439239502,107.05855560302734,100.47180938720703,23.32866668701172,170.9639892578125,36.09616470336914,51.471168518066406,3091.840087890625
2019-11-13,63.6379508972168,293.5400085449219,87.65550231933594,126.7686538696289,64.23937225341797,198.9612274169922,108.90272521972656,107.36186218261719,42.7043571472168,267.5450744628906,191.50827026367188,138.51499938964844,28.31100082397461,5.180914878845215,108.1211929321289,101.63428497314453,23.073999404907227,170.65000915527344,36.6597900390625,51.04823684692383,3094.0400390625
2019-11-14,63.19758605957031,294.5299987792969,87.7300033569336,125.84747314453125,64.88217163085938,200.44412231445312,108.64554595947266,107.46217346191406,42.88362121582031,269.0460205078125,191.46859741210938,139.22023010253906,28.961999893188477,5.211221218109131,108.15365600585938,101.50794982910156,23.290000915527344,171.2598114013672,36.559791564941406,50.825645446777344,3096.6298828125
2019-11-15,63.948368072509766,297.5,86.97450256347656,127.48808288574219,66.09095001220703,201.07115173339844,111.94737243652344,108.23931884765625,42.916202545166016,270.1524658203125,193.40162658691406,141.0161895751953,29.503000259399414,5.072115898132324,108.54299926757812,101.54161834716797,23.47800064086914,171.27883911132812,36.02041244506836,51.33761215209961,3120.4599609375
2019-11-18,64.27078247070312,297.1600036621094,87.62650299072266,125.97904968261719,65.41197967529297,202.39308166503906,111.8561019897461,109.15011596679688,43.20954513549805,270.2294921875,195.68161010742188,141.3641357421875,30.256999969482422,5.273072242736816,108.74577331542969,102.67886352539062,23.332666397094727,171.174072265625,36.43858337402344,50.840484619140625,3122.030029296875
2019-11-19,64.07585906982422,300.6000061035156,87.6395034790039,125.61931610107422,65.05266571044922,191.38583374023438,111.84783935546875,109.1167221069336,43.25028610229492,274.51104736328125,197.5848846435547,141.41110229492188,30.260000228881836,5.166508197784424,109.15950775146484,102.282958984375,23.968000411987305,174.13719177246094,36.329490661621094,50.32109451293945,3120.179931640625
2019-11-20,63.32994079589844,300.1000061035156,87.27649688720703,124.16291046142578,64.52088165283203,187.18289184570312,112.7770004272461,108.3228759765625,43.364349365234375,274.5783996582031,195.7906494140625,141.16575622558594,30.516000747680664,5.245748519897461,108.48619842529297,103.01582336425781,23.481332778930664,173.0796356201172,36.09919738769531,50.47691345214844,3108.4599609375
2019-11-21,63.046024322509766,298.79998779296875,86.7354965209961,125.77729034423828,64.43563079833984,185.18310546875,113.19178771972656,108.57354736328125,43.152496337890625,273.68353271484375,196.20700073242188,141.03370666503906,31.16900062561035,5.2209086418151855,108.62409973144531,101.37315368652344,23.655332565307617,171.3932342529297,36.32039260864258,51.69377136230469,3103.5400390625
2019-11-22,62.99067306518555,299.29998779296875,87.28600311279297,126.23347473144531,64.114990234375,184.75091552734375,114.5440444946289,109.29222106933594,43.20954513549805,271.8747863769531,197.08926391601562,141.13754272460938,31.04800033569336,5.2385454177856445,108.75391387939453,101.33104705810547,22.202667236328125,170.99307250976562,36.16889572143555,51.471168518066406,3110.2900390625
2019-11-25,64.09513092041016,305.2799987792969,88.69200134277344,128.46197509765625,64.70822143554688,185.06446838378906,114.59418487548828,109.87715148925781,43.364349365234375,276.72393798828125,198.05081176757812,142.6848602294922,31.55500030517578,5.494894981384277,108.55923461914062,101.51636505126953,22.422666549682617,172.42221069335938,36.03557205200195,51.12986755371094,3133.639892578125
2019-11-26,63.5946159362793,307.8999938964844,89.84700012207031,128.1724090576172,65.07298278808594,187.0642547607422,114.58580017089844,110.02754974365234,43.918434143066406,278.4269714355469,197.2379608154297,143.43960571289062,31.249000549316406,5.390318870544434,110.07611083984375,102.99057006835938,21.92799949645996,173.9276123046875,36.117374420166016,51.003726959228516,3140.52001953125
2019-11-27,64.44884490966797,309.05999755859375,90.92549896240234,127.82151794433594,65.02986907958984,188.9623565673828,115.07032775878906,110.35346984863281,43.95917510986328,280.6591796875,200.2415771484375,143.71324157714844,31.593000411987305,5.425119876861572,110.24644470214844,102.5693359375,22.086000442504883,175.66162109375,35.98707580566406,50.97404098510742,3153.6298828125
2019-11-29,64.30686950683594,309.5299987792969,90.04000091552734,126.97920989990234,64.63140869140625,186.8524169921875,114.85313415527344,110.1027603149414,43.83603286743164,281.169189453125,199.88470458984375,142.82638549804688,31.465999603271484,5.387831211090088,110.18156433105469,102.82205963134766,21.996000289916992,175.79495239257812,36.087074279785156,50.551116943359375,3140.97998046875
2019-12-02,63.563350677490234,302.75,89.08000183105469,125.42634582519531,63.876590728759766,184.40345764160156,114.74452209472656,109.86040496826172,44.12335205078125,275.6272277832031,197.9615936279297,141.09974670410156,30.999000549316406,5.20164155960083,110.22212982177734,103.37804412841797,22.32466697692871,173.2034454345703,36.144649505615234,50.76629638671875,3113.8701171875
2019-12-03,62.43001174926758,303.9100036621094,88.49800109863281,122.88201141357422,64.16799926757812,181.3360595703125,114.57745361328125,108.44821166992188,44.16438674926758,276.2236633300781,197.08926391601562,140.87335205078125,30.615999221801758,5.162116050720215,109.88143157958984,103.57181549072266,22.413333892822266,173.3083038330078,35.959808349609375,50.3656120300293,3093.199951171875
2019-12-04,62.98103332519531,302.510009765625,88.03450012207031,122.93458557128906,65.36736297607422,182.58111572265625,116.43197631835938,110.58743286132812,44.56663131713867,275.983154296875,196.98019409179688,141.3828125,30.43199920654297,5.205867767333984,111.37400817871094,104.90278625488281,22.20199966430664,172.0697021484375,35.96586227416992,50.93693923950195,3112.760009765625
2019-12-05,63.905025482177734,303.0299987792969,87.02400207519531,123.75055694580078,65.76485443115234,181.64306640625,116.58231353759766,111.18907165527344,44.48454284667969,278.87921142578125,197.62454223632812,141.45826721191406,30.285999298095703,5.188964366912842,111.36988830566406,104.97858428955078,22.024667739868164,173.2987518310547,36.11806106567383,50.75887680053711,3117.429931640625
2019-12-06,65.13941192626953,306.2300109863281,87.58000183105469,125.21575927734375,66.3808822631836,182.734619140625,117.2673110961914,112.8436279296875,44.67334747314453,279.4083557128906,199.29981994628906,143.17544555664062,30.735000610351562,5.274228572845459,112.20306396484375,104.61636352539062,22.392667770385742,173.5655059814453,36.4589729309082,51.57503128051758,3145.909912109375
2019-12-09,64.22745513916016,307.04998779296875,87.47550201416016,125.31224822998047,66.5593032836914,184.6533966064453,117.36756896972656,112.31719970703125,44.38603973388672,278.1190490722656,199.5873260498047,142.80752563476562,30.25,5.274228572845459,112.03972625732422,105.18919372558594,22.635332107543945,174.28013610839844,36.33113098144531,51.68635177612305,3135.9599609375
2019-12-10,64.60284423828125,304.1700134277344,86.96050262451172,125.34735107421875,66.5543441772461,184.1161346435547,116.9415512084961,112.39242553710938,44.139766693115234,277.6861267089844,199.12139892578125,142.59051513671875,29.312000274658203,5.319223403930664,111.31273651123047,104.6837387084961,23.256000518798828,173.65126037597656,36.264156341552734,51.24113845825195,3132.52001953125
2019-12-11,65.15387725830078,303.739990234375,87.43599700927734,126.33875274658203,66.62175750732422,180.79026794433594,117.7685546875,112.12500762939453,44.28753662109375,279.0715637207031,200.49929809570312,143.12831115722656,29.89299964904785,5.402747631072998,111.9906997680664,105.01227569580078,23.51333236694336,173.4130401611328,36.2215576171875,51.166961669921875,3141.6298828125
2019-12-12,65.31990814208984,305.9599914550781,88.0165023803711,128.7777557373047,66.83187866210938,180.82437133789062,118.06926727294922,115.33379364013672,44.4434928894043,281.14984130859375,195.03726196289062,144.58126831054688,29.8439998626709,5.5700459480285645,112.05606842041016,104.93646240234375,23.978666305541992,174.0133056640625,36.452880859375,52.190887451171875,3168.570068359375
2019-12-13,66.20782470703125,317.94000244140625,88.0469970703125,127.68109130859375,66.75160217285156,182.5640869140625,118.10266876220703,114.32271575927734,44.67334747314453,284.8830261230469,192.4202423095703,145.7983856201172,29.850000381469727,5.568056583404541,112.67687225341797,105.69462585449219,23.892667770385742,176.39524841308594,36.61419677734375,51.36730194091797,3168.800048828125
2019-12-16,67.34114837646484,323.79998779296875,88.46050262451172,127.53199768066406,67.43702697753906,183.80059814453125,118.4451675415039,114.76554107666016,44.67334747314453,285.7200927734375,196.19708251953125,146.74191284179688,30.42099952697754,5.596893310546875,111.9580078125,105.77043914794922,25.433332443237305,177.44326782226562,36.69029998779297,51.93861770629883,3191.449951171875
2019-12-17,67.4735107421875,322.8500061035156,89.53299713134766,128.41810607910156,67.14906311035156,185.66822814941406,119.92374420166016,115.46747589111328,44.67334747314453,284.7964782714844,196.66299438476562,145.9493865966797,31.54800033569336,5.674947261810303,111.23106384277344,105.55985260009766,25.266000747680664,176.75730895996094,36.91554641723633,51.701175689697266,3192.52001953125
2019-12-18,67.31227111816406,324.3800048828125,89.20149993896484,129.0760955810547,67.00138854980469,185.90699768066406,119.61466217041016,115.35054779052734,44.25469207763672,283.5841064453125,200.73721313476562,145.64744567871094,32.08000183105469,5.705275058746338,111.0676498413086,104.46473693847656,26.209999084472656,176.16659545898438,36.483306884765625,51.842159271240234,3191.139892578125
2019-12-19,67.379638671875,327.6300048828125,89.61399841308594,127.23367309570312,67.22589874267578,187.80014038085938,121.41907501220703,114.77394104003906,44.59126281738281,286.2685852050781,204.2662353515625,146.91171264648438,33.22200012207031,5.853181838989258,111.47607421875,105.23129272460938,26.93600082397461,177.72906494140625,36.55027389526367,51.486000061035156,3205.3701171875
2019-12-20,67.24008178710938,327.6099853515625,89.32499694824219,129.4709014892578,66.96717834472656,188.62734985351562,122.01214599609375,114.6820068359375,45.12484359741211,287.2691650390625,204.50411987304688,148.5156707763672,33.689998626708984,5.950379848480225,112.6605224609375,105.6019515991211,27.03933334350586,179.12014770507812,36.61419677734375,51.89410400390625,3221.219970703125
2019-12-23,68.33732604980469,328.95001220703125,89.6500015258789,130.28684997558594,66.93795776367188,186.93882751464844,122.32957458496094,114.64859008789062,45.075592041015625,286.01837158203125,204.3851776123047,148.5156707763672,33.310001373291016,5.936708450317383,111.94169616699219,105.2144546508789,27.947999954223633,178.24362182617188,36.23069381713867,52.15378952026367,3224.010009765625
2019-12-24,68.40229034423828,329.6400146484375,89.46050262451172,129.39195251464844,66.63066864013672,188.18389892578125,121.90355682373047,114.96611785888672,44.911415100097656,286.2204284667969,203.3343963623047,148.48736572265625,33.31999969482422,5.931736469268799,111.81916809082031,105.4840087890625,28.350000381469727,178.7104949951172,36.37678527832031,51.953453063964844,3223.3798828125
2019-12-26,69.75941467285156,331.20001220703125,93.4384994506836,130.0411834716797,67.52474975585938,188.3118438720703,121.82001495361328,116.18616485595703,45.1658935546875,287.8753662109375,205.98114013671875,149.70443725585938,33.26300048828125,5.945904731750488,111.65579986572266,105.4840087890625,28.729333877563477,180.22535705566406,36.37982177734375,52.03507614135742,3239.909912109375
2019-12-27,69.73295593261719,330.7900085449219,93.48999786376953,130.0938262939453,67.13666534423828,187.58692932128906,121.75318908691406,116.26972198486328,45.43678665161133,289.3569641113281,206.28846740722656,149.97802734375,32.909000396728516,5.8882341384887695,112.3501205444336,106.21690368652344,28.691999435424805,180.44447326660156,36.4011344909668,51.856998443603516,3240.02001953125
2019-12-30,70.1468276977539,328.3399963378906,92.34449768066406,129.42703247070312,66.39673614501953,185.31854248046875,121.37723541259766,115.84355926513672,45.37111282348633,286.4512939453125,202.630615234375,148.68545532226562,32.33100128173828,5.775128364562988,111.75382232666016,104.85224151611328,27.64666748046875,178.9582061767578,36.34330749511719,51.552791595458984,3221.2900390625
2019-12-31,70.65935516357422,329.80999755859375,92.39199829101562,129.5673828125,66.3808822631836,186.2310333251953,121.85343933105469,116.48696899414062,45.43678665161133,287.2883605957031,203.4632568359375,148.78924560546875,32.356998443603516,5.849206924438477,111.63945007324219,105.2144546508789,27.8886661529541,179.02487182617188,36.1728401184082,51.7753791809082,3230.780029296875
2020-01-02,72.27154541015625,334.42999267578125,94.90049743652344,132.06787109375,67.83251190185547,187.32257080078125,121.93696594238281,117.89920806884766,45.14126968383789,291.9068298339844,207.95384216308594,151.5442352294922,32.98099899291992,5.963803291320801,110.94514465332031,103.95929718017578,28.68400001525879,182.0927734375,36.203285217285156,52.606407165527344,3257.85009765625
2020-01-03,71.56892395019531,331.80999755859375,93.74849700927734,130.23419189453125,67.47765350341797,186.70008850097656,120.52523040771484,116.3433609008789,44.894989013671875,289.0587158203125,206.853515625,149.65725708007812,32.59000015258789,5.868348598480225,110.78993225097656,103.26011657714844,29.534000396728516,180.64456176757812,35.88368225097656,52.183475494384766,3234.85009765625
2020-01-06,72.13919830322266,333.7099914550781,95.14399719238281,130.14646911621094,69.27621459960938,187.5784149169922,120.37487030029297,116.2508316040039,44.878578186035156,289.8285217285156,210.74929809570312,150.04408264160156,33.58300018310547,5.892956256866455,111.21468353271484,103.40331268310547,30.1026668548584,180.25393676757812,35.810630798339844,52.58414077758789,3246.280029296875
2020-01-07,71.79993438720703,333.3900146484375,95.34300231933594,128.42684936523438,69.14240264892578,186.35043334960938,121.1099624633789,114.27452087402344,44.53379440307617,288.8470458984375,211.20529174804688,148.67604064941406,33.07500076293945,5.964301586151123,109.46663665771484,102.76310729980469,31.270666122436523,179.77755737304688,35.478858947753906,52.15378952026367,3237.179931640625
2020-01-08,72.95490264892578,337.8699951171875,94.59850311279297,129.5673828125,69.63452911376953,189.13902282714844,121.09327697753906,115.16596221923828,44.61588668823242,293.9436340332031,213.3464813232422,151.04417419433594,33.92599868774414,5.97548770904541,110.0302505493164,103.201171875,32.80933380126953,182.85501098632812,35.35710144042969,51.36730194091797,3253.050048828125
2020-01-09,74.5045394897461,340.45001220703125,95.05249786376953,129.2427978515625,70.36556243896484,192.03851318359375,121.45245361328125,115.58646392822266,45.4285888671875,297.7973937988281,216.39968872070312,152.93118286132812,33.566001892089844,6.04111385345459,110.10376739501953,104.3299560546875,32.089332580566406,184.12216186523438,35.72236633300781,51.76055145263672,3274.699951171875
2020-01-10,74.67294311523438,339.80999755859375,94.15799713134766,128.20751953125,70.82003021240234,191.2113037109375,121.1767807006836,114.434326171875,45.584556579589844,299.79168701171875,216.16175842285156,152.22360229492188,32.904998779296875,6.073430061340332,109.89139556884766,104.4310302734375,31.876667022705078,184.61761474609375,35.42405700683594,51.30050277709961,3265.35009765625
2020-01-13,76.268310546875,345.6300048828125,94.56500244140625,128.8128662109375,71.36866760253906,190.4608612060547,121.71143341064453,115.3846206665039,46.07710266113281,303.6839904785156,219.978271484375,154.053955078125,33.891998291015625,6.263845920562744,111.52510070800781,105.19762420654297,34.990665435791016,186.10394287109375,35.27186965942383,51.79022216796875,3288.1298828125
2020-01-14,75.2384262084961,344.6300048828125,93.47200012207031,128.69004821777344,70.90081024169922,190.0088653564453,122.39640808105469,116.730224609375,45.97037124633789,299.2811279296875,217.15304565429688,152.96893310546875,33.86899948120117,6.1470112800598145,111.78651428222656,105.03755950927734,35.861331939697266,186.78993225097656,35.363189697265625,51.34502410888672,3283.14990234375
2020-01-15,74.91600799560547,342.94000244140625,93.10099792480469,127.7162094116211,71.32752227783203,191.52685546875,122.80571746826172,114.98094177246094,46.54499435424805,302.759033203125,219.22488403320312,153.95962524414062,33.90700149536133,6.1045026779174805,113.7060775756836,106.10738372802734,34.56666564941406,190.3628387451172,35.08924865722656,51.263397216796875,3289.2900390625
2020-01-16,75.85445404052734,345.3800048828125,93.89700317382812,129.73406982421875,71.87071228027344,195.13414001464844,123.79979705810547,115.42664337158203,46.64350891113281,308.58782958984375,219.8394775390625,156.78065490722656,33.86199951171875,6.188026428222656,114.04098510742188,106.20004272460938,34.232666015625,191.45851135253906,35.27796173095703,51.06306838989258,3316.81005859375
2020-01-17,76.6942367553711,349.739990234375,93.23600006103516,130.56460571289062,73.3258056640625,197.76919555664062,124.61009216308594,116.22559356689453,46.74201965332031,311.8250427246094,220.2062530517578,157.65811157226562,33.96699905395508,6.196728229522705,115.3888168334961,106.4864730834961,34.03333282470703,195.0313262939453,34.991844177246094,50.87016677856445,3329.6201171875
2020-01-21,76.17447662353516,350.0,94.5999984741211,128.8594512939453,73.46110534667969,198.65609741210938,124.69364166259766,115.08184814453125,46.93083572387695,310.1582336425781,219.5123291015625,157.09202575683594,33.81100082397461,6.163417339324951,115.87893676757812,106.21690368652344,36.47999954223633,197.49900817871094,35.18359375,50.14302444458008,3320.7900390625
2020-01-22,76.4463882446289,350.05999755859375,94.37300109863281,126.01455688476562,73.54138946533203,198.61346435546875,123.84159851074219,114.94730377197266,47.292022705078125,312.451171875,219.39341735839844,156.33726501464844,32.599998474121094,6.217358589172363,117.12057495117188,106.40222930908203,37.97066879272461,198.08016967773438,35.338844299316406,49.85365676879883,3321.75
2020-01-23,76.81453704833984,351.760009765625,94.22899627685547,126.12057495117188,73.58203887939453,199.25302124023438,124.075439453125,114.82955932617188,47.472618103027344,313.09674072265625,217.84693908691406,157.29957580566406,34.959999084472656,6.285721778869629,117.34111022949219,105.91583251953125,38.14666748046875,196.76539611816406,35.25056076049805,49.542015075683594,3325.5400390625
2020-01-24,76.59314727783203,351.3699951171875,93.08200073242188,124.02667236328125,72.66417694091797,197.84593200683594,123.90006256103516,111.97859191894531,47.34947967529297,311.8346252441406,216.04283142089844,155.71453857421875,35.316001892089844,6.22655725479126,116.74481201171875,106.04293060302734,37.654666900634766,195.31719970703125,34.812252044677734,49.20813751220703,3295.469970703125
2020-01-27,74.34091186523438,346.8999938964844,91.41699981689453,119.91834259033203,70.95730590820312,197.1551971435547,124.25929260253906,111.03665161132812,47.185302734375,304.22344970703125,212.99954223632812,153.11050415039062,34.28799819946289,5.971012592315674,116.10765838623047,106.50899505615234,37.201332092285156,192.1635284423828,35.265785217285156,48.035804748535156,3243.6298828125
2020-01-28,76.44396209716797,354.6300048828125,92.6624984741211,120.81070709228516,71.88755798339844,199.43212890625,124.88578796386719,113.05506134033203,46.799468994140625,308.5589294433594,215.89410400390625,156.1107940673828,34.85200119018555,6.164163112640381,116.35272216796875,106.79711151123047,37.793331146240234,193.26873779296875,35.49103546142578,47.969024658203125,3276.239990234375
2020-01-29,78.04412078857422,351.6600036621094,92.9000015258789,119.9625473022461,72.19483184814453,199.568603515625,125.75450897216797,112.88684844970703,46.799468994140625,308.60711669921875,221.2867431640625,158.5449981689453,34.316001892089844,6.103756427764893,115.77276611328125,105.97515106201172,38.732666015625,195.1837921142578,35.27491760253906,47.568355560302734,3273.39990234375
2020-01-30,77.93101501464844,356.739990234375,93.53399658203125,119.60028076171875,72.07341003417969,198.5196533203125,125.60417175292969,114.28292083740234,48.318145751953125,312.5957336425781,207.70602416992188,163.0171661376953,34.77399826049805,6.110469818115234,117.48814392089844,106.72932434082031,42.72066879272461,198.3756103515625,35.48494338989258,48.07290267944336,3283.659912109375
2020-01-31,74.47566986083984,351.1400146484375,100.43599700927734,116.04859161376953,71.00933837890625,194.52012634277344,124.35948181152344,111.31421661376953,47.94053268432617,304.38720703125,200.15237426757812,160.6112518310547,34.50899887084961,5.87729549407959,116.00961303710938,105.60228729248047,43.371334075927734,189.57203674316406,34.848777770996094,46.09181213378906,3225.52001953125
2020-02-03,74.27112579345703,358.0,100.20999908447266,114.65263366699219,73.47844696044922,197.4536590576172,125.44546508789062,112.1635971069336,48.08829116821289,312.65350341796875,202.41250610351562,164.5268096923828,35.79999923706055,5.974245071411133,116.4098892211914,106.01752471923828,52.0,191.32508850097656,34.781822204589844,45.060455322265625,3248.919921875
2020-02-04,76.72309112548828,366.739990234375,102.4834976196289,117.95697784423828,71.63530731201172,200.40431213378906,126.6400146484375,113.7783203125,48.301734924316406,317.0853576660156,208.00340270996094,169.9424285888672,36.9010009765625,6.143282413482666,116.98987579345703,106.48358154296875,59.137332916259766,193.94522094726562,35.08619689941406,44.496559143066406,3297.590087890625
2020-02-05,77.34871673583984,365.54998779296875,101.99349975585938,121.42918395996094,71.66700744628906,203.05645751953125,128.63650512695312,115.71260833740234,48.309940338134766,316.3146057128906,208.2809600830078,169.73489379882812,36.96699905395508,6.233519077301025,117.87208557128906,107.45808410644531,48.97999954223633,193.23062133789062,35.55494689941406,46.54442596435547,3334.68994140625
2020-02-06,78.25344848632812,367.4599914550781,102.5114974975586,121.26128387451172,73.14987182617188,203.6790008544922,128.25228881835938,115.72943878173828,48.42486572265625,317.2586975097656,209.0145263671875,173.25408935546875,36.69499969482422,6.320274829864502,117.89656829833984,107.73772430419922,49.930667877197266,193.44973754882812,35.40275955200195,45.913726806640625,3345.780029296875
2020-02-07,77.18981170654297,366.0899963378906,103.96399688720703,117.83323669433594,73.30547332763672,202.36570739746094,126.88225555419922,115.3593978881836,48.58903884887695,315.0428161621094,210.4816436767578,173.49942016601562,36.676998138427734,6.254150867462158,118.7460708618164,106.8395004272461,49.871334075927734,193.1639404296875,35.445369720458984,45.60952377319336,3327.7099609375
2020-02-10,77.5564193725586,370.0,106.69550323486328,118.67259979248047,74.7699966430664,205.1884307861328,126.85721588134766,115.8387680053711,49.04874038696289,318.20294189453125,211.20529174804688,178.03762817382812,37.106998443603516,6.537041187286377,118.98300170898438,106.9157485961914,51.41866683959961,196.2604217529297,35.080116271972656,45.12784194946289,3352.090087890625
2020-02-11,77.08849334716797,369.2799987792969,107.54000091552734,120.32476806640625,74.83938598632812,206.06678771972656,126.9657974243164,116.05741882324219,48.91740417480469,318.81951904296875,205.3863525390625,174.0183868408203,37.36899948120117,6.65934419631958,119.32605743408203,105.21249389648438,51.62533187866211,194.30726623535156,35.125770568847656,45.55685043334961,3357.75
2020-02-12,78.9191665649414,374.2900085449219,108.0,123.32870483398438,75.26412200927734,206.02415466308594,126.21399688720703,116.05741882324219,48.769630432128906,321.9410705566406,208.92530822753906,174.2731170654297,38.000999450683594,6.774937629699707,119.32605743408203,104.61083221435547,51.15266799926758,197.6419677734375,35.26274490356445,46.11377716064453,3379.449951171875
2020-02-13,78.35716247558594,374.8399963378906,107.49349975585938,123.44355773925781,75.0044174194336,206.68084716796875,125.37860870361328,115.95650482177734,48.93382263183594,323.5595703125,211.28460693359375,173.32955932617188,38.13999938964844,6.731184959411621,119.64460754394531,105.8904037475586,53.599998474121094,197.88999938964844,35.746707916259766,45.85789489746094,3373.93994140625
2020-02-14,78.37648010253906,379.6700134277344,106.74349975585938,121.91510009765625,75.26908111572266,208.957763671875,125.41204833984375,115.60330963134766,49.212928771972656,328.48272705078125,212.3155517578125,174.8769073486328,38.040000915527344,7.2037458419799805,120.06938171386719,106.89033508300781,53.33533477783203,200.64752197265625,35.88368225097656,45.64714813232422,3380.159912109375
2020-02-18,76.94136047363281,378.8500061035156,107.78350067138672,120.66934204101562,75.30426788330078,208.02821350097656,124.58504486083984,114.07266235351562,48.86814880371094,328.7620849609375,215.90402221679688,176.65069580078125,38.77799987792969,7.372287273406982,118.93395233154297,105.81414031982422,57.22666549682617,201.5157470703125,36.413307189941406,45.06763458251953,3370.2900390625
2020-02-19,78.0556869506836,383.2799987792969,108.51100158691406,120.91674041748047,75.57337188720703,207.77239990234375,124.41796875,115.62850189208984,49.06516647338867,331.9606628417969,215.59674072265625,177.1804962158203,38.61899948120117,7.822970867156982,118.87677764892578,106.29714965820312,61.16133117675781,203.52902221679688,35.81977844238281,45.41383743286133,3386.14990234375
2020-02-20,77.2549057006836,378.9599914550781,107.65499877929688,120.9785385131836,75.1828384399414,210.65475463867188,123.94181060791016,115.62850189208984,49.02412796020508,331.8547058105469,212.71205139160156,174.47470092773438,38.599998474121094,7.6738200187683105,118.57456970214844,107.26319122314453,59.96066665649414,201.75436401367188,35.82280731201172,45.052574157714844,3373.22998046875
2020-02-21,75.5062484741211,372.95001220703125,104.79850006103516,121.22594451904297,73.52106475830078,209.22210693359375,125.2449722290039,114.21563720703125,49.36069107055664,327.2785339355469,208.350341796875,168.95912170410156,38.00699996948242,7.310140132904053,119.13817596435547,107.36487579345703,60.06666564941406,199.23536682128906,36.093711853027344,44.503150939941406,3337.75
2020-02-24,71.91967010498047,357.4100036621094,100.4645004272461,116.77308654785156,70.3690185546875,204.41236877441406,122.66405487060547,111.14601135253906,48.14574432373047,312.79803466796875,198.9727325439453,161.6743621826172,36.869998931884766,6.793332576751709,116.51605987548828,104.48371887207031,55.58599853515625,189.6748046875,35.405799865722656,42.41836166381836,3225.889892578125
2020-02-25,69.48359680175781,347.79998779296875,98.63700103759766,113.97236633300781,68.70675659179688,202.4339141845703,121.60478973388672,106.18414306640625,47.46440124511719,291.8144836425781,195.0570831298828,159.0064697265625,36.00899887084961,6.514171600341797,115.25812530517578,102.89910888671875,53.32733154296875,179.76119995117188,34.8183479309082,40.79267120361328,3128.2099609375
2020-02-26,70.5858383178711,351.3399963378906,98.97949981689453,113.30972290039062,68.91243743896484,200.64308166503906,120.78932189941406,106.50369262695312,47.28380584716797,287.14178466796875,195.48333740234375,160.99317932128906,37.92399978637695,6.653378963470459,115.9769515991211,101.82290649414062,51.91999816894531,178.62582397460938,34.63267517089844,39.89704132080078,3116.389892578125
2020-02-27,65.9718017578125,337.5199890136719,94.21499633789062,108.90984344482422,65.16962432861328,191.64620971679688,116.95579528808594,102.07164764404297,45.09201431274414,275.3686828613281,188.0982208251953,149.6497344970703,37.17100143432617,6.28301477432251,111.39441680908203,96.17927551269531,45.266666412353516,171.7559356689453,33.603858947753906,37.49614715576172,2978.760009765625
2020-02-28,65.93319702148438,345.1199951171875,94.1875,109.766845703125,66.37395477294922,185.77053833007812,113.05506134033203,97.64801788330078,43.90991973876953,279.6366882324219,190.7945098876953,153.27320861816406,36.90299987792969,6.717551231384277,107.84925079345703,95.95045471191406,44.53266525268555,173.4257049560547,32.775936126708984,38.71541213989258,2954.219970703125
2020-03-02,72.07164001464844,360.2799987792969,97.69750213623047,112.73546600341797,68.70675659179688,196.0892333984375,117.7124252319336,102.19779968261719,45.904701232910156,295.52374267578125,194.72998046875,163.47190856933594,38.10499954223633,6.875747203826904,112.3827896118164,101.31446838378906,49.574668884277344,183.5110321044922,35.27186965942383,40.55183029174805,3090.22998046875
2020-03-03,69.78268432617188,348.3399963378906,95.44950103759766,109.89054870605469,66.2981185913086,194.38368225097656,113.98819732666016,98.36286163330078,46.01962661743164,281.32275390625,184.27178955078125,155.63839721679688,36.87699890136719,6.613580226898193,110.74909973144531,100.13658905029297,49.70066833496094,177.2136688232422,34.36785125732422,38.610042572021484,3003.3701171875
2020-03-04,73.0195083618164,363.8500061035156,98.79149627685547,112.5587387084961,68.47284698486328,205.58924865722656,120.62117767333984,100.79331970214844,48.36738967895508,291.3037109375,190.09071350097656,161.35267639160156,38.37900161743164,7.076723098754883,116.31189727783203,105.50060272216797,49.96666717529297,185.38111877441406,35.542781829833984,39.45298767089844,3130.1201171875
2020-03-05,70.65099334716797,351.0299987792969,96.20149993896484,107.76129913330078,65.16020965576172,200.24224853515625,119.38540649414062,95.84827423095703,46.57784652709961,280.09912109375,183.55809020996094,157.3035430908203,37.27799987792969,6.797643661499023,113.56926727294922,103.06857299804688,48.30266571044922,178.3872833251953,35.28404998779297,37.71440887451172,3023.93994140625
2020-03-06,69.71272277832031,336.7699890136719,95.05449676513672,107.26654815673828,64.21756744384766,194.86972045898438,119.40218353271484,90.89483642578125,45.3629035949707,276.51507568359375,179.51358032226562,152.85699462890625,36.89699935913086,6.617312431335449,112.87847137451172,103.09400939941406,46.89866638183594,175.906494140625,35.68279266357422,35.89303970336914,2972.3701171875
2020-03-09,64.19900512695312,305.7900085449219,90.03050231933594,91.946533203125,60.25520706176758,179.47698974609375,114.70281219482422,78.5826644897461,42.57185745239258,252.42933654785156,168.02447509765625,142.49746704101562,34.64899826049805,6.104919910430908,107.03965759277344,98.34860229492188,40.53333282470703,163.2831268310547,35.66148376464844,31.505191802978516,2746.56005859375
2020-03-10,68.82271575927734,332.3800048828125,94.59100341796875,94.08460998535156,63.19810485839844,192.4734649658203,119.07435607910156,84.68829345703125,44.049468994140625,270.3106994628906,176.6388397216797,152.2420196533203,36.41299819946289,6.493940830230713,110.31267547607422,102.15340423583984,43.02199935913086,174.22718811035156,36.46200180053711,32.671775817871094,2882.22998046875
2020-03-11,66.43248748779297,315.2300109863281,91.04299926757812,88.96027374267578,60.012855529785156,182.76390075683594,110.80203247070312,80.70194244384766,42.85916519165039,259.89593505859375,168.75804138183594,145.34515380859375,34.992000579833984,6.130539894104004,106.70247650146484,94.56072235107422,42.28200149536133,165.01962280273438,34.830528259277344,31.595516204833984,2741.3798828125
2020-03-12,59.8719482421875,285.0,83.83049774169922,81.5123291015625,55.089012145996094,163.61956787109375,105.43006896972656,74.0497055053711,38.713619232177734,232.66925048828125,153.12530517578125,131.56088256835938,31.524999618530273,5.380359649658203,94.85211181640625,86.29862213134766,37.369998931884766,152.73980712890625,31.671037673950195,27.982868194580078,2480.639892578125
2020-03-13,67.04510498046875,335.5,89.25,88.0325927734375,60.17987060546875,176.56558227539062,112.89533996582031,87.38787078857422,40.13794708251953,260.1367492675781,168.79769897460938,150.26475524902344,33.630001068115234,5.99050235748291,104.81102752685547,96.66227722167969,36.44133377075195,167.7676239013672,34.73006820678711,28.690353393554688,2711.02001953125
2020-03-16,58.41996765136719,286.0299987792969,84.4574966430664,82.52835083007812,53.17845916748047,141.61648559570312,106.87604522705078,74.31039428710938,37.47975540161133,227.0331573486328,144.7389678955078,128.1171417236328,29.884000778198242,4.885130405426025,93.00177764892578,91.94229888916016,29.67133331298828,145.03985595703125,32.49589920043945,25.958295822143555,2386.1298828125
2020-03-17,60.98869705200195,311.80999755859375,90.39199829101562,88.52735900878906,55.411651611328125,149.0681610107422,114.82890319824219,78.85175323486328,39.069705963134766,229.18162536621094,148.11929321289062,138.66592407226562,31.975000381469727,5.404238700866699,105.03307342529297,100.1959228515625,28.68000030517578,150.6501922607422,36.300697326660156,27.704395294189453,2529.18994140625
2020-03-18,59.495689392089844,294.6099853515625,91.5,88.45667266845703,54.07996368408203,133.60679626464844,113.4585952758789,70.55113983154297,37.14023208618164,219.59548950195312,145.68067932128906,132.82855224609375,31.547000885009766,5.044816970825195,99.4409408569336,99.5264663696289,24.08133316040039,141.6717071533203,37.31123733520508,24.927183151245117,2398.10009765625
2020-03-19,59.039825439453125,307.510009765625,94.04650115966797,91.01002502441406,55.09496307373047,138.32846069335938,106.80878448486328,71.73694610595703,34.639381408691406,218.8439483642578,151.7969970703125,135.01402282714844,33.202999114990234,5.297283172607422,96.49687194824219,93.91673278808594,28.50933265686035,145.26885986328125,36.51939392089844,25.91313934326172,2409.389892578125
2020-03-20,55.291648864746094,295.3399963378906,92.30449676513672,84.37488555908203,52.941062927246094,130.61923217773438,100.78948974609375,70.22315216064453,31.7161922454834,203.68917846679688,148.42657470703125,129.943115234375,33.28300094604492,5.117696285247803,85.46888732910156,86.79859161376953,28.50200080871582,140.09735107421875,34.84401321411133,24.641185760498047,2304.919921875
2020-03-23,54.11702346801758,307.2699890136719,95.1415023803711,81.15007781982422,52.243247985839844,139.41017150878906,93.43350982666016,66.46389770507812,31.103391647338867,195.86610412597656,146.81077575683594,128.64694213867188,36.027000427246094,5.290317058563232,86.49687957763672,82.79043579101562,28.952667236328125,129.51585388183594,34.93877029418945,23.6702880859375,2237.39990234375
2020-03-24,59.54634475708008,310.0,97.00499725341797,89.53455352783203,56.003902435302734,158.58026123046875,100.1926040649414,74.36925506591797,32.66849899291992,228.40126037597656,159.57864379882812,140.34039306640625,35.731998443603516,6.197946071624756,93.61857604980469,87.51040649414062,33.66666793823242,147.44427490234375,35.16808319091797,26.673295974731445,2447.330078125
2020-03-25,59.21831130981445,305.9100036621094,94.29199981689453,92.47663879394531,54.59687805175781,156.03912353515625,100.3775634765625,77.14454650878906,34.45719528198242,247.10154724121094,154.85020446777344,138.99700927734375,34.23899841308594,6.109397888183594,92.51658630371094,85.51905059814453,35.95000076293945,154.36184692382812,33.446815490722656,28.065671920776367,2475.56005859375
2020-03-26,62.334556579589844,322.6700134277344,97.77449798583984,97.62747192382812,57.63493728637695,167.58583068847656,106.40523529052734,82.51853942871094,36.676490783691406,253.5564727783203,161.9180908203125,147.69142150878906,36.29899978637695,6.398427963256836,98.89818572998047,90.99320220947266,35.21066665649414,161.13626098632812,33.575225830078125,29.217191696166992,2630.070068359375
2020-03-27,59.75377655029297,305.8299865722656,95.00499725341797,93.15692901611328,55.02507781982422,163.58522033691406,103.53854370117188,76.63993072509766,35.45091247558594,238.5944061279297,155.4251251220703,141.62709045410156,35.71200180053711,6.286246299743652,99.06267547607422,93.35743713378906,34.29066848754883,154.15196228027344,33.50185775756836,27.809764862060547,2541.469970703125
2020-03-30,61.459022521972656,318.3900146484375,98.19750213623047,98.696533203125,56.811737060546875,168.34988403320312,111.81925964355469,78.63311004638672,37.26445007324219,243.9896240234375,164.50537109375,151.58921813964844,37.09600067138672,6.606119632720947,103.19095611572266,97.45036315917969,33.47533416748047,157.9780731201172,35.21699523925781,28.22371482849121,2626.64990234375
2020-03-31,61.33360290527344,318.239990234375,97.48600006103516,102.5221176147461,57.58686065673828,160.28863525390625,110.23877716064453,75.7148666381836,36.64336395263672,232.72705078125,165.34799194335938,149.20510864257812,37.54999923706055,6.55662202835083,98.76660919189453,93.21337890625,34.93333435058594,153.73211669921875,34.73698806762695,28.57744789123535,2584.590087890625
2020-04-01,58.10640335083008,301.2099914550781,95.38500213623047,98.37846374511719,54.62065887451172,153.35205078125,108.28839874267578,70.94641876220703,34.8795280456543,220.25062561035156,158.21067810058594,143.90708923339844,36.40800094604492,6.045970916748047,97.13832092285156,92.6456069946289,32.104000091552734,146.08935546875,34.89597702026367,28.246294021606445,2470.5
2020-04-02,59.07600784301758,303.9599914550781,95.94149780273438,103.14055633544922,55.3606071472168,155.65281677246094,111.93695068359375,73.5955581665039,36.39494705200195,230.14508056640625,156.81295776367188,146.8872528076172,37.007999420166016,6.354400634765625,101.85872650146484,96.94190979003906,30.29800033569336,150.17315673828125,36.274810791015625,30.406347274780273,2526.89990234375
2020-04-03,58.22700881958008,293.6099853515625,95.32949829101562,101.31170654296875,54.15479278564453,153.412109375,112.79444122314453,71.42024993896484,36.29557800292969,228.3627166748047,152.8378448486328,145.53439331054688,36.17599868774414,6.066864013671875,102.45903015136719,97.51812744140625,32.000667572021484,144.88717651367188,36.5285758972168,29.51071548461914,2488.64990234375
2020-04-06,63.30656814575195,319.1300048828125,99.87950134277344,106.40071105957031,58.639530181884766,164.25482177734375,117.49385833740234,76.01729583740234,38.647369384765625,256.2156066894531,164.10887145996094,156.35745239257812,37.99599838256836,6.676013946533203,107.86202239990234,99.8315200805664,34.41600036621094,161.6705780029297,38.5433235168457,30.459033966064453,2663.679931640625
2020-04-07,62.57334518432617,308.92999267578125,100.58000183105469,107.7171401977539,58.608306884765625,165.07904052734375,115.57710266113281,77.01998138427734,38.51487731933594,249.6063995361328,167.36033630371094,154.6734619140625,37.22800064086914,6.442949295043945,107.30280303955078,95.5606460571289,36.36333465576172,160.8595733642578,37.29595947265625,31.038564682006836,2659.409912109375
2020-04-08,64.17487335205078,317.17999267578125,102.1500015258789,112.5587387084961,59.8195686340332,167.25099182128906,120.43622589111328,80.13001251220703,39.599693298339844,261.446044921875,172.7628631591797,156.22499084472656,37.11199951171875,6.639947414398193,109.05445861816406,97.53508758544922,36.589332580566406,166.91842651367188,37.250091552734375,33.002933502197266,2749.97998046875
2020-04-09,64.63797760009766,318.70001220703125,102.13800048828125,110.46483612060547,59.79824447631836,173.01145935058594,118.72962188720703,87.31876373291016,40.576839447021484,259.950439453125,173.66493225097656,156.2344512939453,37.071998596191406,6.540452480316162,109.89326477050781,97.16223907470703,38.20000076293945,165.72573852539062,37.23786926269531,32.46104049682617,2789.820068359375
2020-04-13,65.90664672851562,320.6499938964844,108.44349670410156,100.84344482421875,59.98856735229492,170.6592254638672,117.50227355957031,83.43547821044922,38.8626823425293,254.10296630859375,173.26841735839844,156.58448791503906,39.672000885009766,6.7120795249938965,107.63998413085938,98.25537109375,43.39666748046875,161.24127197265625,38.30792236328125,32.18255615234375,2761.6298828125
2020-04-14,69.23516845703125,340.7699890136719,114.16600036621094,102.91085815429688,62.705482482910156,177.85333251953125,122.76493072509766,81.14970397949219,40.51059341430664,261.22406005859375,176.61898803710938,164.3328094482422,41.35499954223633,7.062794208526611,113.81595611572266,102.50082397460938,47.32600021362305,166.6130828857422,39.43912887573242,31.934194564819336,2846.06005859375
2020-04-15,68.60324096679688,332.54998779296875,115.38400268554688,98.5374984741211,62.312461853027344,170.39308166503906,124.1352767944336,77.1474380493164,39.42578125,248.12042236328125,175.42942810058594,162.61097717285156,42.67499923706055,6.985437870025635,111.04460144042969,102.72114562988281,48.65533447265625,158.3502197265625,39.36574172973633,30.466556549072266,2783.360107421875
2020-04-16,69.14833068847656,342.70001220703125,120.40950012207031,100.03060913085938,62.31889724731445,171.56918334960938,125.82502746582031,74.20735931396484,39.003456115722656,238.10452270507812,174.71572875976562,167.4927520751953,43.91699981689453,7.330183029174805,111.54623413085938,102.95843505859375,49.680667877197266,154.9724578857422,40.45720291137695,29.465559005737305,2799.550048828125
2020-04-17,68.21007537841797,344.1099853515625,118.75,103.69518280029297,63.38792419433594,179.78492736816406,127.80064392089844,80.87776184082031,39.798423767089844,250.8511962890625,177.6797332763672,168.96856689453125,42.29600143432617,7.270984172821045,113.1169662475586,105.66162109375,50.259334564208984,161.7660369873047,40.39299392700195,32.528770446777344,2874.56005859375
2020-04-20,66.79427337646484,344.8800048828125,119.68049621582031,102.17941284179688,62.503265380859375,176.89183044433594,127.50640869140625,77.92920684814453,38.53143310546875,242.9002227783203,176.6884002685547,165.61949157714844,43.749000549316406,7.139901638031006,110.64985656738281,102.19575500488281,49.75733184814453,156.68992614746094,39.69898223876953,30.993406295776367,2823.159912109375
2020-04-21,64.72964477539062,328.989990234375,116.40599822998047,97.9442367553711,60.07530212402344,172.22164916992188,125.83345794677734,75.66891479492188,37.579132080078125,236.7439727783203,169.31317138671875,158.76991271972656,43.382999420166016,6.703623294830322,107.68109130859375,101.41614532470703,45.781333923339844,153.16915893554688,39.503318786621094,30.82782745361328,2736.56005859375
2020-04-22,66.59408569335938,336.7699890136719,118.17449951171875,98.64861297607422,62.36747741699219,175.2778778076172,128.6160888671875,75.91531372070312,37.827552795410156,247.89852905273438,180.69322204589844,164.1625518798828,42.141998291015625,7.117516040802002,109.06267547607422,101.17889404296875,48.807334899902344,158.9512939453125,40.230953216552734,31.70840835571289,2799.31005859375
2020-04-23,66.33602142333984,335.3699951171875,119.97250366210938,100.67257690429688,62.99985885620117,173.6896514892578,130.73463439941406,75.95780181884766,37.32241439819336,246.8853302001953,183.51844787597656,162.17581176757812,42.66999816894531,7.064286231994629,107.12187194824219,101.85363006591797,47.04199981689453,158.7509307861328,39.29542922973633,32.70188522338867,2797.800048828125
2020-04-24,68.25109100341797,344.1000061035156,120.51100158691406,101.68010711669922,63.268978118896484,182.15435791015625,130.18821716308594,77.07946014404297,37.62053298950195,249.68360900878906,188.4154510498047,165.1370391845703,42.499000549316406,7.203079700469971,110.4936294555664,101.32476806640625,48.34333419799805,159.6478271484375,39.57363510131836,32.912620544433594,2836.739990234375
2020-04-27,68.2993392944336,348.5,118.80000305175781,102.71438598632812,62.98450469970703,186.94471740722656,129.70899963378906,80.40192413330078,38.738468170166016,255.82054138183594,185.86781311035156,164.66400146484375,42.13800048828125,7.389382362365723,110.57583618164062,100.19019317626953,53.25,163.88418579101562,39.225101470947266,33.07067108154297,2878.47998046875
2020-04-28,67.1922378540039,333.45001220703125,115.7040023803711,102.94620513916016,61.08782958984375,186.83314514160156,127.27099609375,80.97125244140625,38.705345153808594,255.31881713867188,181.3177490234375,160.65264892578125,40.382999420166016,7.247106075286865,112.10545349121094,99.71250915527344,51.27466583251953,163.3976287841797,39.133384704589844,33.845882415771484,2863.389892578125
2020-04-29,69.39918518066406,349.1700134277344,118.635498046875,107.04763793945312,66.5191650390625,190.421630859375,126.30423736572266,83.15506744384766,39.020015716552734,273.7392272949219,192.49954223632812,167.8616943359375,41.18899917602539,7.423707008361816,109.67121124267578,99.87457275390625,53.367332458496094,173.4542999267578,37.788169860839844,35.719940185546875,2939.510009765625
2020-04-30,70.86322784423828,353.6400146484375,123.69999694824219,103.76651000976562,66.74317932128906,188.72183227539062,126.13609313964844,81.37062072753906,38.00144958496094,265.324951171875,202.92799377441406,169.54566955566406,41.98500061035156,7.269989013671875,108.79126739501953,100.54847717285156,52.12533187866211,170.5251007080078,37.16143035888672,34.97482681274414,2912.429931640625
2020-05-01,69.72239685058594,343.8399963378906,114.302001953125,98.86260223388672,65.2870864868164,187.64012145996094,124.66490936279297,79.23777770996094,37.76130294799805,259.3135070800781,200.50921630859375,165.15591430664062,41.527000427246094,7.033691883087158,107.0232162475586,99.65279388427734,46.75466537475586,167.51953125,37.58028793334961,32.468563079833984,2830.7099609375
2020-05-04,70.7088623046875,349.1099853515625,115.79949951171875,96.04509735107422,65.56363677978516,190.44740295410156,124.64808654785156,78.29457092285156,37.380374908447266,259.8153381347656,203.47315979003906,169.19561767578125,42.814998626708984,7.245362758636475,107.6646499633789,98.75707244873047,50.74599838256836,168.07296752929688,37.818748474121094,33.77814865112305,2842.739990234375
2020-05-05,71.77010345458984,356.1300048828125,115.88999938964844,97.10614013671875,66.858154296875,193.683837890625,125.68213653564453,78.17562866210938,37.5956916809082,264.3697509765625,205.2674560546875,171.01211547851562,42.46799850463867,7.306304454803467,108.28143310546875,98.96183013916016,51.2140007019043,170.25787353515625,38.13365936279297,33.74050521850586,2868.43994140625
2020-05-06,72.51060485839844,362.5199890136719,117.56300354003906,96.00049591064453,66.68023681640625,192.23301696777344,124.4883804321289,76.70556640625,37.05741882324219,262.8838195800781,206.65524291992188,172.69610595703125,43.42599868774414,7.407042026519775,107.54952239990234,96.4794692993164,52.172000885009766,170.58233642578125,37.69645309448242,33.10830307006836,2848.419921875
2020-05-07,73.2607192993164,366.7799987792969,118.38050079345703,95.66168212890625,67.86225128173828,196.9805145263672,124.0764389038086,77.50432586669922,36.93320846557617,268.7021789550781,209.4209747314453,173.69895935058594,43.65299987792969,7.583144187927246,108.18274688720703,95.68612670898438,52.00266647338867,174.34169006347656,37.42930221557617,33.29645538330078,2881.18994140625
2020-05-08,75.00443267822266,367.510009765625,118.98049926757812,99.95932006835938,68.60862731933594,201.25575256347656,125.00958251953125,78.77041625976562,38.18363571166992,272.5329895019531,210.50148010253906,174.720703125,43.55500030517578,7.7729291915893555,110.38671875,98.91063690185547,54.62799835205078,176.60299682617188,37.75172424316406,34.756561279296875,2929.800048828125
2020-05-11,76.18465423583984,371.4200134277344,120.44999694824219,96.83863067626953,69.56266021728516,203.08433532714844,125.3542709350586,76.45065307617188,37.71162414550781,271.3654479980469,211.32423400878906,176.66961669921875,44.051998138427734,8.024646759033203,110.51004028320312,98.36470794677734,54.08599853515625,175.14315795898438,37.975887298583984,34.42540740966797,2930.18994140625
2020-05-12,75.31401824951172,365.1000061035156,117.84750366210938,93.6198959350586,68.15465545654297,199.94227600097656,123.69810485839844,73.9524154663086,37.115394592285156,262.5653076171875,208.2710723876953,172.6676788330078,43.18199920654297,7.762979507446289,109.3258285522461,97.71637725830078,53.96066665649414,171.24070739746094,38.00966262817383,33.8499870300293,2870.1201171875
2020-05-13,74.40465545654297,358.55999755859375,118.39600372314453,93.15625762939453,66.82395935058594,197.53851318359375,123.68973541259766,71.40324401855469,36.38665008544922,259.7188415527344,203.31459045410156,170.0565643310547,43.82699966430664,7.740594387054443,109.34229278564453,97.178955078125,52.73066711425781,169.2527313232422,37.98817443847656,32.169769287109375,2820.0
2020-05-14,74.86174774169922,355.3900146484375,119.44249725341797,94.680908203125,67.24671173095703,201.29872131347656,124.1184310913086,74.3687973022461,36.18791580200195,267.5828857421875,205.00967407226562,170.79449462890625,44.19499969482422,7.989826679229736,109.44096374511719,97.08511352539062,53.55533218383789,172.89413452148438,37.89913558959961,32.453636169433594,2852.5
2020-05-15,74.41917419433594,365.29998779296875,120.48899841308594,96.2234115600586,68.04957580566406,205.4623565673828,126.47235870361328,72.99221801757812,35.82355880737305,269.1557312011719,209.04428100585938,173.2826690673828,45.41899871826172,8.447746276855469,111.8011703491211,97.76756286621094,53.27799987792969,175.36947631835938,38.67295455932617,32.22346496582031,2863.699951171875
2020-05-18,76.17256164550781,367.9700012207031,121.31300354003906,102.55388641357422,68.65026092529297,210.63047790527344,126.53963470458984,76.8585205078125,37.2396125793457,279.7313537597656,211.33416748046875,174.93829345703125,45.257999420166016,8.705928802490234,111.44755554199219,99.13243103027344,54.242000579833984,182.91033935546875,39.20112609863281,34.7859992980957,2953.909912109375
2020-05-19,75.73241424560547,372.20001220703125,122.46649932861328,99.93254852294922,68.1159896850586,204.40643310546875,125.2785873413086,75.34600830078125,36.88352584838867,280.5321960449219,214.9920196533203,173.7273406982422,45.104000091552734,8.760900497436523,108.33074951171875,95.91645812988281,53.867332458496094,180.97976684570312,38.36894607543945,33.71188735961914,2922.93994140625
2020-05-20,77.20526885986328,383.6300048828125,124.89700317382812,103.15129089355469,69.8387222290039,204.4836883544922,124.152099609375,77.60630798339844,38.00144958496094,288.3191223144531,227.9680633544922,176.1370086669922,44.766998291015625,8.924567222595215,107.94425964355469,96.63300323486328,54.37066650390625,185.2805633544922,38.52248764038086,34.809017181396484,2971.610107421875
2020-05-21,76.62966918945312,382.1700134277344,122.33699798583984,101.69793701171875,69.71927642822266,206.7930450439453,123.33662414550781,76.6205825805664,37.40523147583008,283.93841552734375,229.37571716308594,174.02139282226562,43.625,8.730803489685059,107.0807876586914,95.21695709228516,55.17333221435547,182.18399047851562,38.38124084472656,34.18758010864258,2948.510009765625
2020-05-22,77.12300872802734,385.260009765625,121.84400177001953,100.28028106689453,70.04093933105469,207.6515350341797,122.21074676513672,76.02577209472656,37.28929901123047,284.565673828125,232.86508178710938,174.0973358154297,42.93199920654297,8.980531692504883,107.30280303955078,96.05294036865234,54.45866775512695,182.41334533691406,38.17856979370117,34.21825408935547,2955.449951171875
2020-05-26,76.60066223144531,376.6300048828125,121.09300231933594,104.68486022949219,70.44385528564453,208.16661071777344,122.3715591430664,81.4216079711914,38.16707992553711,292.6902160644531,230.1786651611328,172.25686645507812,41.47700119018555,8.673593521118164,106.70247650146484,95.56671905517578,54.591331481933594,184.66888427734375,38.03422927856445,35.22332000732422,2991.77001953125
2020-05-27,76.93440246582031,375.1700134277344,120.51950073242188,109.15187072753906,70.38983917236328,212.3560333251953,122.65095520019531,86.13764953613281,38.69706344604492,289.25518798828125,227.1453399658203,172.48452758789062,41.98899841308594,8.482070922851562,107.57418823242188,97.15335845947266,54.68199920654297,184.28660583496094,37.610477447509766,35.47650146484375,3036.1298828125
2020-05-28,76.96825408935547,379.8299865722656,120.05500030517578,107.6539535522461,70.28872680664062,210.4501953125,124.41168975830078,84.85453796386719,38.99517822265625,291.6963195800781,223.49734497070312,172.09556579589844,41.34400177001953,8.444012641906738,108.79126739501953,99.00447082519531,53.72066879272461,185.662841796875,37.98204040527344,34.55583953857422,3029.72998046875
2020-05-29,76.8932876586914,386.6000061035156,122.11849975585938,107.11006927490234,71.04602813720703,213.3175506591797,125.91849517822266,82.68771362304688,38.6556510925293,290.33587646484375,223.13055419921875,173.8506317138672,41.972999572753906,8.830544471740723,108.18274688720703,98.88505554199219,55.66666793823242,186.59954833984375,38.09564971923828,34.8857421875,3044.31005859375
2020-06-01,77.8388900756836,389.67999267578125,123.552001953125,107.4399642944336,71.11293029785156,212.2959442138672,124.59793090820312,83.78388214111328,38.912376403808594,290.8280029296875,229.89120483398438,173.45220947265625,42.59199905395508,8.761645317077637,109.366943359375,100.01960754394531,59.87333297729492,185.7489013671875,38.064945220947266,35.50719451904297,3055.72998046875
2020-06-02,78.19926452636719,390.44000244140625,123.62049865722656,109.95433044433594,71.48165893554688,216.94898986816406,125.49524688720703,84.06427764892578,38.83783721923828,292.941162109375,230.6941680908203,175.42550659179688,42.73099899291992,8.780548095703125,109.07088470458984,100.71057891845703,58.770668029785156,187.66998291015625,38.058799743652344,36.29744338989258,3080.820068359375
2020-06-03,78.62975311279297,389.9200134277344,123.91999816894531,113.31571960449219,71.33000946044922,216.76760864257812,125.83380889892578,88.60186004638672,39.66594314575195,296.2989807128906,228.1564483642578,175.85243225097656,42.196998596191406,8.725080490112305,109.2271728515625,101.11149597167969,58.86399841308594,188.15736389160156,37.91448211669922,37.778194427490234,3122.8701171875
2020-06-04,77.95256805419922,385.79998779296875,123.02999877929688,114.9830551147461,70.09346771240234,214.99717712402344,124.20852661132812,90.44578552246094,39.682498931884766,290.799072265625,224.3201141357422,173.53756713867188,41.43299865722656,8.726076126098633,108.21027374267578,98.99594116210938,57.62533187866211,185.0703125,37.496864318847656,37.6707649230957,3112.35009765625
2020-06-05,80.1727523803711,392.8999938964844,124.1500015258789,120.4754409790039,71.3681640625,220.13571166992188,124.69107818603516,94.5160140991211,40.65138244628906,300.9403381347656,228.7611083984375,177.5980224609375,41.959999084472656,8.878870010375977,109.76007843017578,100.94088745117188,59.04399871826172,190.77610778808594,37.32796096801758,40.72432327270508,3193.929931640625
2020-06-08,80.64675903320312,397.7799987792969,126.2030029296875,122.79363250732422,71.76564025878906,221.7506561279297,124.24238586425781,96.4024429321289,41.28072738647461,299.5218200683594,229.38563537597656,178.69850158691406,41.94900131225586,8.76440143585205,109.56944274902344,101.55509185791016,63.327999114990234,190.7665557861328,37.229705810546875,41.9979248046875,3232.389892578125
2020-06-09,83.19342041015625,397.1600036621094,130.04299926757812,119.64618682861328,71.96585845947266,221.74205017089844,123.55669403076172,93.92969512939453,40.576839447021484,300.56396484375,236.5923614501953,180.064697265625,43.404998779296875,9.004289627075195,110.19927215576172,100.94941711425781,62.711334228515625,190.26959228515625,37.26348876953125,41.06190490722656,3207.179931640625
2020-06-10,85.33378601074219,406.82000732421875,132.37249755859375,118.08589935302734,72.59132385253906,219.7471160888672,125.11424255371094,90.12287902832031,40.262168884277344,302.16583251953125,234.6692657470703,186.7435760498047,43.448001861572266,9.323558807373047,111.16063690185547,101.7086181640625,68.336669921875,191.60757446289062,37.20513916015625,38.8599739074707,3190.139892578125
2020-06-11,81.23686981201172,387.6700134277344,127.89800262451172,108.37615966796875,69.47891998291016,206.8101348876953,119.24795532226562,82.60273742675781,37.71162414550781,281.03399658203125,222.47628784179688,176.71575927734375,42.555999755859375,8.755691528320312,105.94778442382812,99.17509460449219,64.85600280761719,180.52099609375,36.87656021118164,35.43046951293945,3002.10009765625
2020-06-12,81.93824005126953,406.5400085449219,127.2509994506836,109.80274200439453,70.02507019042969,209.38372802734375,120.33148193359375,84.86302185058594,38.10436248779297,287.3446044921875,226.59017944335938,178.11033630371094,41.80699920654297,8.891310691833496,106.90913391113281,98.62914276123047,62.35200119018555,183.75137329101562,36.15494918823242,36.190025329589844,3041.31005859375
2020-06-15,82.95156860351562,401.3399963378906,128.63400268554688,110.21289825439453,70.41263580322266,208.44236755371094,119.56963348388672,86.03565216064453,38.689300537109375,286.746337890625,230.47604370117188,179.248779296875,42.54999923706055,9.131447792053223,108.13568115234375,99.54190826416016,66.05999755859375,183.27349853515625,36.259342193603516,36.167015075683594,3066.590087890625
2020-06-16,85.14998626708984,411.6700134277344,130.7635040283203,116.00843048095703,71.68782806396484,215.86083984375,122.2869644165039,86.72396087646484,39.0820426940918,293.7999267578125,233.5986328125,183.64137268066406,43.612998962402344,9.026680946350098,109.12191009521484,100.77027893066406,65.47533416748047,184.34393310546875,36.741455078125,36.98026657104492,3124.739990234375
2020-06-17,85.031494140625,413.489990234375,132.0489959716797,114.3321533203125,71.98865509033203,216.6380615234375,121.91447448730469,84.53165435791016,38.92327880859375,293.1051330566406,233.4796905517578,184.27696228027344,44.777000427246094,9.193410873413086,109.19647216796875,100.59968566894531,66.11933135986328,184.99388122558594,36.55106735229492,35.775726318359375,3113.489990234375
2020-06-18,85.06535339355469,420.4599914550781,132.69900512695312,113.76153564453125,71.07575225830078,215.2217559814453,121.3980941772461,84.07276153564453,39.265892028808594,294.15692138671875,233.8861083984375,186.25027465820312,44.98699951171875,9.175494194030762,110.04180908203125,101.75128173828125,66.9306640625,185.328369140625,36.231712341308594,35.99821472167969,3115.340087890625
2020-06-19,84.57921600341797,428.010009765625,133.75050354003906,113.6456298828125,70.6059341430664,213.0109100341797,121.75364685058594,83.1125717163086,38.45532989501953,286.09979248046875,236.71128845214844,185.1402587890625,45.37200164794922,9.218544006347656,108.79867553710938,101.44418334960938,66.72666931152344,183.69403076171875,36.80287551879883,35.27703094482422,3097.739990234375
2020-06-22,86.79212951660156,438.6400146484375,135.6909942626953,112.15660858154297,71.8954849243164,215.17855834960938,121.38121032714844,82.21186065673828,38.221343994140625,293.7613525390625,237.13758850097656,190.2822723388672,46.80400085449219,9.48282241821289,108.60807037353516,100.44612121582031,66.28800201416016,186.33192443847656,37.36481857299805,35.61460494995117,3117.860107421875
2020-06-23,88.64469146728516,440.54998779296875,138.2205047607422,112.56676483154297,72.55563354492188,216.1717071533203,120.93250274658203,83.21453857421875,38.13778305053711,296.1157531738281,240.1312713623047,191.55352783203125,46.625999450683594,9.406423568725586,108.864990234375,100.42906188964844,66.78533172607422,189.2086639404297,37.17749786376953,35.829444885253906,3131.2900390625
2020-06-24,87.07992553710938,431.67999267578125,136.72000122070312,108.83088684082031,71.00538635253906,212.5618133544922,118.3591537475586,80.4359130859375,37.31052780151367,283.6972351074219,231.98284912109375,187.69229125976562,45.78499984741211,9.192914962768555,107.37322998046875,99.31156921386719,64.0566635131836,182.9390106201172,36.94106674194336,34.141536712646484,3050.330078125
2020-06-25,88.23594665527344,436.95001220703125,137.72900390625,111.19368743896484,71.42168426513672,211.91412353515625,118.23214721679688,83.24005126953125,37.54450607299805,287.5569152832031,233.6283416748047,190.0640869140625,46.590999603271484,9.446243286132812,108.90644073486328,100.56556701660156,65.73200225830078,185.39529418945312,36.75987243652344,34.65557861328125,3083.760009765625
2020-06-26,85.52487182617188,426.9200134277344,134.64349365234375,109.12513732910156,67.52820587158203,208.1400909423828,116.6576156616211,78.67696380615234,36.408050537109375,279.1909484863281,214.19898986816406,186.25973510742188,44.34000015258789,9.112786293029785,106.85111236572266,98.29646301269531,63.982666015625,180.89373779296875,36.333045959472656,33.46637725830078,3009.050048828125
2020-06-29,87.49589538574219,424.20001220703125,134.0189971923828,111.67516326904297,69.24449157714844,212.5531768798828,117.69884490966797,79.02534484863281,37.068199157714844,282.6550598144531,218.7192840576172,188.2615509033203,44.7239990234375,9.15757942199707,108.6329574584961,100.3693618774414,67.29000091552734,182.91033935546875,36.56028747558594,34.0034294128418,3053.239990234375
2020-06-30,88.22630310058594,435.30999755859375,137.9409942626953,112.7896728515625,70.2793197631836,216.3444366455078,119.0448226928711,79.92607879638672,37.33558654785156,285.3278503417969,225.09332275390625,193.0714874267578,45.50400161743164,9.453954696655273,109.61087799072266,101.9986801147461,71.98733520507812,184.62109375,36.78137969970703,34.31031799316406,3100.2900390625
2020-07-01,88.05943298339844,439.80999755859375,143.93499755859375,112.3973617553711,71.46629333496094,214.30630493164062,118.83319854736328,79.24629211425781,37.45258331298828,290.6060791015625,235.48211669921875,194.20042419433594,48.56399917602539,9.486059188842773,109.69374084472656,102.34841918945312,74.64199829101562,185.2041015625,36.753746032714844,33.53543472290039,3115.860107421875
2020-07-02,88.05943298339844,442.95001220703125,144.51499938964844,113.87745666503906,72.85050201416016,214.6085662841797,119.33264923095703,79.50367736816406,37.502723693847656,291.8122253417969,231.38803100585938,195.68040466308594,47.68899917602539,9.567927360534668,110.09984588623047,103.11616516113281,80.57733154296875,187.01046752929688,36.606346130371094,33.81929397583008,3130.010009765625
2020-07-06,90.41502380371094,452.5899963378906,152.8520050048828,115.40211486816406,74.32344818115234,215.515380859375,121.03414916992188,81.51145935058594,37.795196533203125,294.85174560546875,238.18833923339844,199.89268493652344,49.38100051879883,9.793879508972168,110.47276306152344,103.75592803955078,91.43866729736328,189.0079803466797,36.508079528808594,34.05713653564453,3179.719970703125
2020-07-07,90.13447570800781,449.3599853515625,150.00599670410156,113.41380310058594,73.84122467041016,213.6154022216797,120.92403411865234,79.21195983886719,37.778465270996094,289.3901672363281,238.76329040527344,197.56832885742188,49.316001892089844,9.8262300491333,110.6965560913086,104.25924682617188,92.65733337402344,185.6055450439453,38.98310089111328,33.174827575683594,3145.320068359375
2020-07-08,92.23371124267578,457.67999267578125,154.0554962158203,114.24302673339844,74.51921844482422,215.1871795654297,121.27959442138672,80.05281829833984,37.66149139404297,290.0086364746094,241.4595947265625,201.9134521484375,50.27799987792969,10.168890953063965,111.23522186279297,104.83078002929688,91.05867004394531,186.43704223632812,38.21235275268555,33.098106384277344,3169.93994140625
2020-07-09,92.63035583496094,460.8399963378906,159.13150024414062,112.10313415527344,75.2656021118164,214.14222717285156,120.61932373046875,78.31963348388672,36.69215774536133,284.636474609375,242.37159729003906,203.3270263671875,50.7760009765625,10.460542678833008,109.98384094238281,104.48102569580078,92.9520034790039,183.70362854003906,39.228755950927734,31.732440948486328,3152.050048828125
2020-07-10,92.79237365722656,466.20001220703125,160.0,114.13601684570312,76.2741470336914,215.9989776611328,120.51773071289062,82.60114288330078,37.728336334228516,285.68963623046875,242.93663024902344,202.7103271484375,54.87300109863281,10.430930137634277,111.43412780761719,105.6838150024414,102.97666931152344,184.02853393554688,40.12849426269531,32.72216796875,3185.0400390625
2020-07-13,92.36429595947266,442.4700012207031,155.1999969482422,116.4185791015625,74.94692993164062,215.57583618164062,122.9218521118164,83.78518676757812,37.811893463134766,280.3754577636719,236.91946411132812,196.44888305664062,52.54999923706055,10.00589656829834,111.80707550048828,105.8203125,99.80400085449219,180.65480041503906,39.77227783203125,32.729827880859375,3155.219970703125
2020-07-14,93.892822265625,433.7799987792969,154.1999969482422,122.04467010498047,75.3746337890625,222.63156127929688,125.21586608886719,84.26568603515625,38.329986572265625,288.84918212890625,237.64312744140625,197.66323852539062,52.487998962402344,10.329150199890137,112.3126220703125,106.70746612548828,101.12000274658203,184.77401733398438,40.536895751953125,33.811622619628906,3197.52001953125
2020-07-15,94.53853607177734,433.010009765625,150.44349670410156,123.3642807006836,75.17738342285156,222.64019775390625,125.50365447998047,85.56986999511719,38.77286148071289,295.39044189453125,238.18833923339844,197.36912536621094,52.32600021362305,10.180092811584473,110.79601287841797,106.20419311523438,103.06732940673828,187.85154724121094,40.53382873535156,34.241275787353516,3226.56005859375
2020-07-16,93.375244140625,426.2900085449219,149.9949951171875,123.54257202148438,75.08026123046875,222.8820037841797,126.34172058105469,85.81010437011719,38.563961029052734,289.2356872558594,238.8326873779297,193.46043395996094,52.73899841308594,10.088019371032715,110.95345306396484,106.42597961425781,100.04266357421875,184.9365234375,40.59524154663086,33.97273254394531,3215.570068359375
2020-07-17,93.1866226196289,432.4200134277344,148.09849548339844,122.97665405273438,75.1758804321289,224.8683319091797,126.42638397216797,84.2227783203125,39.12382888793945,293.7864685058594,239.923095703125,192.47378540039062,49.29899978637695,10.154459953308105,111.5998764038086,107.16812133789062,100.05599975585938,186.4561309814453,40.4539909362793,33.3896598815918,3224.72998046875
2020-07-20,95.15040588378906,455.2699890136719,159.8419952392578,120.93753814697266,77.50474548339844,224.6869659423828,126.63799285888672,83.48489379882812,38.53888702392578,301.4195556640625,243.2836151123047,200.74647521972656,50.24100112915039,10.462285995483398,110.31531524658203,106.8354263305664,109.53333282470703,189.6865234375,40.3710823059082,32.607086181640625,3251.840087890625
2020-07-21,93.8371810913086,444.2799987792969,156.9145050048828,122.0513916015625,77.11222839355469,226.630126953125,126.75650787353516,85.29528045654297,39.441368103027344,297.2069091796875,239.64552307128906,198.0426788330078,49.0099983215332,10.280875205993652,111.40925598144531,106.69042205810547,104.55733489990234,187.7846221923828,40.63516616821289,34.256622314453125,3257.300048828125
2020-07-22,94.10079193115234,445.04998779296875,154.99549865722656,123.04850006103516,77.55480194091797,229.00509643554688,126.98505401611328,84.6775131225586,40.510948181152344,302.78192138671875,237.7818603515625,200.88882446289062,48.981998443603516,10.390617370605469,112.71870422363281,107.60318756103516,106.15533447265625,190.05929565429688,40.736488342285156,33.458709716796875,3276.02001953125
2020-07-23,89.81766510009766,431.739990234375,149.32749938964844,122.70716857910156,75.17094421386719,227.83056640625,126.64646911621094,84.92633056640625,40.343841552734375,299.42913818359375,230.5751953125,192.15121459960938,47.757999420166016,10.083039283752441,113.6054458618164,108.29936218261719,100.87133026123047,188.6925506591797,40.42326736450195,33.52775573730469,3235.659912109375
2020-07-24,89.59514617919922,430.30999755859375,150.44549560546875,123.58749389648438,74.74769592285156,229.12594604492188,125.38514709472656,84.32574462890625,40.519317626953125,296.5498962402344,228.70166015625,190.974853515625,48.04499816894531,10.147492408752441,112.76012420654297,108.12769317626953,94.46666717529297,186.51351928710938,40.30044937133789,33.32060241699219,3215.6298828125
2020-07-27,91.71858978271484,437.1000061035156,152.760498046875,125.6625747680664,75.79936981201172,230.94818115234375,124.58943939208984,83.14168548583984,40.510948181152344,298.4242858886719,231.4673309326172,193.39405822753906,49.564998626708984,10.373445510864258,114.09441375732422,108.43671417236328,102.63999938964844,188.19564819335938,40.29124450683594,33.811622619628906,3239.409912109375
2020-07-28,90.21188354492188,432.260009765625,150.01649475097656,123.99170684814453,74.5217056274414,229.1000213623047,124.29317474365234,83.50202941894531,40.2602653503418,295.9798583984375,228.11679077148438,191.6579132080078,48.85100173950195,10.1683931350708,113.8541030883789,109.77587127685547,98.43267059326172,188.0331268310547,40.46011734008789,33.41267013549805,3218.43994140625
2020-07-29,91.94108581542969,436.29998779296875,151.67649841308594,126.23745727539062,75.50597381591797,228.56460571289062,124.04766082763672,85.52694702148438,40.12657165527344,298.8493957519531,231.2591552734375,193.59323120117188,48.448001861572266,10.417243003845215,114.30989837646484,110.14500427246094,99.94066619873047,189.79168701171875,40.131568908691406,33.780941009521484,3258.43994140625
2020-07-30,93.0535888671875,438.8800048828125,152.593994140625,122.82392883300781,76.24244689941406,229.98956298828125,124.30162811279297,83.24463653564453,39.85081481933594,298.5595397949219,232.45864868164062,193.44146728515625,48.58000183105469,10.565061569213867,114.11102294921875,112.814697265625,99.16600036621094,185.4717559814453,39.95652389526367,32.12373352050781,3246.219970703125
2020-07-31,102.79525756835938,444.32000732421875,158.23399353027344,119.36552429199219,73.74360656738281,229.28143310546875,123.38739013671875,82.9185791015625,39.474788665771484,298.10540771484375,251.4617919921875,194.49453735351562,48.88800048828125,10.56580638885498,114.08615112304688,112.55716705322266,95.38400268554688,181.9737548828125,39.73543167114258,32.28485107421875,3271.1201171875
2020-08-03,105.38544464111328,447.9700012207031,155.59449768066406,118.37738800048828,73.48638153076172,229.87734985351562,124.73339080810547,82.45526123046875,38.689300537109375,302.0281982421875,249.7666778564453,205.43312072753906,49.86199951171875,10.959479331970215,113.2905044555664,112.70307922363281,99.0,182.25088500976562,39.7047233581543,32.415283203125,3294.610107421875
2020-08-04,106.08921813964844,446.9200134277344,156.94149780273438,118.14385223388672,73.01753234863281,231.3367462158203,124.623291015625,81.98333740234375,39.015193939208984,303.76751708984375,247.6551971435547,202.34982299804688,50.9640007019043,11.175975799560547,113.92867279052734,114.84918212890625,99.13333129882812,183.78005981445312,40.42326736450195,33.351287841796875,3306.510009765625
2020-08-05,106.4737777709961,449.510009765625,160.25149536132812,121.24293518066406,73.30448913574219,231.00006103515625,125.62218475341797,83.40764617919922,39.45806884765625,316.9176025390625,246.95140075683594,202.01779174804688,50.21099853515625,11.234707832336426,112.9175796508789,114.54871368408203,99.00133514404297,187.42147827148438,39.86133575439453,33.64284133911133,3327.77001953125
2020-08-06,110.18853759765625,464.1099853515625,161.25,120.72191619873047,74.58612060546875,232.6322021484375,124.90266418457031,83.43338775634766,39.67533493041992,318.9853515625,262.970703125,205.25289916992188,50.90800094604492,11.283231735229492,112.59437561035156,113.92207336425781,99.30533599853516,189.97328186035156,39.72007369995117,33.48171615600586,3349.159912109375
2020-08-07,107.6833267211914,449.57000732421875,158.3730010986328,121.19802856445312,74.26001739501953,234.5926055908203,125.7915267944336,85.2695541381836,39.94273376464844,316.9368591308594,266.1032409667969,201.58139038085938,49.472999572753906,11.147860527038574,113.32368469238281,114.64313507080078,96.84733581542969,187.66998291015625,39.910465240478516,33.32827377319336,3351.280029296875
2020-08-10,109.24848175048828,443.2900085449219,157.4080047607422,127.57588958740234,74.18319702148438,237.26123046875,125.3089599609375,86.35065460205078,39.875885009765625,311.9705810546875,260.7106018066406,197.56832885742188,48.3380012512207,11.113519668579102,112.69383239746094,115.11530303955078,94.57133483886719,188.08091735839844,40.496971130371094,34.14920425415039,3360.469970703125
2020-08-11,105.99945068359375,435.2300109863281,154.0334930419922,128.0340576171875,73.37635803222656,237.42530822753906,124.41168975830078,89.07915496826172,40.051361083984375,317.4393615722656,253.90036010742188,192.9481658935547,46.69300079345703,10.799970626831055,111.98111724853516,114.36845397949219,91.6259994506836,189.01754760742188,39.9810905456543,34.502132415771484,3333.68994140625
2020-08-12,109.52227783203125,445.3599853515625,158.11199951171875,128.07000732421875,74.69961547851562,243.17698669433594,126.68881225585938,88.3240737915039,40.46917724609375,316.5600891113281,257.62762451171875,198.46014404296875,47.547000885009766,11.38749885559082,114.20216369628906,116.28276062011719,103.65066528320312,189.94464111328125,40.50004959106445,34.49430847167969,3380.35009765625
2020-08-13,111.4605484008789,450.0199890136719,158.05099487304688,126.36327362060547,75.16598510742188,243.2461395263672,125.28360748291016,87.83501434326172,40.427391052246094,315.1687927246094,259.02532958984375,197.9952392578125,48.132999420166016,11.390238761901855,114.45079040527344,116.55742645263672,108.06666564941406,189.1214141845703,40.65422439575195,33.64935302734375,3373.429931640625
2020-08-14,111.3612060546875,447.6000061035156,157.4010009765625,125.72544860839844,74.57027435302734,242.2874298095703,125.48677062988281,87.86931610107422,40.48589324951172,315.7582092285156,258.9659118652344,198.18499755859375,48.268001556396484,11.510676383972168,114.00323486328125,115.97372436523438,110.04733276367188,188.22166442871094,40.88546371459961,33.79800796508789,3372.85009765625
2020-08-17,111.07042694091797,451.5799865722656,159.12049865722656,124.61156463623047,75.14566040039062,248.92864990234375,126.12165069580078,85.55269622802734,40.285335540771484,319.07232666015625,258.8865661621094,199.49417114257812,48.23500061035156,12.28011417388916,114.30160522460938,116.31710052490234,122.3759994506836,190.89219665527344,41.81048583984375,33.35988235473633,3381.989990234375
2020-08-18,111.99600982666016,463.510009765625,165.62449645996094,124.29713439941406,77.10529327392578,246.1305389404297,127.05279541015625,84.36005401611328,40.46082305908203,319.8162841796875,260.0562744140625,200.64219665527344,49.1870002746582,12.204214096069336,114.45906829833984,117.1841049194336,125.80599975585938,190.4901885986328,41.53605651855469,33.195587158203125,3389.780029296875
2020-08-19,112.13651275634766,462.010009765625,163.0240020751953,123.98270416259766,76.55168914794922,244.28236389160156,127.30672454833984,84.5573959350586,39.583412170410156,321.1689147949219,260.3040771484375,199.42489624023438,48.452999114990234,12.082531929016113,113.08334350585938,116.54888916015625,125.23533630371094,192.3854522705078,40.82687759399414,32.827877044677734,3374.85009765625
2020-08-20,114.62476348876953,478.4800109863281,164.86849975585938,123.49771118164062,78.11978912353516,242.3997039794922,128.1786346435547,83.54493713378906,39.56669998168945,325.92266845703125,266.668212890625,204.0657501220703,49.790000915527344,12.085016250610352,113.30713653564453,117.4759750366211,133.45533752441406,195.41015625,40.259552001953125,32.32716751098633,3385.510009765625
2020-08-21,120.53166961669922,473.2200012207031,164.23599243164062,124.35104370117188,78.08611297607422,244.6019744873047,129.31295776367188,83.50202941894531,39.50821304321289,325.7101135253906,264.6856689453125,202.5822296142578,49.23099899291992,12.625018119812012,113.09163665771484,117.9824447631836,136.6653289794922,195.39102172851562,40.58638381958008,32.084632873535156,3397.159912109375
2020-08-24,121.97325134277344,476.29998779296875,165.3730010986328,127.27046966552734,78.5608901977539,247.64187622070312,129.65382385253906,85.85301208496094,40.08478927612305,332.0292053222656,269.0274963378906,203.21937561035156,48.88100051879883,12.661596298217773,114.0695571899414,118.90095520019531,134.27999877929688,197.5734100341797,40.49388122558594,33.031288146972656,3431.280029296875
2020-08-25,120.97261047363281,484.42999267578125,167.32449340820312,126.79440307617188,79.5867919921875,247.10647583007812,129.57716369628906,86.23052978515625,40.03464889526367,335.9132995605469,278.3753967285156,205.8631591796875,49.05799865722656,12.691208839416504,113.78779602050781,119.37307739257812,134.8893280029297,199.1910858154297,40.278045654296875,31.982925415039062,3443.6201171875
2020-08-26,122.61773681640625,528.489990234375,172.09249877929688,127.40524291992188,81.48396301269531,252.11537170410156,129.7816619873047,85.02071380615234,40.243553161621094,339.1597900390625,301.2644348144531,210.3138427734375,54.75299835205078,12.714102745056152,114.75741577148438,118.7979507446289,143.54466247558594,201.2585906982422,40.29962921142578,31.30227279663086,3478.72998046875
2020-08-27,121.15190887451172,510.32000732421875,170.0,128.78858947753906,80.71031951904297,249.26547241210938,130.36106872558594,87.8178482055664,40.302040100097656,343.9715270996094,290.66748046875,215.477783203125,52.62699890136719,12.570023536682129,114.69939422607422,118.6434555053711,149.25,201.99562072753906,42.1280632019043,31.09103775024414,3484.550048828125
2020-08-28,120.95565795898438,516.4400024414062,170.08999633789062,129.022216796875,81.25101470947266,247.24456787109375,130.92355346679688,88.17823028564453,41.6390495300293,353.7496032714844,291.1036682128906,217.69361877441406,52.388999938964844,13.087121963500977,115.9756851196289,119.12413787841797,147.55999755859375,206.4752960205078,43.2596549987793,31.83428192138672,3508.010009765625
2020-08-31,125.05754089355469,513.3900146484375,172.54800415039062,127.83645629882812,80.7603988647461,246.16506958007812,130.72756958007812,85.96454620361328,41.38836669921875,346.08758544921875,290.64764404296875,214.47923278808594,52.95600128173828,13.312829971313477,116.07514190673828,118.74644470214844,166.10667419433594,202.91452026367188,42.812564849853516,31.24751091003418,3500.31005859375
2020-09-01,130.03887939453125,527.9500122070312,174.95599365234375,131.19606018066406,82.02664947509766,246.94232177734375,129.11700439453125,85.921630859375,41.04574966430664,344.8411560058594,292.8681640625,216.1339874267578,55.654998779296875,13.76138973236084,115.35411834716797,118.6176528930664,158.35000610351562,204.21632385253906,45.50743103027344,30.848499298095703,3526.64990234375
2020-09-02,127.34471130371094,533.7999877929688,176.57249450683594,134.0885772705078,85.11476135253906,249.33853149414062,131.08546447753906,87.21725463867188,42.775489807128906,348.51275634765625,299.8666687011719,220.2993621826172,55.284000396728516,14.284622192382812,118.75201416015625,120.61781311035156,149.1233367919922,207.2123260498047,45.53518295288086,30.66073989868164,3580.840087890625
2020-09-03,117.1493911743164,507.79998779296875,168.39999389648438,131.83383178710938,80.7593994140625,238.4256134033203,127.4382553100586,86.94268035888672,42.18219757080078,332.22247314453125,288.5857238769531,206.65248107910156,52.57500076293945,12.959360122680664,116.33384704589844,118.68634796142578,135.6666717529297,200.01425170898438,44.56700134277344,30.598146438598633,3455.06005859375
2020-09-04,117.2269058227539,491.94000244140625,164.7310028076172,133.1094512939453,78.36561584472656,234.11077880859375,126.62020874023438,88.82171630859375,42.65015411376953,323.69073486328125,280.2688293457031,203.75193786621094,51.60499954223633,12.568058013916016,115.82469940185547,118.42881774902344,139.44000244140625,195.8983154296875,44.03975296020508,30.574682235717773,3426.9599609375
2020-09-08,109.338134765625,462.1300048828125,157.49200439453125,133.4148712158203,75.51043701171875,233.76358032226562,125.48688507080078,85.73286437988281,41.622344970703125,318.7341003417969,268.7994689941406,192.7297821044922,50.70199966430664,11.861616134643555,113.145263671875,116.6948013305664,110.06999969482422,191.5526580810547,42.68923568725586,29.87055015563965,3331.840087890625
2020-09-09,113.69923400878906,479.4599914550781,163.4304962158203,137.16078186035156,76.6815414428711,240.51788330078125,127.56609344482422,86.54798889160156,41.93986511230469,328.16424560546875,271.3372497558594,200.9369659423828,50.01900100708008,12.660157203674316,114.4473876953125,118.59192657470703,122.09333038330078,195.32403564453125,43.13325119018555,29.690603256225586,3398.9599609375
2020-09-10,109.98743438720703,476.260009765625,158.7554931640625,134.61856079101562,75.63185119628906,236.75001525878906,125.18859100341797,85.6556396484375,41.78110122680664,321.6327819824219,265.7561950683594,195.30702209472656,48.06700134277344,12.258644104003906,112.48582458496094,117.34720611572266,123.77999877929688,192.91189575195312,42.18356704711914,28.947370529174805,3339.18994140625
2020-09-11,108.54341888427734,471.3500061035156,155.81100463867188,138.18487548828125,75.12187194824219,239.9014892578125,125.92999267578125,86.7195816040039,42.6668586730957,318.99493408203125,264.28912353515625,194.03271484375,48.202999114990234,12.112032890319824,113.36225891113281,118.58333587646484,124.23999786376953,192.08872985839844,42.14965057373047,28.869129180908203,3340.969970703125
2020-09-14,111.79974365234375,485.9100036621094,155.14849853515625,137.89730834960938,74.7784194946289,243.65196228027344,126.41571044921875,87.92081451416016,42.717403411865234,327.15948486328125,263.8330993652344,195.34512329101562,47.625999450683594,12.816729545593262,114.08013153076172,119.00398254394531,139.8733367919922,196.20462036132812,42.340816497802734,28.681365966796875,3383.5400390625
2020-09-15,111.97417449951172,497.6700134277344,157.80650329589844,133.48672485351562,76.08135986328125,247.93203735351562,126.87586212158203,85.1837387084961,43.00381851196289,327.6811828613281,270.048583984375,198.54991149902344,49.5989990234375,12.934965133666992,113.20366668701172,119.00398254394531,149.9199981689453,196.5970916748047,42.35314178466797,28.376243591308594,3401.199951171875
2020-09-16,108.66943359375,476.0,153.90499877929688,135.741455078125,74.93998718261719,244.50286865234375,126.45829772949219,85.54412078857422,42.784793853759766,330.29962158203125,261.22601318359375,195.0027313232422,48.38600158691406,12.460521697998047,112.66948699951172,118.20565032958984,147.25332641601562,196.34820556640625,42.01397705078125,29.581077575683594,3385.489990234375
2020-09-17,106.93467712402344,474.29998779296875,150.43649291992188,138.22076416015625,73.69850158691406,243.05291748046875,125.41018676757812,84.56596374511719,42.5826301574707,327.9613342285156,252.6017608642578,192.96755981445312,47.02000045776367,12.409740447998047,111.18367767333984,118.0511245727539,141.14332580566406,196.4822235107422,42.14656448364258,29.573261260986328,3357.010009765625
2020-09-18,103.54267883300781,467.54998779296875,147.74549865722656,136.8912353515625,71.91680908203125,238.91175842285156,127.12295532226562,84.38580322265625,42.498390197753906,323.9322814941406,250.33169555664062,190.57106018066406,46.99599838256836,12.136675834655762,109.73961639404297,117.92233276367188,147.38333129882812,193.93606567382812,41.714900970458984,29.09600830078125,3319.469970703125
2020-09-21,106.68270111083984,475.6400146484375,148.02349853515625,130.54931640625,70.87850952148438,236.4461212158203,123.646240234375,81.77743530273438,41.35274124145508,316.772705078125,245.9898223876953,192.61570739746094,48.73500061035156,12.463258743286133,109.54763793945312,117.35578918457031,149.79666137695312,188.99696350097656,42.263729095458984,28.501419067382812,3281.06005859375
2020-09-22,108.3592758178711,486.7799987792969,156.44949340820312,132.18417358398438,72.3494644165039,237.27963256835938,122.8878173828125,80.88507843017578,41.83289337158203,323.98065185546875,252.53237915039062,197.25657653808594,49.117000579833984,12.58324146270752,110.3072280883789,118.42881774902344,141.41000366210938,191.973876953125,42.64606475830078,27.797286987304688,3315.570068359375
2020-09-23,103.81404113769531,470.3900146484375,149.9929962158203,129.69590759277344,69.85012817382812,231.41079711914062,123.08378601074219,79.57233428955078,40.61144256591797,313.56475830078125,246.85226440429688,190.76126098632812,47.06100082397461,12.071455955505371,109.34732818603516,117.01242065429688,126.78666687011719,187.00604248046875,41.93073272705078,26.90540313720703,3236.919921875
2020-09-24,104.88008880615234,467.6700134277344,150.989501953125,130.3786163330078,70.51770782470703,230.6728515625,123.2798080444336,79.50367736816406,41.024208068847656,317.1205749511719,247.35781860351562,193.23387145996094,47.30799865722656,12.29473876953125,109.83145904541016,117.53604888916016,129.26333618164062,187.1496124267578,42.14965057373047,26.85064125061035,3246.590087890625
2020-09-25,108.81478881835938,479.7799987792969,154.75650024414062,131.07029724121094,71.32059478759766,233.1471405029297,124.12342071533203,80.1987075805664,41.04104995727539,320.56988525390625,252.6017608642578,197.6370086669922,48.28799819946289,12.81822395324707,111.475830078125,118.13693237304688,135.77999877929688,188.80557250976562,42.32539367675781,27.100990295410156,3298.4599609375
2020-09-28,111.4120864868164,488.510009765625,158.70249938964844,132.6602783203125,72.2919692993164,236.42877197265625,125.35906219482422,82.50674438476562,41.51279067993164,326.9565124511719,254.58436584472656,199.17764282226562,49.064998626708984,12.978777885437012,115.16523742675781,118.47174835205078,140.39999389648438,191.74412536621094,42.31924057006836,27.625179290771484,3351.60009765625
2020-09-29,110.56892395019531,489.3299865722656,157.24400329589844,132.4177703857422,72.65674591064453,236.23782348632812,125.31643676757812,81.81175994873047,41.20952606201172,324.8695373535156,259.5111083984375,197.1044464111328,49.347999572753906,13.168703079223633,114.4891357421875,117.82792663574219,139.69000244140625,190.9017791748047,42.28531265258789,26.8193416595459,3335.469970703125
2020-09-30,112.23585510253906,490.42999267578125,157.43649291992188,133.98077392578125,72.63592529296875,241.09951782226562,126.8673324584961,82.60114288330078,41.58860397338867,326.74395751953125,259.6201477050781,200.0240020751953,50.00299835205078,13.472139358520508,115.69115447998047,119.31300354003906,143.00332641601562,191.4091033935547,43.139404296875,26.858463287353516,3363.0
2020-10-01,113.18560028076172,499.510009765625,161.06300354003906,131.7889404296875,73.74111938476562,241.02145385742188,125.53800964355469,83.20174407958984,41.428550720214844,331.7683410644531,264.3089904785156,202.04965209960938,52.750999450683594,13.555778503417969,117.52749633789062,119.52763366699219,149.3866729736328,194.64443969726562,44.1168327331543,25.919631958007812,3380.800048828125
2020-10-02,109.5319595336914,478.989990234375,156.25,134.6904754638672,72.14031219482422,242.4886474609375,124.6176528930664,83.99110412597656,41.58018493652344,327.3817138671875,257.6771545410156,196.0868377685547,50.305999755859375,13.005908012390137,115.24038696289062,118.56615447998047,138.3633270263672,192.8353271484375,43.321327209472656,25.80227279663086,3348.419921875
2020-10-05,112.90455627441406,486.4700012207031,159.9600067138672,137.87937927246094,73.4898452758789,244.910888671875,126.31341552734375,85.76637268066406,41.5970458984375,331.6522521972656,262.3462219238281,200.071533203125,52.064998626708984,13.58365535736084,115.13185119628906,119.65638732910156,141.89332580566406,194.8262939453125,43.72216796875,26.396875381469727,3408.60009765625
2020-10-06,109.66763305664062,478.9800109863281,154.9980010986328,136.1187286376953,71.913330078125,240.0230255126953,124.63472747802734,84.883056640625,41.226383209228516,326.0290222167969,256.4083557128906,195.8206024169922,50.58700180053711,13.677251815795898,113.27045440673828,119.84520721435547,137.9933319091797,191.86851501464844,43.36140441894531,26.123043060302734,3360.969970703125
2020-10-07,111.52836608886719,493.1499938964844,159.7845001220703,139.02923583984375,72.31575012207031,245.50990295410156,126.01519775390625,86.36389923095703,41.7486572265625,332.2803955078125,255.87301635742188,199.5485382080078,53.465999603271484,13.903768539428711,114.3639144897461,120.78092193603516,141.76666259765625,193.80209350585938,43.44158172607422,26.2091007232666,3419.43994140625
2020-10-08,111.4217758178711,490.8399963378906,159.52749633789062,140.72694396972656,73.51957702636719,247.01181030273438,126.87586212158203,88.13914489746094,42.506805419921875,333.8764343261719,261.4639587402344,200.2617645263672,53.17900085449219,13.779059410095215,115.06511688232422,121.596435546875,141.97332763671875,194.290283203125,43.586490631103516,27.5860595703125,3446.830078125
2020-10-09,113.36003875732422,502.1600036621094,164.33250427246094,142.77508544921875,74.85871124267578,248.22726440429688,128.64830017089844,87.63687133789062,42.8016471862793,340.880126953125,262.14794921875,205.23550415039062,53.944000244140625,13.703388214111328,115.5575942993164,122.6866455078125,144.6666717529297,197.79354858398438,44.02433776855469,27.179229736328125,3477.139892578125
2020-10-12,120.56075286865234,510.8900146484375,172.14649963378906,146.0718536376953,77.54190826416016,249.08673095703125,129.38966369628906,88.71070098876953,43.03750228881836,340.54150390625,273.34954833984375,210.5515594482422,53.98099899291992,14.164640426635742,118.63766479492188,124.03435516357422,147.43333435058594,197.56381225585938,44.477596282958984,27.093172073364258,3534.219970703125
2020-10-13,117.36260223388672,514.3099975585938,172.18150329589844,145.6316375732422,77.66483306884766,252.08197021484375,126.4242172241211,87.2731704711914,42.30463409423828,334.5439758300781,273.73614501953125,211.94004821777344,55.409000396728516,14.186796188354492,119.81460571289062,123.79399871826172,148.88333129882812,195.57289123535156,45.088096618652344,26.772403717041016,3511.929931640625
2020-10-14,117.4498291015625,506.30999755859375,168.1855010986328,146.9701385498047,77.48491668701172,249.24298095703125,126.20268249511719,86.78822326660156,42.22040557861328,331.5065612792969,269.45379638671875,210.03805541992188,54.14500045776367,14.034453392028809,118.96320343017578,123.64804077148438,153.76666259765625,193.54364013671875,44.38200759887695,26.717634201049805,3488.669921875
2020-10-15,116.984619140625,501.1499938964844,166.9324951171875,148.25466918945312,77.08991241455078,249.63368225097656,125.42721557617188,88.0871810913086,42.11088180541992,327.5115051269531,264.398193359375,208.8968505859375,54.194000244140625,13.909745216369629,118.05337524414062,123.46780395507812,149.6266632080078,191.007080078125,44.56391906738281,26.952342987060547,3483.340087890625
2020-10-16,115.34677124023438,502.82000732421875,163.635498046875,151.58737182617188,77.69606018066406,249.7378692626953,126.20268249511719,87.90531921386719,42.14458084106445,328.3143615722656,263.61505126953125,208.8968505859375,53.07899856567383,13.75192928314209,118.30379486083984,123.94853210449219,146.55667114257812,191.68667602539062,44.61943054199219,26.678508758544922,3483.81005859375
2020-10-19,112.40058135986328,495.20001220703125,160.36050415039062,150.491455078125,75.82513427734375,246.3259735107422,122.9815673828125,86.42451477050781,41.799198150634766,320.8368225097656,259.12445068359375,203.7234344482422,53.071998596191406,13.439531326293945,116.5926284790039,121.81961822509766,143.61000061035156,188.5375518798828,44.07674789428711,26.146512985229492,3426.919921875
2020-10-20,113.88339233398438,494.5799865722656,160.85049438476562,151.80296325683594,76.87235260009766,248.33145141601562,123.17755889892578,86.9181137084961,42.32991027832031,320.8851623535156,265.23089599609375,204.13232421875,52.54199981689453,13.586644172668457,116.61766815185547,122.30894470214844,140.64666748046875,189.23634338378906,44.36968231201172,26.365568161010742,3443.1201171875
2020-10-21,113.26312255859375,495.9599914550781,159.2469940185547,150.3746795654297,78.60250854492188,247.00314331054688,122.6491928100586,86.05213165283203,42.11088180541992,322.5296630859375,276.3036193847656,204.2749786376953,48.904998779296875,13.466416358947754,116.52586364746094,122.96988677978516,140.8800048828125,189.93499755859375,44.52384567260742,25.943098068237305,3435.56005859375
2020-10-22,112.17769622802734,483.6000061035156,158.82000732421875,152.40481567382812,79.62692260742188,244.0948028564453,123.62921905517578,89.09171295166016,42.69211959838867,322.70367431640625,275.6989440917969,204.36058044433594,48.52299880981445,13.30337142944336,116.53416442871094,122.09895324707031,141.92999267578125,189.5138702392578,44.261749267578125,27.27311134338379,3453.489990234375
2020-10-23,111.48960876464844,488.5,160.22000122070312,152.36868286132812,80.93136596679688,245.69215393066406,123.76549530029297,89.89706420898438,42.557350158691406,318.84405517578125,282.31085205078125,205.63491821289062,48.827999114990234,13.531631469726562,116.49246215820312,122.9017333984375,140.2100067138672,189.5330352783203,44.3542594909668,26.725460052490234,3465.389892578125
2020-10-26,111.49932098388672,475.20001220703125,160.3520050048828,147.49729919433594,78.51827239990234,239.64974975585938,122.68331146240234,87.67149353027344,41.95083236694336,307.67132568359375,274.6977233886719,199.7862548828125,48.82400131225586,13.084568977355957,115.24038696289062,121.96946716308594,140.0933380126953,184.80450439453125,43.83317184448242,26.09174919128418,3400.969970703125
2020-10-27,113.0014877319336,478.55999755859375,164.31649780273438,142.71627807617188,79.2413558959961,240.34429931640625,121.98454284667969,86.0174789428711,42.03507614135742,306.75238037109375,280.8239440917969,202.80093383789062,48.893001556396484,13.338969230651855,116.12517547607422,122.88447570800781,141.55999755859375,181.92332458496094,44.052093505859375,25.677099227905273,3390.679931640625
2020-10-28,107.76813507080078,456.9700012207031,158.13900756835938,136.61575317382812,74.87605285644531,234.16287231445312,117.90276336669922,83.60140991210938,40.40083694458008,281.8627624511719,265.3399353027344,192.74887084960938,48.624000549316406,12.572537422180176,111.99337005615234,118.82743835449219,135.33999633789062,173.12680053710938,43.179500579833984,24.69914436340332,3271.030029296875
2020-10-29,111.76097869873047,461.1099853515625,160.55050659179688,139.7880401611328,77.1598129272461,234.084716796875,116.90576934814453,84.14697265625,40.451377868652344,283.6039733886719,278.3853454589844,194.6889190673828,50.42100143432617,12.967824935913086,111.84308624267578,118.7497329711914,136.94332885742188,176.95556640625,43.14249038696289,25.79444694519043,3310.110107421875
2020-10-30,105.50033569335938,447.1000061035156,151.8074951171875,141.93902587890625,80.09526824951172,231.5496826171875,116.83757019042969,84.90037536621094,40.485076904296875,279.21221923828125,260.8196105957031,192.54913330078125,47.57400131225586,12.479938507080078,111.25878143310547,118.34404754638672,129.34666442871094,173.9308319091797,42.78175354003906,25.520620346069336,3269.9599609375
2020-11-02,105.4131088256836,444.94000244140625,150.2239990234375,147.56053161621094,80.5021743774414,235.04840087890625,118.18396759033203,86.81419372558594,40.956817626953125,280.498779296875,259.08477783203125,192.41603088378906,48.4119987487793,12.526485443115234,112.81133270263672,119.55250549316406,133.50332641601562,176.83114624023438,43.29049301147461,26.59246253967285,3310.239990234375
2020-11-03,107.03158569335938,454.0199890136719,152.42050170898438,151.5552520751953,81.5597915649414,240.80433654785156,118.02205657958984,89.55067443847656,41.571754455566406,285.74176025390625,262.99053955078125,196.3150634765625,48.72200012207031,12.963342666625977,114.38895416259766,121.90042114257812,141.3000030517578,180.2769775390625,44.02433776855469,26.138681411743164,3369.159912109375
2020-11-04,111.40238952636719,487.2300109863281,162.05799865722656,140.29415893554688,86.5252685546875,245.4491424560547,118.78899383544922,86.81419372558594,41.42013168334961,297.166015625,284.8782958984375,205.78709411621094,49.69499969482422,13.734749794006348,115.07344055175781,121.3997802734375,140.32666015625,185.66600036621094,43.77149963378906,25.99786376953125,3443.43994140625
2020-11-05,115.35648345947266,496.4700012207031,166.10000610351562,147.39784240722656,87.35044860839844,248.16647338867188,119.09575653076172,90.36471557617188,41.64756393432617,306.1912841796875,292.1147155761719,212.3489532470703,51.375999450683594,14.098922729492188,115.23204040527344,122.9017333984375,146.02999877929688,189.17881774902344,44.23708724975586,25.95092010498047,3510.449951171875
2020-11-06,115.22543334960938,494.6300048828125,165.56849670410156,145.7710418701172,87.21316528320312,246.7687225341797,121.21760559082031,89.16099548339844,41.65599822998047,303.3957214355469,290.8558349609375,212.75791931152344,51.472999572753906,14.499192237854004,115.50749206542969,123.63545227050781,143.31666564941406,189.97329711914062,44.94626235961914,25.645801544189453,3509.43994140625
2020-11-09,112.92459106445312,471.1400146484375,157.18699645996094,154.38412475585938,87.29692840576172,234.37991333007812,124.48131561279297,101.23271179199219,44.28424835205078,333.3057861328125,276.3432312011719,207.68902587890625,47.04999923706055,13.571956634521484,115.56591033935547,119.1122817993164,140.4199981689453,203.57501220703125,44.25867462158203,28.892593383789062,3550.5
2020-11-10,112.58480072021484,452.0,151.75100708007812,155.7217254638672,86.12232971191406,239.2416534423828,126.3560562133789,100.90364837646484,45.47200393676758,323.84527587890625,270.0584716796875,200.6707000732422,48.02399826049805,12.714919090270996,118.29541778564453,121.07176971435547,136.7866668701172,204.17800903320312,44.88151550292969,29.533592224121094,3545.530029296875
2020-11-11,116.00208282470703,467.75,156.8695068359375,153.1549530029297,86.59365844726562,241.13429260253906,125.9469985961914,99.39683532714844,45.13505554199219,321.53326416015625,274.0732116699219,205.93923950195312,49.07600021362305,13.360124588012695,120.11508178710938,122.6341552734375,139.0433349609375,203.59410095214844,45.62769317626953,29.229114532470703,3572.659912109375
2020-11-12,115.730224609375,462.5799865722656,155.51400756835938,152.85671997070312,86.3750991821289,239.8233184814453,126.37309265136719,98.17582702636719,44.65489196777344,317.5671691894531,272.68536376953125,204.88365173339844,48.676998138427734,13.39870834350586,120.06500244140625,122.70317840576172,137.25332641601562,199.64456176757812,45.704769134521484,28.22757911682129,3537.010009765625
2020-11-13,115.77876281738281,469.3399963378906,156.4405059814453,155.18849182128906,87.83415985107422,240.63076782226562,127.73650360107422,98.7906494140625,45.02554702758789,324.0870361328125,274.5391540527344,205.90118408203125,48.284000396728516,13.23964786529541,120.79124450683594,124.54179382324219,136.1666717529297,201.77273559570312,46.41702651977539,28.90862464904785,3585.14990234375
2020-11-16,116.78841400146484,460.95001220703125,156.55299377441406,156.52606201171875,87.921875,242.7144012451172,128.54605102539062,101.57911682128906,45.36250305175781,324.4933166503906,276.5316162109375,206.58592224121094,47.90999984741211,13.456954956054688,121.66765594482422,122.9449234008789,136.02999877929688,203.90086364746094,47.00287628173828,30.575193405151367,3626.909912109375
2020-11-17,115.90499877929688,467.95001220703125,156.7830047607422,155.3691864013672,87.30880737304688,236.5503692626953,127.26780700683594,100.54859161376953,45.21928787231445,325.50897216796875,272.6060791015625,203.95164489746094,48.0629997253418,13.36435604095459,121.23361206054688,122.47013092041016,147.20333862304688,201.99322509765625,46.0562744140625,30.98381805419922,3609.530029296875
2020-11-18,114.58467864990234,459.4700012207031,155.2729949951172,156.11936950683594,86.26705169677734,234.25831604003906,125.5805892944336,99.8038330078125,44.31794357299805,324.9673767089844,269.6024475097656,201.2628173828125,48.17900085449219,13.370827674865723,119.6810531616211,120.58836364746094,162.2133331298828,199.2323455810547,45.969940185546875,29.814016342163086,3567.7900390625
2020-11-19,115.17686462402344,466.4100036621094,155.8509979248047,156.2639923095703,87.1556625366211,235.2133331298828,125.38459777832031,100.07229614257812,44.755977630615234,322.97454833984375,270.56402587890625,202.5404815673828,48.46699905395508,13.382281303405762,119.63095092773438,120.44161224365234,166.42333984375,198.98312377929688,46.904205322265625,29.966257095336914,3581.8701171875
2020-11-20,113.9148178100586,462.9200134277344,154.97000122070312,155.65846252441406,86.0559310913086,234.24102783203125,124.71989440917969,99.21497344970703,44.36848449707031,312.449951171875,267.35223388671875,200.6049041748047,48.82400131225586,13.031298637390137,119.71444702148438,120.24310302734375,163.20333862304688,195.4457550048828,46.32453918457031,29.597686767578125,3557.5400390625
2020-11-23,110.52670288085938,460.6099853515625,154.91949462890625,157.96311950683594,85.6187973022461,235.6214141845703,123.449951171875,102.07270812988281,44.37689971923828,321.1947326660156,266.09326171875,200.33790588378906,47.6619987487793,13.083324432373047,119.38057708740234,119.77694702148438,173.9499969482422,199.54872131347656,46.537288665771484,31.536685943603516,3577.590087890625
2020-11-24,111.80815887451172,462.70001220703125,155.9029998779297,159.87908935546875,87.4198226928711,237.27963256835938,123.449951171875,106.79226684570312,44.8317985534668,331.2066955566406,274.5093994140625,203.9134979248047,48.28799819946289,12.901859283447266,120.2236099243164,119.3885269165039,185.1266632080078,201.00579833984375,46.66986846923828,33.63591384887695,3635.409912109375
2020-11-25,112.64305114746094,470.0799865722656,159.2534942626953,157.8275146484375,87.43122863769531,237.8439483642578,123.2869644165039,105.6751708984375,44.58750534057617,330.1715393066406,273.1909484863281,203.92306518554688,48.5,13.177664756774902,120.33210754394531,119.70787811279297,191.3333282470703,202.16575622558594,46.81479263305664,32.69847869873047,3629.64990234375
2020-11-27,113.18672180175781,477.0299987792969,159.76699829101562,158.23422241210938,88.56566619873047,239.6063232421875,123.5615463256836,104.97372436523438,44.39374923706055,327.9950866699219,275.39166259765625,205.2197723388672,49.13600158691406,13.204049110412598,120.69940185546875,119.6474838256836,195.25332641601562,202.2711944580078,46.74386978149414,32.20170211791992,3638.35009765625
2020-11-30,115.57492065429688,478.4700012207031,158.40199279785156,156.8875732421875,86.94900512695312,240.83921813964844,124.14502716064453,102.08135223388672,43.807960510253906,325.51873779296875,274.5589294433594,204.11376953125,49.06999969482422,13.343694686889648,120.39054107666016,119.87190246582031,189.1999969482422,201.6481475830078,47.11079406738281,30.551162719726562,3621.6298828125
2020-12-01,119.13778686523438,479.1499938964844,161.00399780273438,156.58932495117188,88.97900390625,240.1359100341797,126.5218505859375,103.69210052490234,44.18151092529297,327.8113708496094,284.0555725097656,206.1542205810547,50.45800018310547,13.332242012023926,121.9264144897461,120.30349731445312,194.9199981689453,202.4629364013672,47.06454086303711,30.84761619567871,3662.449951171875
2020-12-02,119.4872817993164,481.260009765625,160.17649841308594,157.14060974121094,90.44648742675781,236.64425659179688,127.11392211914062,105.68382263183594,44.24092483520508,329.1075134277344,285.0169982910156,205.353271484375,50.3380012512207,13.486078262329102,120.71611785888672,119.43168640136719,189.60667419433594,201.48512268066406,46.410858154296875,32.001399993896484,3669.010009765625
2020-12-03,119.35135650634766,484.2799987792969,159.3365020751953,157.8275146484375,90.29136657714844,234.0604705810547,127.85189056396484,104.99105072021484,44.809757232666016,324.1933898925781,279.3964538574219,204.27581787109375,49.75199890136719,13.342161178588867,121.43317413330078,118.55123138427734,197.7933349609375,199.44325256347656,46.034698486328125,32.21773910522461,3666.719970703125
2020-12-04,118.68150329589844,486.0,158.12899780273438,164.67820739746094,90.38652801513672,230.4379119873047,128.94161987304688,105.9436264038086,45.718177795410156,333.1026916503906,277.26519775390625,204.39028930664062,49.83100128173828,13.50376033782959,122.61009216308594,118.6634292602539,199.67999267578125,203.88169860839844,45.91443634033203,33.395545959472656,3699.1201171875
2020-12-07,120.13771057128906,492.25,157.89999389648438,161.51492309570312,90.05298614501953,229.25953674316406,127.82611083984375,105.54527282714844,44.98804473876953,329.82330322265625,283.093994140625,204.32351684570312,51.577999114990234,13.55206298828125,122.20658111572266,118.84469604492188,213.9199981689453,203.8529815673828,45.66777038574219,32.77059555053711,3691.9599609375
2020-12-08,120.74932861328125,495.2799987792969,158.864501953125,161.63241577148438,89.7704849243164,228.45643615722656,130.0399169921875,105.64920806884766,45.14935302734375,329.6589050292969,280.9329528808594,205.96348571777344,51.26599884033203,13.296345710754395,122.33271789550781,119.16410064697266,216.6266632080078,203.96798706054688,46.08094024658203,33.84423828125,3702.25
2020-12-09,118.22523498535156,483.739990234375,155.2100067138672,162.7440643310547,88.11168670654297,231.82582092285156,131.3699951171875,104.82650756835938,45.276702880859375,325.8476257324219,275.5007629394531,201.94932556152344,49.36000061035156,12.878779411315918,122.47557830810547,117.74845123291016,201.4933319091797,200.90997314453125,45.71710968017578,34.292938232421875,3672.820068359375
2020-12-10,119.64260864257812,476.8699951171875,155.07449340820312,161.6414794921875,87.60568237304688,231.15374755859375,130.64056396484375,104.15106201171875,45.03898239135742,320.6916809082031,274.7076721191406,200.72885131835938,50.10900115966797,12.920112609863281,121.61813354492188,116.9715805053711,209.02333068847656,199.02146911621094,45.503578186035156,35.26243209838867,3668.10009765625
2020-12-11,118.8368148803711,475.9100036621094,155.8209991455078,162.03915405273438,87.96002197265625,230.92677307128906,131.24119567871094,103.53621673583984,45.29368591308594,316.7256164550781,271.1686706542969,203.34140014648438,50.321998596191406,12.960951805114746,121.87028503417969,117.83478546142578,203.3300018310547,197.70811462402344,45.49120330810547,35.094173431396484,3663.4599609375
2020-12-14,118.22523498535156,486.4200134277344,157.84849548339844,160.91847229003906,86.84294891357422,231.82582092285156,127.91194915771484,102.44508361816406,45.225765228271484,320.3337707519531,271.8031311035156,204.23768615722656,52.242000579833984,13.255258560180664,121.24822235107422,117.26508331298828,213.27667236328125,198.67636108398438,45.07341766357422,33.82822036743164,3647.489990234375
2020-12-15,124.14716339111328,482.6400146484375,158.25599670410156,164.25341796875,87.28006744384766,233.9208221435547,129.19903564453125,104.19435119628906,45.709693908691406,322.7520751953125,273.15130615234375,204.1709747314453,51.97800064086914,13.306802749633789,121.70218658447266,117.95565032958984,211.0833282470703,199.7404022216797,45.051761627197266,34.4852409362793,3694.6201171875
2020-12-16,124.0792007446289,489.8999938964844,162.04800415039062,162.2289276123047,87.08727264404297,235.3262176513672,128.4267578125,104.49744415283203,45.04747772216797,321.25274658203125,273.2702941894531,209.08143615722656,52.483001708984375,13.189278602600098,121.8030776977539,118.49078369140625,207.58999633789062,199.6541748046875,45.005332946777344,35.01404571533203,3701.169921875
2020-12-17,124.9432144165039,495.3599853515625,161.8040008544922,161.93067932128906,86.26060485839844,239.14950561523438,131.81614685058594,103.6314697265625,45.225765228271484,325.89593505859375,272.0906066894531,209.21490478515625,53.290000915527344,13.287628173828125,122.4924087524414,119.33672332763672,218.63333129882812,202.4438018798828,45.21268081665039,34.8377685546875,3722.47998046875
2020-12-18,122.96277618408203,502.95001220703125,160.08250427246094,163.54847717285156,85.55238342285156,236.076904296875,132.57981872558594,103.12053680419922,45.624794006347656,329.2138671875,273.9938659667969,208.4235382080078,53.44499969482422,13.218660354614258,123.51801300048828,120.0186767578125,231.6666717529297,202.56837463378906,45.166263580322266,34.236846923828125,3709.409912109375
2020-12-21,124.48694610595703,498.3900146484375,160.3090057373047,162.82542419433594,85.9657211303711,236.5482635498047,131.30130004882812,106.9914779663086,44.835227966308594,323.4486083984375,270.4153137207031,212.23745727539062,52.89099884033203,13.278664588928223,122.23175811767578,118.70659637451172,216.6199951171875,200.3635711669922,45.172454833984375,33.611881256103516,3694.919921875
2020-12-22,128.03038024902344,504.1700134277344,160.3260040283203,159.58987426757812,85.2550277709961,235.718994140625,131.04388427734375,105.3634262084961,44.79277801513672,321.3881530761719,264.76495361328125,213.5247039794922,52.733001708984375,13.224884033203125,121.07167053222656,117.86930084228516,213.44667053222656,197.32464599609375,44.62470245361328,33.04301071166992,3687.260009765625
2020-12-23,127.13724517822266,496.9100036621094,159.2635040283203,161.25282287597656,85.65200805664062,235.51824951171875,130.3745880126953,108.30772399902344,45.064449310302734,318.47650146484375,265.7760314941406,210.74049377441406,51.448001861572266,12.956963539123535,121.39955139160156,117.68800354003906,215.32666015625,196.80702209472656,44.3214225769043,33.46765899658203,3690.010009765625
2020-12-24,128.11782836914062,499.8599853515625,158.63450622558594,162.2831573486328,85.94589233398438,236.48715209960938,130.82936096191406,107.8314437866211,45.37009048461914,325.025390625,265.0722351074219,212.3900604248047,51.39699935913086,12.941524505615234,121.94595336914062,118.87921142578125,220.58999633789062,200.0663604736328,44.40807342529297,33.331443786621094,3703.06005859375
2020-12-28,132.69998168945312,498.95001220703125,164.197998046875,161.2076416015625,87.91841125488281,235.0294189453125,131.4471893310547,108.54157257080078,45.98137283325195,333.2187194824219,274.5886535644531,214.49728393554688,51.9119987487793,12.84815502166748,123.50118255615234,119.70787811279297,221.22999572753906,203.8338165283203,44.94034957885742,33.443626403808594,3735.360107421875
2020-12-29,130.93309020996094,502.1099853515625,166.10000610351562,159.65316772460938,87.11551666259766,232.3583221435547,132.2623291015625,108.25577545166016,45.95589828491211,335.337158203125,274.3705749511719,213.72491455078125,53.08700180053711,12.891228675842285,123.92992401123047,119.48345184326172,221.99667358398438,205.50177001953125,44.65563201904297,33.06704330444336,3727.0400390625
2020-12-30,129.8166961669922,497.45001220703125,164.29249572753906,162.7169952392578,86.04947662353516,231.54652404785156,133.90122985839844,108.55889129638672,46.21908950805664,343.9367980957031,269.50341796875,211.3697967529297,52.45899963378906,13.092915534973145,123.83745574951172,118.92239379882812,231.5933380126953,209.3267364501953,44.61851119995117,33.331443786621094,3732.0400390625
2020-12-31,128.81678771972656,500.1199951171875,162.84649658203125,164.5064697265625,86.86177825927734,231.86080932617188,135.04249572753906,110.03971862792969,46.558677673339844,345.28143310546875,270.7821044921875,212.0753936767578,54.073001861572266,13.002531051635742,124.66973876953125,120.10498046875,235.22332763671875,209.68141174316406,44.60922622680664,33.0269889831543,3756.070068359375
2021-01-04,125.63247680664062,485.3399963378906,159.3314971923828,164.62396240234375,85.54794311523438,230.3768768310547,134.28733825683594,109.00051879882812,44.79277801513672,340.00946044921875,266.5989074707031,207.56536865234375,52.2859992980957,13.060795783996582,121.28189849853516,118.96553039550781,243.2566680908203,208.75152587890625,45.34574890136719,33.251319885253906,3700.64990234375
2021-01-05,127.18576049804688,485.69000244140625,160.92550659179688,165.97061157226562,86.23780822753906,232.236083984375,135.86618041992188,109.5936508178711,44.30036544799805,336.0723571777344,268.61114501953125,207.76560974121094,52.08000183105469,13.350874900817871,121.64334869384766,119.72515106201172,245.0366668701172,205.63600158691406,45.104366302490234,34.85381317138672,3726.860107421875
2021-01-06,122.90451049804688,466.30999755859375,156.91900634765625,175.2072296142578,85.3868408203125,233.5629425048828,137.14471435546875,114.73967742919922,42.89104080200195,336.1980285644531,261.0178527832031,202.37841796875,50.04899978637695,12.563798904418945,120.15534973144531,120.98543548583984,251.9933319091797,203.82418823242188,45.3859748840332,35.74317169189453,3748.139892578125
2021-01-07,127.09842681884766,477.739990234375,158.10800170898438,175.54164123535156,87.9372329711914,232.41946411132812,137.60812377929688,118.50765228271484,42.41560363769531,338.86163330078125,266.4006042480469,208.1374969482422,50.888999938964844,13.290367126464844,119.76868438720703,119.85462951660156,272.0133361816406,204.9649658203125,45.38288116455078,36.02360153198242,3803.7900390625
2021-01-08,128.19544982910156,485.1000061035156,159.13499450683594,175.56875610351562,89.10142517089844,234.8898162841797,137.3249053955078,118.6385269165039,43.36648178100586,342.7262268066406,265.24078369140625,209.4055938720703,51.040000915527344,13.223390579223633,121.2061767578125,119.80284118652344,293.3399963378906,206.5370635986328,45.376705169677734,36.42422103881836,3824.679931640625
2021-01-11,125.21505737304688,474.239990234375,155.7104949951172,175.2072296142578,87.04267120361328,236.75778198242188,136.7500457763672,120.40908813476562,42.61935806274414,337.2538146972656,254.60415649414062,207.3746795654297,49.90999984741211,13.566753387451172,119.44922637939453,118.9914321899414,270.39666748046875,204.08303833007812,45.58094024658203,37.52993392944336,3799.610107421875
2021-01-12,125.04029846191406,471.6499938964844,156.04150390625,178.53317260742188,86.10795593261719,241.20956420898438,135.68601989746094,122.30176544189453,42.5429573059082,332.1398620605469,248.9042205810547,204.9337158203125,49.42499923706055,13.430554389953613,118.89439392089844,118.3009033203125,283.14666748046875,200.2197265625,46.10084533691406,38.36320877075195,3801.18994140625
2021-01-13,127.06929779052734,472.04998779296875,158.29449462890625,177.0419464111328,86.59464263916016,239.21932983398438,135.48008728027344,122.41516876220703,42.58540344238281,335.442626953125,249.449462890625,206.2781524658203,50.77899932861328,13.477364540100098,119.86953735351562,118.48214721679688,284.8033447265625,200.68948364257812,45.63045883178711,38.79589080810547,3809.840087890625
2021-01-14,125.14710235595703,463.2699890136719,156.37350463867188,178.40660095214844,85.78531646728516,234.23509216308594,137.8483428955078,123.13036346435547,41.795833587646484,316.6524658203125,243.50167846679688,203.1125946044922,50.08599853515625,13.147194862365723,119.17181396484375,117.22193145751953,281.6666564941406,193.50933837890625,45.48192596435547,40.31023025512695,3795.5400390625
2021-01-15,123.42875671386719,458.0799865722656,155.21249389648438,175.8941192626953,85.62177276611328,240.5636444091797,137.54803466796875,120.92367553710938,41.34587860107422,313.097900390625,249.171875,202.759765625,49.79800033569336,12.807817459106445,118.8607406616211,116.3414535522461,275.38665771484375,193.25051879882812,44.760868072509766,38.37123107910156,3768.25
2021-01-19,124.0986099243164,456.5,156.03799438476562,176.32118225097656,88.43928527832031,238.46864318847656,139.676025390625,120.40034484863281,41.1845588684082,315.693603515625,258.8271484375,206.37355041503906,50.176998138427734,12.972900390625,119.42398834228516,115.32286834716797,281.51666259765625,193.31759643554688,44.3740234375,39.13241195678711,3798.909912109375
2021-01-20,128.17601013183594,469.7300109863281,163.16900634765625,174.75836181640625,93.17726135253906,239.4375762939453,139.33277893066406,118.59489440917969,41.32890319824219,324.3816833496094,265.1515808105469,213.9060821533203,58.63399887084961,13.312031745910645,118.8103256225586,113.88134002685547,283.48333740234375,197.48765563964844,45.03009796142578,39.68525695800781,3851.85009765625
2021-01-21,132.87469482421875,472.0199890136719,165.34950256347656,174.62210083007812,93.37948608398438,243.58383178710938,138.77503967285156,117.60054779052734,41.55812454223633,323.9264221191406,270.4945983886719,214.50677490234375,57.98400115966797,13.811766624450684,117.3643798828125,113.7693099975586,281.663330078125,196.6536407470703,44.82585144042969,38.54750061035156,3853.070068359375
2021-01-22,135.010498046875,472.44000244140625,164.6114959716797,174.3949432373047,93.79627990722656,247.90478515625,140.33676147460938,116.6934585571289,41.16759490966797,318.6476745605469,272.1104431152344,215.44122314453125,56.516998291015625,13.657388687133789,116.50691223144531,112.8922348022461,282.21331787109375,193.66273498535156,45.28386306762695,38.00266647338867,3841.469970703125
2021-01-25,138.74810791015625,473.44000244140625,164.6999969482422,170.2154541015625,93.88153839111328,248.8474578857422,142.42181396484375,115.23686218261719,41.41379165649414,318.8414611816406,275.5899353027344,218.85472106933594,55.678001403808594,13.59837532043457,117.84354400634766,114.83747100830078,293.6000061035156,192.6657257080078,45.24362564086914,37.5780029296875,3855.360107421875
2021-01-26,138.98110961914062,476.2799987792969,166.30650329589844,170.0973358154297,94.55902862548828,246.6826629638672,146.28318786621094,114.76583862304688,41.84678649902344,317.3983459472656,279.5946960449219,221.5244903564453,56.19300079345703,13.38125228881836,119.20541381835938,115.5755615234375,294.36334228515625,193.65310668945312,45.64902877807617,36.75273132324219,3849.6201171875
2021-01-27,137.91322326660156,460.0,161.62899780273438,164.11878967285156,90.14763641357422,239.21932983398438,144.05218505859375,111.5212173461914,41.201541900634766,305.5721740722656,269.77099609375,222.06796264648438,52.327999114990234,12.865833282470703,116.04454040527344,111.48540496826172,288.0533447265625,186.90440368652344,44.5132942199707,36.336082458496094,3750.77001953125
2021-01-28,133.0883026123047,465.6700134277344,161.88099670410156,167.48963928222656,91.84559631347656,242.71099853515625,145.15048217773438,113.48373413085938,41.72792053222656,314.0857849121094,262.693115234375,227.81753540039062,53.86000061035156,12.998546600341797,117.01129913330078,113.20484924316406,278.4766540527344,190.01991271972656,44.485450744628906,36.904972076416016,3787.3798828125
2021-01-29,128.1080780029297,458.7699890136719,160.30999755859375,166.1267547607422,90.56493377685547,236.39987182617188,139.97633361816406,112.22771453857422,40.878936767578125,306.3469543457031,256.0811462402344,221.17166137695312,53.23899841308594,12.937542915344238,114.80879974365234,111.3377914428711,264.510009765625,185.25550842285156,43.476593017578125,35.927452087402344,3714.239990234375
2021-02-01,130.2244415283203,470.0,167.1439971923828,167.8349609375,93.82156372070312,235.7451934814453,139.61598205566406,113.05631256103516,41.159095764160156,311.4512939453125,259.72918701171875,228.50401306152344,53.90399932861328,13.18380069732666,115.15345764160156,111.99776458740234,279.9366760253906,190.15411376953125,43.09905242919922,35.99156188964844,3773.860107421875
2021-02-02,131.0496368408203,484.92999267578125,169.0,174.90374755859375,95.11261749267578,237.56951904296875,138.3631591796875,116.53644561767578,41.566612243652344,323.8586120605469,264.75506591796875,228.37054443359375,54.816001892089844,13.502264976501465,116.33037567138672,111.84144592285156,290.92999267578125,194.228271484375,43.56324005126953,36.5604362487793,3826.31005859375
2021-02-03,130.03025817871094,481.9200134277344,165.62649536132812,173.9497528076172,102.0392074584961,239.32412719726562,137.71961975097656,117.87092590332031,41.40530776977539,322.3573303222656,264.32879638671875,231.69825744628906,53.94499969482422,13.476119041442871,116.02774047851562,111.98040008544922,284.89666748046875,193.02999877929688,43.69629669189453,37.99464797973633,3830.169921875
2021-02-04,133.37953186035156,489.3800048828125,166.5500030517578,174.1314697265625,101.77900695800781,243.38316345214844,138.9981689453125,120.58354187011719,41.60905456542969,330.115478515625,264.1701965332031,230.7542724609375,55.215999603271484,13.609333038330078,117.42324829101562,112.04986572265625,283.3299865722656,200.59364318847656,44.10789489746094,38.723777770996094,3871.739990234375
2021-02-05,132.96630859375,492.1199951171875,167.6074981689453,175.35806274414062,103.52352905273438,243.41795349121094,141.1089630126953,120.3480224609375,42.15242004394531,328.1009216308594,265.7662048339844,230.93544006347656,55.07899856567383,13.536377906799316,118.49925231933594,112.51881408691406,284.07666015625,200.13348388671875,44.67422103881836,40.02178192138672,3886.830078125
2021-02-08,133.11219787597656,493.760009765625,166.14700317382812,179.40127563476562,103.30992889404297,244.43934631347656,141.5122833251953,122.23201751708984,42.38164138793945,326.4349365234375,264.2593994140625,231.19288635253906,54.79199981689453,14.380720138549805,118.02848815917969,112.17144012451172,287.8066711425781,198.3312530517578,44.88154983520508,41.74443817138672,3915.590087890625
2021-02-09,132.23716735839844,496.04998779296875,165.25,179.24681091308594,102.85745239257812,241.5936279296875,142.67068481445312,121.74357604980469,42.19486999511719,322.9578552246094,267.10443115234375,232.43240356445312,55.90700149536133,14.205926895141602,117.35598754882812,111.73725891113281,283.1533203125,197.9765167236328,45.12912368774414,41.25553894042969,3911.22998046875
2021-02-10,131.6343231201172,492.6700134277344,164.32899475097656,179.6466064453125,103.40705871582031,243.26963806152344,143.13406372070312,121.81332397460938,42.10997009277344,323.7036437988281,269.50341796875,231.52667236328125,56.35900115966797,14.704910278320312,115.75872039794922,111.34645080566406,268.2733459472656,197.89984130859375,44.60303497314453,41.65480422973633,3909.8798828125
2021-02-11,131.38157653808594,496.6199951171875,163.10650634765625,180.21902465820312,103.51957702636719,241.84678649902344,142.490478515625,121.4731674194336,42.704261779785156,332.0913391113281,268.0362548828125,233.118896484375,55.75899887084961,15.189456939697266,113.46373748779297,111.44200134277344,270.5533447265625,202.25881958007812,44.56900405883789,40.61180877685547,3916.3798828125
2021-02-12,131.61488342285156,498.8399963378906,163.885498046875,179.89190673828125,103.83080291748047,242.23959350585938,142.93667602539062,123.20018005371094,43.035362243652344,330.2801513671875,268.145263671875,233.59568786621094,55.652000427246094,14.901119232177734,112.53900146484375,110.82542419433594,272.0400085449219,201.5867462158203,44.708248138427734,41.165897369384766,3934.830078125
2021-02-16,129.495361328125,501.6400146484375,163.44749450683594,183.8806610107422,104.607421875,240.3890380859375,141.6409912109375,126.16566467285156,42.67879104614258,330.4835510253906,271.5850524902344,232.36569213867188,55.72800064086914,15.268633842468262,112.96772766113281,111.08594512939453,265.40667724609375,199.60887145996094,45.07652282714844,42.40446090698242,3932.590087890625
2021-02-17,127.21057891845703,491.2300109863281,165.4320068359375,183.8079376220703,104.99993896484375,245.21621704101562,142.14724731445312,126.55818176269531,42.559932708740234,326.7255554199219,271.1885681152344,233.3787078857422,55.13399887084961,14.846092224121094,113.03498840332031,111.55487060546875,266.04998779296875,199.23443603515625,45.55309295654297,43.064476013183594,3931.330078125
2021-02-18,126.11192321777344,488.3699951171875,166.4114990234375,181.64549255371094,104.36505889892578,247.07545471191406,142.21592712402344,126.98556518554688,43.10328674316406,327.8199462890625,267.04498291015625,232.98684692382812,54.821998596191406,14.769402503967285,113.79998779296875,112.48406982421875,262.4599914550781,201.00103759765625,42.600799560546875,42.38816452026367,3913.969970703125
2021-02-19,126.26746368408203,479.1199951171875,162.4949951171875,190.72232055664062,103.52253723144531,244.09890747070312,139.8476104736328,129.1050567626953,42.5429573059082,322.6964416503906,259.2831115722656,230.29180908203125,54.02199935913086,14.866507530212402,111.39569854736328,110.39122772216797,260.4333190917969,196.56529235839844,42.81123733520508,42.67335891723633,3906.7099609375
2021-02-22,122.50481414794922,467.3299865722656,159.03700256347656,198.12734985351562,101.81023406982422,240.7906036376953,139.76124572753906,130.31741333007812,42.98442840576172,329.950927734375,258.0638122558594,224.11807250976562,53.37799835205078,14.298052787780762,110.95858001708984,109.92227935791016,238.1666717529297,200.0121307373047,42.61008834838867,44.246002197265625,3876.5
2021-02-23,122.36871337890625,467.79998779296875,159.72500610351562,200.05355834960938,102.10065460205078,233.2748565673828,138.526611328125,131.36407470703125,42.908023834228516,339.4040222167969,263.545654296875,222.9330291748047,54.6150016784668,14.085162162780762,111.6226806640625,110.73858642578125,232.94667053222656,203.65098571777344,41.92307662963867,44.85714340209961,3881.3701171875
2021-02-24,121.87287139892578,476.6199951171875,157.97650146484375,202.1342315673828,103.27474212646484,226.92892456054688,140.38294982910156,133.67544555664062,43.052345275878906,355.7727966308594,262.0091247558594,224.1563262939453,55.340999603271484,14.440727233886719,111.04263305664062,110.86018371582031,247.33999633789062,210.67906188964844,41.22368621826172,46.20163345336914,3925.429931640625
2021-02-25,117.63377380371094,459.1600036621094,152.85800170898438,201.5436553955078,99.91156768798828,222.80874633789062,140.52972412109375,131.8612060546875,42.59389877319336,343.4236145019531,252.47288513183594,218.8426971435547,54.66999816894531,13.254015922546387,109.28565979003906,109.92227935791016,227.4066619873047,205.22555541992188,40.83375930786133,45.4356803894043,3829.340087890625
2021-02-26,117.89631652832031,459.6700134277344,154.64649963378906,196.1466064453125,100.20693969726562,225.50599670410156,136.8170166015625,128.3636932373047,41.59208679199219,342.7262268066406,255.3773651123047,222.08245849609375,53.8849983215332,13.659379959106445,108.60470581054688,107.27367401123047,225.1666717529297,203.91983032226562,40.20555114746094,44.30305099487305,3811.14990234375
2021-03-01,124.24517822265625,469.57000732421875,157.3070068359375,199.67193603515625,102.5734634399414,228.36920166015625,137.5595703125,131.26809692382812,42.36466979980469,351.49169921875,262.60394287109375,226.44036865234375,55.06399917602539,13.78611946105957,109.80687713623047,107.93364715576172,239.47666931152344,207.99072265625,40.654258728027344,45.957183837890625,3901.820068359375
2021-03-02,121.64922332763672,466.5899963378906,154.72650146484375,196.09210205078125,102.31673431396484,227.20816040039062,137.30052185058594,130.8407440185547,42.534461975097656,351.4141845703125,256.74542236328125,223.5064697265625,54.78200149536133,13.35236930847168,110.1851577758789,107.594970703125,228.81333923339844,207.16502380371094,40.264347076416016,45.68827819824219,3870.2900390625
2021-03-03,118.67411041259766,448.45001220703125,150.25,195.26528930664062,99.68656158447266,224.6505889892578,134.88299560546875,133.3701629638672,42.432579040527344,348.9249572753906,253.18661499023438,217.47604370117188,52.06999969482422,12.753287315368652,108.56268310546875,106.95236206054688,217.73333740234375,206.28172302246094,39.484500885009766,46.054962158203125,3819.719970703125
2021-03-04,116.79767608642578,439.05999755859375,148.8784942626953,193.32090759277344,100.80266571044922,219.03781127929688,132.1632080078125,131.32046508789062,42.39862823486328,338.51300048828125,255.3972625732422,216.6828155517578,51.12900161743164,12.320533752441406,109.16686248779297,106.07527923583984,207.14666748046875,203.06529235839844,39.46592712402344,47.83946228027344,3768.469970703125
2021-03-05,118.05186462402344,440.8299865722656,150.0229949951172,200.035400390625,103.9319076538086,221.2986602783203,134.7794189453125,131.62571716308594,43.120262145996094,349.5352783203125,261.97943115234375,221.3370361328125,51.638999938964844,12.411415100097656,112.72579956054688,109.40126037597656,199.31666564941406,206.8194122314453,39.957984924316406,49.64841842651367,3841.93994140625
2021-03-08,113.1322250366211,421.20001220703125,147.59750366210938,201.32557678222656,99.49278259277344,226.10833740234375,135.90182495117188,133.3701629638672,43.84189987182617,359.6567077636719,253.08750915527344,217.31362915039062,49.33300018310547,11.54665756225586,111.96318054199219,110.55622863769531,187.6666717529297,211.48553466796875,39.574241638183594,49.59953689575195,3821.35009765625
2021-03-09,117.73102569580078,439.17999267578125,153.1425018310547,196.98251342773438,101.121337890625,231.2846221923828,136.1608123779297,132.42822265625,43.17969512939453,364.6835632324219,263.42669677734375,223.42042541503906,50.64400100708008,12.474233627319336,112.06487274169922,109.5749282836914,224.52667236328125,211.5719757080078,39.886802673339844,48.833580017089844,3875.43994140625
2021-03-10,116.65181732177734,437.010009765625,152.8820037841797,200.8531036376953,100.91465759277344,233.85829162597656,137.41281127929688,135.3064727783203,43.6721076965332,369.70074462890625,262.593994140625,222.12069702148438,50.45399856567383,12.422425270080566,113.1918716430664,110.58228302001953,222.68666076660156,214.2698974609375,40.904945373535156,50.33289337158203,3898.81005859375
2021-03-11,118.57687377929688,451.05999755859375,155.67950439453125,199.67193603515625,104.10388946533203,236.1508331298828,137.4041290283203,134.59999084472656,43.19667434692383,372.29644775390625,271.495849609375,226.62197875976562,52.305999755859375,12.945743560791016,112.88682556152344,110.2088623046875,233.1999969482422,217.13104248046875,40.889461517333984,49.95804977416992,3939.340087890625
2021-03-12,117.67266845703125,444.29998779296875,154.47450256347656,208.0673370361328,101.59909057617188,239.88394165039062,137.80133056640625,136.19613647460938,43.11106872558594,370.6789245605469,266.06353759765625,225.3031463623047,51.801998138427734,12.808749198913574,112.73429107666016,111.2770004272461,231.2433319091797,215.4124298095703,41.505313873291016,50.495849609375,3943.340087890625
2021-03-15,120.55057525634766,447.5899963378906,154.08399963378906,209.64825439453125,101.81914520263672,244.6622772216797,138.5093231201172,135.5157928466797,43.684627532958984,369.75885009765625,271.36700439453125,224.40478515625,52.025001525878906,13.142765998840332,112.72579956054688,111.64171600341797,235.97999572753906,214.3659210205078,41.291770935058594,49.20840835571289,3968.93994140625
2021-03-16,122.08673858642578,450.5400085449219,154.59300231933594,205.759521484375,103.27870178222656,247.771728515625,139.32957458496094,133.8935089111328,43.84728240966797,370.3593444824219,276.8488464355469,227.17630004882812,52.40299987792969,13.242399215698242,113.5562515258789,111.97173309326172,225.6266632080078,215.73887634277344,41.2794075012207,48.1654052734375,3962.7099609375
2021-03-17,121.29924011230469,451.010009765625,156.7864990234375,212.2740936279297,103.1959457397461,245.9711151123047,138.81153869628906,135.27159118652344,43.864402770996094,366.775634765625,281.5376281738281,226.53598022460938,52.444000244140625,13.292218208312988,113.22576904296875,111.5201644897461,233.93666076660156,214.1259002685547,40.93589782714844,48.37726593017578,3974.1201171875
2021-03-18,117.18657684326172,439.17999267578125,151.39950561523438,209.59375,100.17869567871094,248.7204132080078,138.552490234375,137.5044403076172,43.29084777832031,355.46282958984375,276.1945495605469,220.49603271484375,50.479000091552734,12.675740242004395,112.30213928222656,111.76329040527344,217.72000122070312,211.8600311279297,40.40138244628906,46.2912712097168,3915.4599609375
2021-03-19,116.66153717041016,441.5,153.7480010986328,204.6964569091797,100.45722961425781,253.93795776367188,138.1812286376953,135.31521606445312,43.49629211425781,345.3026428222656,287.5845642089844,220.14244079589844,51.21799850463867,12.798540115356445,113.97148132324219,111.16409301757812,218.2899932861328,198.6487579345703,40.93899917602539,46.030517578125,3913.10009765625
2021-03-22,119.96721649169922,452.4100036621094,155.5435028076172,205.35972595214844,100.64209747314453,253.79736328125,138.57838439941406,131.6781005859375,43.65895080566406,347.13323974609375,290.9847106933594,225.5325164794922,52.31100082397461,13.137788772583008,116.76777648925781,113.04853057861328,223.3333282470703,199.7048797607422,41.134769439697266,45.55790328979492,3940.590087890625
2021-03-23,119.14079284667969,460.20001220703125,156.875,198.3000030517578,101.16940307617188,254.71090698242188,138.44891357421875,130.3610382080078,43.9928092956543,344.1015930175781,288.10003662109375,227.05203247070312,53.50899887084961,13.022711753845215,118.17440795898438,115.15006256103516,220.72000122070312,199.848876953125,41.62266540527344,44.99566650390625,3910.52001953125
2021-03-24,116.7587661743164,451.510009765625,154.35350036621094,201.007568359375,100.73326873779297,257.14404296875,139.79580688476562,131.372802734375,44.104095458984375,348.3438720703125,279.6839294433594,225.0260009765625,52.08100128173828,12.59653377532959,117.62361145019531,115.11532592773438,210.08999633789062,199.77210998535156,41.36472702026367,45.90829086303711,3889.139892578125
2021-03-25,117.24490356445312,450.989990234375,152.31300354003906,203.7515106201172,100.72981262207031,261.0351257324219,139.84764099121094,133.05615234375,44.53212356567383,347.09442138671875,276.3135070800781,222.0442657470703,50.2859992980957,12.489179611206055,118.31851196289062,115.91427612304688,213.4633331298828,199.6760711669922,41.644412994384766,45.77791976928711,3909.52001953125
2021-03-26,117.84769439697266,469.0899963378906,152.60150146484375,208.52162170410156,100.34671020507812,266.85882568359375,142.40333557128906,135.27159118652344,45.405303955078125,354.6298828125,280.5563049316406,226.0008087158203,50.80500030517578,12.792062759399414,120.91988372802734,117.62500762939453,206.23666381835938,205.0143280029297,41.992462158203125,47.02462387084961,3974.5400390625
2021-03-29,118.02272033691406,469.32000732421875,153.7864990234375,209.17581176757812,101.39044952392578,265.44464111328125,143.3617401123047,133.16957092285156,46.09870910644531,351.50140380859375,288.2884216308594,224.8157501220703,51.39500045776367,12.90066146850586,122.70783996582031,119.46601867675781,203.76333618164062,205.95523071289062,42.471031188964844,46.77203369140625,3971.090087890625
2021-03-30,116.57402801513672,465.4599914550781,152.76449584960938,211.7743682861328,101.42415618896484,267.74591064453125,142.47242736816406,134.7395477294922,45.49946975708008,346.9394836425781,285.49298095703125,221.5759735107422,51.3390007019043,12.824441909790039,120.78430938720703,117.62500762939453,211.8733367919922,203.44940185546875,42.18202590942383,46.19348907470703,3958.550048828125
2021-03-31,118.76163482666016,475.3699951171875,154.70399475097656,210.6749725341797,102.21959686279297,268.1236267089844,141.902587890625,132.77703857421875,45.12281036376953,344.8570251464844,291.966064453125,225.32225036621094,52.16600036621094,13.299190521240234,119.86070251464844,117.60763549804688,222.64332580566406,203.28611755371094,42.209999084472656,45.49272155761719,3972.889892578125
2021-04-01,119.58804321289062,483.3399963378906,158.0500030517578,211.46546936035156,105.55303955078125,270.31964111328125,140.59017944335938,134.06796264648438,44.95158767700195,351.8791198730469,296.0600891113281,231.61068725585938,53.94200134277344,13.76098918914795,119.7166519165039,116.60900115966797,220.5833282470703,208.2115478515625,42.14473342895508,46.76387405395508,4019.8701171875
2021-04-05,122.40760040283203,491.6199951171875,161.3365020751953,212.34677124023438,109.97283935546875,277.0391845703125,141.10824584960938,134.77857971191406,45.208412170410156,356.74127197265625,306.22088623046875,238.03294372558594,54.06700134277344,13.936092376708984,121.3096694946289,118.49341583251953,230.35000610351562,210.3046112060547,43.328704833984375,46.038665771484375,4077.909912109375
2021-04-06,122.70899200439453,491.3399963378906,161.1909942626953,209.55740356445312,109.49210357666016,275.61627197265625,141.0736846923828,133.8310546875,45.533714294433594,357.9520568847656,303.593994140625,236.87648010253906,54.452999114990234,13.810553550720215,121.74183654785156,118.536865234375,230.5399932861328,209.93017578125,43.53691482543945,45.90829086303711,4073.93994140625
2021-04-07,124.35212707519531,493.4100036621094,163.96949768066406,209.34841918945312,110.967529296875,274.46551513671875,141.26365661621094,135.92788696289062,45.61075973510742,359.41461181640625,310.364501953125,238.82611083984375,54.69900131225586,14.091517448425293,121.52154541015625,118.74525451660156,223.6566619873047,210.5254364013672,43.44369125366211,46.11199951171875,4079.949951171875
2021-04-08,126.74390411376953,499.8399963378906,164.96499633789062,209.41204833984375,111.53250885009766,276.1871337890625,140.7110595703125,136.0946044921875,45.47378921508789,366.2994384765625,310.2951354980469,242.02767944335938,55.45800018310547,14.264381408691406,120.78430938720703,119.19681549072266,227.93333435058594,211.89837646484375,43.41571807861328,45.6312370300293,4097.169921875
2021-04-09,129.31065368652344,504.0400085449219,168.61000061035156,209.65737915039062,112.5356216430664,280.4033203125,139.22593688964844,137.11236572265625,45.525146484375,368.5686340332031,309.739990234375,244.51243591308594,55.53099822998047,14.347074508666992,120.80976104736328,118.42395782470703,225.67333984375,213.6458282470703,43.43747329711914,45.525306701660156,4128.7998046875
2021-04-12,127.59947967529297,506.0299987792969,168.96949768066406,209.82090759277344,111.24458312988281,281.7735900878906,139.5626983642578,136.8228302001953,45.670677185058594,368.33587646484375,308.8280334472656,244.56976318359375,55.27799987792969,15.153101921081543,121.19107818603516,118.90157318115234,233.9933319091797,212.63766479492188,43.44369125366211,45.223812103271484,4127.990234375
2021-04-13,130.7009735107422,514.8599853515625,170.0,208.3853759765625,111.73075103759766,281.4309997558594,137.69772338867188,135.19094848632812,45.4481086730957,366.677734375,307.0635070800781,247.0354461669922,55.37300109863281,15.621871948242188,121.21649169921875,117.32974243164062,254.10667419433594,212.2056427001953,43.31006622314453,45.39494323730469,4141.58984375
2021-04-14,128.3675537109375,510.6300048828125,166.64999389648438,211.32008361816406,111.11026000976562,281.09722900390625,138.07765197753906,132.66416931152344,45.439544677734375,366.86199951171875,300.1839599609375,244.2639617919922,54.00199890136719,15.220852851867676,120.41992950439453,117.75530242919922,244.07666015625,213.12734985351562,43.29452133178711,46.70683288574219,4124.66015625
2021-04-15,130.76905822753906,523.25,168.95449829101562,211.2655792236328,113.2582015991211,283.48651123046875,138.48342895507812,133.50645446777344,45.653564453125,374.7845458984375,305.140380859375,248.00071716308594,54.922000885009766,16.07794189453125,120.58943176269531,119.17947387695312,246.28334045410156,217.25588989257812,43.55555725097656,46.42979049682617,4170.419921875
2021-04-16,130.43846130371094,525.0800170898438,169.9720001220703,212.02882385253906,113.13430786132812,288.17694091796875,140.0807647705078,134.49783325195312,45.95317840576172,374.4741516113281,303.5146789550781,249.1857452392578,54.65399932861328,15.85401725769043,122.15705108642578,119.18814086914062,246.5933380126953,217.3806915283203,43.695396423339844,46.169044494628906,4185.47021484375
2021-04-19,131.099609375,516.1699829101562,168.60049438476562,211.14744567871094,113.48173522949219,287.0965576171875,140.4692840576172,133.9275665283203,46.227108001708984,370.58563232421875,299.60894775390625,247.2743377685547,55.444000244140625,15.305291175842285,122.65699768066406,118.63236236572266,238.2100067138672,216.78538513183594,43.41571807861328,46.022369384765625,4163.259765625
2021-04-20,129.41758728027344,514.2100219726562,166.7344970703125,206.82260131835938,112.94895935058594,284.5580139160156,143.74163818359375,130.96214294433594,46.37264633178711,365.2231140136719,300.015380859375,246.81561279296875,54.957000732421875,15.115490913391113,123.47049713134766,119.62234497070312,239.663330078125,214.37550354003906,43.7513427734375,45.052703857421875,4134.93994140625
2021-04-21,129.7967529296875,512.3400268554688,168.1009979248047,211.21104431152344,112.91624450683594,286.3060607910156,143.83660888671875,132.0763702392578,46.74931716918945,371.4972229003906,298.8456726074219,249.03282165527344,50.88999938964844,15.304045677185059,124.54663848876953,118.8407974243164,248.0399932861328,218.37921142578125,43.87874221801758,45.6312370300293,4173.419921875
2021-04-22,128.280029296875,507.2900085449219,165.45199584960938,207.96737670898438,111.6361083984375,282.362060546875,142.61920166015625,129.29515075683594,46.60379409790039,371.7492980957031,293.93878173828125,245.7739715576172,50.87799835205078,14.795671463012695,123.77556610107422,117.66093444824219,239.89666748046875,218.494384765625,43.40330123901367,45.03640365600586,4134.97998046875
2021-04-23,130.59405517578125,515.8400268554688,167.04400634765625,210.02098083496094,113.98577117919922,284.4965515136719,142.91278076171875,131.769287109375,46.629478454589844,375.3372497558594,298.50860595703125,249.57762145996094,50.55500030517578,15.209146499633789,123.57218170166016,117.05792236328125,243.13333129882812,220.8275146484375,43.47475814819336,45.280860900878906,4180.169921875
2021-04-26,130.9829559326172,515.7000122070312,170.4499969482422,210.4316864013672,114.48136901855469,281.0709228515625,141.70399475097656,132.09388732910156,45.936065673828125,375.73486328125,300.4019775390625,249.95985412597656,51.029998779296875,15.421113014221191,121.47915649414062,114.7156982421875,246.06666564941406,221.15396118164062,42.85636520385742,45.37049102783203,4187.6201171875
2021-04-27,130.66207885742188,517.3200073242188,170.8715057373047,210.23089599609375,113.54220581054688,281.597900390625,140.89236450195312,132.6992950439453,45.86758041381836,377.2863464355469,300.9273986816406,250.36123657226562,50.55500030517578,15.325217247009277,121.08090209960938,114.64575958251953,234.913330078125,220.7411346435547,43.00241470336914,45.965328216552734,4186.72021484375
2021-04-28,129.87457275390625,515.47998046875,172.9250030517578,212.0197296142578,116.915283203125,280.82489013671875,139.8562469482422,133.55906677246094,45.87614059448242,383.6670837402344,304.4266052246094,243.27963256835938,50.652000427246094,15.220602035522461,120.18270111083984,114.83802032470703,231.46665954589844,224.139892578125,42.85014343261719,47.35057830810547,4183.18017578125
2021-04-29,129.77731323242188,516.0900268554688,173.5655059814453,207.6114501953125,118.58647155761719,285.77020263671875,141.77305603027344,136.1560516357422,46.4496955871582,377.17010498046875,326.6416015625,241.3204345703125,50.900001525878906,15.26842975616455,121.97064971923828,115.80813598632812,225.6666717529297,227.4139862060547,43.39086151123047,48.02688217163086,4211.47021484375
2021-04-30,127.81336975097656,508.3399963378906,173.37100219726562,208.195556640625,116.6407241821289,284.3033142089844,140.5038604736328,134.94528198242188,46.20999526977539,370.48870849609375,322.2501220703125,241.0050506591797,51.34700012207031,14.954334259033203,122.15705108642578,116.60345458984375,236.47999572753906,224.24554443359375,43.477874755859375,46.64165496826172,4181.169921875
2021-05-03,128.86337280273438,503.4599914550781,169.32449340820312,208.2503204345703,116.12429809570312,290.1005859375,142.64512634277344,134.5504913330078,46.638023376464844,367.9092712402344,319.7719421386719,240.69924926757812,50.9109992980957,14.782221794128418,123.53829193115234,117.98431396484375,228.3000030517578,223.3334197998047,44.16463851928711,47.92910385131836,4192.66015625
2021-05-04,124.30349731445312,490.70001220703125,165.593505859375,213.0327911376953,114.32772064208984,292.2964782714844,144.85545349121094,136.41046142578125,46.34696578979492,364.5250244140625,315.588623046875,236.80958557128906,50.31800079345703,14.298503875732422,121.98761749267578,117.58226776123047,224.53334045410156,222.7765350341797,43.729583740234375,48.2305908203125,4164.66015625
2021-05-05,124.54656982421875,486.69000244140625,163.52699279785156,217.1126251220703,114.72123718261719,291.66412353515625,144.25106811523438,138.2002716064453,46.227108001708984,357.9600524902344,312.2777099609375,235.54812622070312,49.608001708984375,14.405362129211426,121.92826843261719,116.6384048461914,223.64666748046875,220.0690460205078,43.69230651855469,49.68101501464844,4167.58984375
2021-05-06,126.14109802246094,483.6099853515625,165.31849670410156,216.37330627441406,115.84031677246094,296.5214538574219,144.82957458496094,140.98147583007812,46.68938064575195,364.10797119140625,317.2341613769531,238.6636505126953,49.95500183105469,14.469621658325195,123.3433837890625,118.10665130615234,221.17999267578125,222.09490966796875,44.004268646240234,50.153621673583984,4201.6201171875
2021-05-07,126.81312561035156,488.7300109863281,164.58050537109375,219.9511260986328,116.56292724609375,297.98834228515625,145.48573303222656,141.4639892578125,46.663700103759766,364.0303649902344,316.3023986816406,241.2726593017578,50.38399887084961,14.757811546325684,123.3433837890625,118.11537170410156,224.1233367919922,222.8629608154297,43.73908615112305,50.87068557739258,4232.60009765625
2021-05-10,123.54072570800781,479.3800048828125,159.52450561523438,221.42967224121094,113.5803451538086,299.6310119628906,147.01402282714844,141.4464569091797,47.006126403808594,355.2448425292969,303.3065185546875,236.22659301757812,48.66899871826172,14.213318824768066,124.32633972167969,120.31775665283203,209.67999267578125,216.958251953125,43.93251037597656,50.992919921875,4188.43017578125
2021-05-11,122.6252670288086,485.19000244140625,161.19549560546875,218.4086456298828,112.5053939819336,290.4432067871094,145.8138885498047,139.09512329101562,46.50105667114258,356.4763488769531,303.8616027832031,235.31875610351562,49.507999420166016,14.253667831420898,123.41963195800781,119.72345733642578,205.73333740234375,216.4877471923828,43.536312103271484,49.37137222290039,4152.10009765625
2021-05-12,119.5671615600586,472.0899963378906,157.5970001220703,216.60150146484375,109.04556274414062,278.4445495605469,145.2267303466797,138.1388702392578,46.2613525390625,345.81915283203125,299.9162292480469,228.4091339111328,48.49800109863281,13.707935333251953,122.21637725830078,118.45621490478516,196.6300048828125,211.83120727539062,42.410064697265625,49.635929107666016,4063.0400390625
2021-05-13,121.70980072021484,474.1600036621094,158.07350158691406,219.1114501953125,110.472412109375,285.84051513671875,146.746337890625,141.69215393066406,46.663700103759766,349.11627197265625,302.6027526855469,232.26052856445312,48.66600036621094,13.615025520324707,124.02975463867188,120.3614501953125,190.56333923339844,215.12921142578125,43.12762451171875,49.02415084838867,4112.5
2021-05-14,124.12509155273438,486.55999755859375,161.14500427246094,221.08287048339844,112.917724609375,284.26824951171875,146.97080993652344,143.89427185058594,46.85203170776367,352.8882751464844,313.1896667480469,237.15365600585938,49.33700180053711,14.190651893615723,124.21617126464844,120.6148910522461,196.5800018310547,218.2060546875,43.52695083618164,50.23942565917969,4173.85009765625
2021-05-17,122.97586059570312,482.739990234375,163.51950073242188,223.4193572998047,113.44009399414062,281.0884094238281,147.11761474609375,144.4733428955078,46.775001525878906,352.296875,312.71392822265625,234.3152618408203,48.89400100708008,14.113435745239258,123.86031341552734,120.37018585205078,192.27667236328125,217.7252655029297,43.33040237426758,51.41335678100586,4163.2900390625
2021-05-18,121.5929183959961,480.6199951171875,161.61399841308594,218.5637969970703,112.12921905517578,278.2249755859375,147.16941833496094,142.43789672851562,46.51817321777344,352.0738220214844,307.26171875,232.30831909179688,48.62799835205078,13.964239120483398,123.30105590820312,119.13793182373047,192.6233367919922,216.8887939453125,44.2725715637207,49.95833969116211,4127.830078125
2021-05-19,121.43706512451172,480.4700012207031,161.58999633789062,216.1907958984375,112.5767593383789,276.2047119140625,146.8499755859375,141.34996032714844,46.37264633178711,350.0471496582031,310.8601989746094,232.88307189941406,48.77000045776367,14.014053344726562,123.23321533203125,119.38262176513672,187.82000732421875,215.94647216796875,44.27568817138672,48.759605407714844,4115.68017578125
2021-05-20,123.9887466430664,491.6700134277344,162.38400268554688,214.4748992919922,114.33368682861328,277.47833251953125,147.70477294921875,141.10430908203125,46.78356170654297,356.5636291503906,315.8364562988281,236.1015625,50.16699981689453,14.558794975280762,124.75846862792969,120.60614776611328,195.5933380126953,217.7252655029297,44.431678771972656,48.643856048583984,4159.1201171875
2021-05-21,122.15776824951172,488.07000732421875,160.1540069580078,216.52850341796875,113.69829559326172,277.36419677734375,147.60975646972656,142.7098388671875,46.75787353515625,356.4666442871094,313.4771728515625,234.84671020507812,49.78900146484375,14.936651229858398,124.64830780029297,120.60614776611328,193.6266632080078,218.04258728027344,44.22265625,48.71000289916992,4155.85986328125
2021-05-24,123.78421020507812,497.8299865722656,162.24949645996094,218.18045043945312,117.014404296875,276.54730224609375,148.17446899414062,143.48190307617188,46.911956787109375,361.10186767578125,321.8041076660156,240.2205047607422,50.290000915527344,15.554620742797852,125.28386688232422,120.57120513916016,202.14666748046875,220.4944305419922,44.225772857666016,49.28043746948242,4197.0498046875
2021-05-25,123.58944702148438,505.0799865722656,162.95249938964844,216.464599609375,117.1051025390625,278.2249755859375,147.76617431640625,141.99923706054688,46.90340805053711,356.09814453125,324.93658447265625,241.12095642089844,50.13399887084961,15.590239524841309,125.66520690917969,120.98197174072266,201.56333923339844,220.20599365234375,44.406715393066406,48.16436767578125,4188.1298828125
2021-05-26,123.54072570800781,506.9800109863281,163.25799560546875,216.95748901367188,117.96944427490234,278.734375,146.8886260986328,141.98162841796875,47.10885238647461,351.6665954589844,324.80767822265625,240.90065002441406,50.236000061035156,15.64229679107666,125.66520690917969,120.7110366821289,206.3766632080078,218.33103942871094,44.35368347167969,48.726539611816406,4195.990234375
2021-05-27,122.01168823242188,498.2799987792969,161.5054931640625,220.2157745361328,117.09568786621094,279.9992370605469,146.6627655029297,144.19259643554688,47.502647399902344,351.0362243652344,329.8533630371094,238.81240844726562,50.38600158691406,15.43107795715332,124.14834594726562,117.966796875,210.28334045410156,218.129150390625,44.20392990112305,48.412384033203125,4200.8798828125
2021-05-28,121.35919189453125,504.5799865722656,161.15350341796875,220.03326416015625,116.80675506591797,280.1221923828125,147.0449981689453,144.09605407714844,47.3314323425293,349.6592102050781,325.868408203125,239.1668243408203,50.28099822998047,16.184799194335938,125.36016082763672,117.85321807861328,208.4066619873047,218.5522003173828,44.31000518798828,48.25531005859375,4204.10986328125
2021-06-01,121.03778839111328,495.9100036621094,160.9324951171875,221.56661987304688,118.01256561279297,277.8385314941406,143.81309509277344,145.68405151367188,47.322872161865234,348.8932189941406,326.2648620605469,236.98284912109375,49.90800094604492,16.20472526550293,125.09741973876953,116.1314926147461,207.96665954589844,217.90802001953125,44.194576263427734,49.98313903808594,4202.0400390625
2021-06-02,121.79742431640625,495.7699890136719,161.69949340820312,222.20547485351562,117.48771667480469,276.5758056640625,144.39517211914062,145.69285583496094,47.511199951171875,355.7393798828125,326.28472900390625,236.88710021972656,49.92399978637695,16.716588973999023,125.59738159179688,116.6384048461914,201.7066650390625,220.82135009765625,44.097862243652344,50.37995910644531,4208.1201171875
2021-06-03,120.31707763671875,493.1400146484375,159.35049438476562,222.55227661132812,116.34732055664062,274.9865417480469,144.2561492919922,145.78933715820312,47.63105392456055,350.8616638183594,323.2017822265625,235.364013671875,48.94300079345703,16.907384872436523,126.04551696777344,118.72718811035156,190.94667053222656,219.3310089111328,44.17585372924805,50.57838439941406,4192.85009765625
2021-06-04,122.60578155517578,504.5,160.31100463867188,222.716552734375,118.62661743164062,274.6156311035156,144.19537353515625,146.02621459960938,48.14469909667969,354.9344787597656,327.4742431640625,240.23007202148438,49.4739990234375,17.51364517211914,126.19061279296875,118.8145523071289,199.68333435058594,221.2828369140625,44.253849029541016,50.80159378051758,4229.89013671875
2021-06-07,122.61550903320312,509.4700012207031,159.90049743652344,218.8284912109375,119.05928039550781,273.6884460449219,143.21360778808594,145.34190368652344,47.97346878051758,353.0532531738281,333.6500244140625,243.1229248046875,49.465999603271484,17.554241180419922,126.11380004882812,119.22532653808594,201.7100067138672,222.41749572753906,43.95748519897461,50.47090148925781,4226.52001953125
2021-06-08,123.43359375,509.20001220703125,163.20550537109375,219.19357299804688,118.86798095703125,274.5185241699219,141.95382690429688,144.76283264160156,47.63962173461914,354.19757080078125,330.7752685546875,241.93516540527344,49.23899841308594,17.392839431762695,124.93589782714844,117.8444595336914,201.19667053222656,223.1193389892578,43.62366485595703,51.36375427246094,4227.259765625
2021-06-09,123.81341552734375,514.6799926757812,164.0574951171875,214.1646270751953,119.33879852294922,271.3750915527344,143.86520385742188,142.95550537109375,47.494083404541016,352.32598876953125,327.37518310546875,242.91221618652344,48.58100128173828,17.298418045043945,124.70545196533203,117.80078125,199.5933380126953,223.369384765625,43.389678955078125,51.79365921020508,4219.5498046875
2021-06-10,122.82002258300781,535.52001953125,167.4824981689453,206.02330017089844,120.68635559082031,272.2315979003906,145.15972900390625,140.72702026367188,47.86219787597656,353.2665710449219,329.56591796875,246.4084930419922,48.72700119018555,17.36493682861328,125.98576354980469,118.67472076416016,203.3733367919922,224.9462890625,43.639251708984375,51.87631607055664,4239.18017578125
2021-06-11,124.02769470214844,541.260009765625,167.3415069580078,201.43251037597656,120.44202423095703,274.40374755859375,143.31785583496094,140.63052368164062,48.07619857788086,354.4302673339844,328.3763122558594,247.03118896484375,48.87699890136719,17.76380729675293,126.0625991821289,117.8619384765625,203.29666137695312,225.91737365722656,43.910682678222656,51.396827697753906,4247.43994140625
2021-06-14,127.07603454589844,556.9500122070312,169.19349670410156,199.88998413085938,121.36930847167969,273.1233215332031,143.67405700683594,138.24411010742188,47.91233444213867,355.4193115234375,333.8384094238281,248.94691467285156,49.98899841308594,17.956636428833008,126.81372833251953,117.9056396484375,205.89666748046875,225.0712432861328,43.851402282714844,51.31415939331055,4255.14990234375
2021-06-15,126.25794982910156,548.4600219726562,169.156494140625,200.30072021484375,120.3523178100586,270.5892639160156,142.90951538085938,136.14723205566406,47.79158401489258,356.9709167480469,333.8185119628906,247.48130798339844,49.189998626708984,17.727182388305664,126.82225799560547,117.67839813232422,199.7866668701172,224.01358032226562,43.676692962646484,53.18252182006836,4246.58984375
2021-06-16,126.75464630126953,543.3300170898438,170.7624969482422,198.20152282714844,119.71099853515625,267.3487243652344,142.85736083984375,137.10357666015625,47.1533203125,352.8011169433594,328.1979064941406,246.54258728027344,49.24100112915039,17.748855590820312,125.55899810791016,116.04410552978516,201.6233367919922,220.76365661621094,42.787559509277344,52.99238204956055,4223.7001953125
2021-06-17,128.3518524169922,551.3599853515625,174.46200561523438,191.1645965576172,120.6734619140625,267.64892578125,143.5437469482422,133.146728515625,47.39482498168945,356.166015625,333.5805969238281,249.9143829345703,49.83399963378906,18.59294319152832,126.77102661132812,117.10160827636719,205.53334045410156,223.2154998779297,42.965389251708984,51.248016357421875,4221.85986328125
2021-06-18,127.05658721923828,565.5900268554688,174.34500122070312,190.62608337402344,119.05531311035156,267.19854736328125,140.72879028320312,129.77767944335938,46.3770637512207,356.2921142578125,326.790283203125,248.5063018798828,50.07699966430664,18.574501037597656,124.12498474121094,115.38865661621094,207.77000427246094,221.5425262451172,42.16985321044922,49.933536529541016,4166.4501953125
2021-06-21,128.84852600097656,567.3499755859375,172.697998046875,194.5963592529297,120.74185180664062,271.6047058105469,142.34478759765625,131.97982788085938,46.88594436645508,361.7903747558594,329.3973388671875,251.571533203125,49.70000076293945,18.363731384277344,125.09809875488281,116.29756927490234,206.94332885742188,225.302001953125,42.55358123779297,51.74403762817383,4224.7900390625
2021-06-22,130.48471069335938,575.739990234375,175.27200317382812,194.5233154296875,121.25530242919922,276.1166076660156,142.15365600585938,131.78684997558594,47.05844497680664,366.5904846191406,336.07867431640625,254.330322265625,50.88199996948242,18.821643829345703,125.28583526611328,116.34123992919922,207.90333557128906,226.85009765625,42.7501220703125,52.73611068725586,4246.43994140625
2021-06-23,130.21205139160156,574.22998046875,175.1909942626953,195.125732421875,121.05359649658203,275.1984558105469,141.2935028076172,132.58522033691406,46.678932189941406,363.7782897949219,337.6250915527344,254.10037231445312,51.27399826049805,18.991558074951172,123.63849639892578,116.1751937866211,218.85667419433594,225.64813232421875,42.41630554199219,53.124664306640625,4241.83984375
2021-06-24,129.92962646484375,578.260009765625,172.45399475097656,200.19122314453125,121.42330932617188,275.34844970703125,141.9364471435547,133.8047332763672,46.911827087402344,363.4001159667969,340.1925354003906,255.4606170654297,51.805999755859375,19.13929557800293,124.3384017944336,116.25385284423828,226.60667419433594,227.14816284179688,42.712684631347656,53.33960723876953,4266.490234375
2021-06-25,129.63742065429688,579.6599731445312,170.072998046875,197.42567443847656,121.43173217773438,276.92901611328125,142.666259765625,135.1558837890625,46.851444244384766,368.1128845214844,338.3983154296875,253.86085510253906,52.707000732421875,18.965396881103516,124.97005462646484,117.91438293457031,223.9566650390625,228.18655395507812,43.21809005737305,53.45533752441406,4280.7001953125
2021-06-28,131.26385498046875,588.7999877929688,172.1945037841797,197.38917541503906,121.45899200439453,277.5029602050781,142.501220703125,135.40150451660156,46.79969024658203,356.544189453125,352.54412841796875,257.40509033203125,53.303001403808594,19.916114807128906,125.50776672363281,118.26396179199219,229.57333374023438,225.0808868408203,43.08393859863281,52.09125518798828,4290.60986328125
2021-06-29,132.77340698242188,590.75,172.40699768066406,196.32135009765625,121.19782257080078,280.9996032714844,142.50985717773438,135.23480224609375,46.45469284057617,356.8545227050781,348.8267517089844,259.9722595214844,53.349998474121094,19.95771598815918,125.42243957519531,117.45992279052734,226.9199981689453,226.86929321289062,42.834354400634766,51.76884841918945,4291.7998046875
2021-06-30,133.38699340820312,585.6400146484375,172.00799560546875,198.63052368164062,121.01641082763672,281.5734558105469,143.12673950195312,136.4630889892578,46.670318603515625,354.0326843261719,344.68310546875,259.493408203125,52.82099914550781,19.93355369567871,126.47232055664062,117.92311096191406,226.56666564941406,224.82125854492188,43.99491500854492,52.14914321899414,4297.5
2021-07-01,133.6888885498047,584.72998046875,171.64849853515625,197.79080200195312,121.3683090209961,283.91339111328125,144.18663024902344,137.81422424316406,46.54094314575195,359.4824523925781,351.3049621582031,260.1638488769531,53.354000091552734,20.142330169677734,126.49787902832031,118.19404602050781,225.97332763671875,226.10006713867188,43.46455383300781,52.297935485839844,4319.93994140625
2021-07-02,136.3087158203125,593.0700073242188,175.5489959716797,198.7491455078125,124.15658569335938,284.9375915527344,146.81044006347656,137.6818389892578,46.730690002441406,363.6716003417969,351.6123046875,265.9591979980469,53.39799880981445,20.416383743286133,127.10395812988281,118.77083587646484,226.3000030517578,229.44613647460938,43.71100997924805,52.22352981567383,4352.33984375
2021-07-06,138.3149871826172,596.9000244140625,183.78700256347656,194.87928771972656,125.08087921142578,281.900146484375,145.93296813964844,135.3699951171875,46.47195053100586,364.7286376953125,349.7090148925781,265.96868896484375,54.16400146484375,20.62714385986328,127.29170227050781,118.8407974243164,219.86000061035156,230.37881469726562,43.65797424316406,50.735450744628906,4343.5400390625
2021-07-07,140.79844665527344,605.77001953125,184.82899475097656,195.94711303710938,125.36238098144531,285.62640380859375,147.18406677246094,135.52879333496094,46.851444244384766,362.5952453613281,347.43896484375,268.14312744140625,53.59600067138672,20.301530838012695,127.85506439208984,119.73220825195312,214.88333129882812,230.76344299316406,43.586219787597656,49.94180679321289,4358.1298828125
2021-07-08,139.5031280517578,605.9500122070312,186.57049560546875,193.59237670898438,123.9449691772461,281.2644348144531,146.8973388671875,133.19041442871094,46.68756866455078,359.40106201171875,342.6410827636719,265.73883056640625,53.07600021362305,19.834150314331055,127.91483306884766,119.71471405029297,217.60333251953125,227.50387573242188,43.548789978027344,49.71859359741211,4320.81982421875
2021-07-09,141.32435607910156,604.5,185.9669952392578,198.4387969970703,124.41529083251953,284.3990173339844,147.47943115234375,137.4524688720703,46.972190856933594,362.0709533691406,347.3695373535156,266.2369079589844,53.597999572753906,19.98113250732422,127.59046936035156,119.7584228515625,218.98333740234375,229.29226684570312,43.770286560058594,50.61970901489258,4369.5498046875
2021-07-12,140.7302703857422,600.2000122070312,185.92750549316406,199.4975128173828,125.8594741821289,284.0899658203125,147.2448272705078,139.42018127441406,46.98944091796875,364.61456298828125,350.08575439453125,265.6430358886719,53.73099899291992,20.441797256469727,127.61609649658203,119.85456085205078,228.56666564941406,228.71539306640625,43.692298889160156,50.57011413574219,4384.6298828125
2021-07-13,141.84051513671875,605.010009765625,183.8679962158203,196.40350341796875,126.22225952148438,279.9488220214844,147.06240844726562,137.34657287597656,47.45520782470703,372.52703857421875,349.0249938964844,269.1489562988281,54.06800079345703,20.18019676208496,130.56085205078125,119.70598602294922,222.84666442871094,233.0229949951172,43.85763931274414,50.33036804199219,4369.2099609375
2021-07-14,145.2589874267578,608.8300170898438,184.08399963378906,193.16342163085938,127.1098861694336,281.8648376464844,148.0615234375,136.87884521484375,48.52470779418945,379.410400390625,344.6038513183594,270.61456298828125,54.79499816894531,19.773101806640625,131.90948486328125,120.58867645263672,217.7933349609375,236.5229034423828,44.160255432128906,49.21430587768555,4374.2998046875
2021-07-15,144.6064453125,606.1699829101562,181.55999755859375,192.95347595214844,125.88871002197266,284.94647216796875,146.28050231933594,137.1789093017578,48.679962158203125,378.8570556640625,341.46142578125,269.1968688964844,54.29499816894531,18.90087127685547,132.51548767089844,121.6199722290039,216.86666870117188,238.984375,44.194576263427734,48.734806060791016,4360.02978515625
2021-07-16,142.57098388671875,606.0999755859375,178.68150329589844,189.7955780029297,125.8540267944336,283.91339111328125,146.04592895507812,134.04637145996094,48.64546585083008,375.837646484375,338.190185546875,268.92852783203125,53.03099822998047,18.098400115966797,133.0020751953125,122.79979705810547,214.74000549316406,238.57093811035156,44.16338348388672,47.38725662231445,4327.16015625
2021-07-19,138.7337646484375,602.0499877929688,177.47950744628906,186.34539794921875,123.48304748535156,281.5558166503906,144.98594665527344,129.687255859375,48.06758499145508,354.7992858886719,334.0168762207031,265.3460998535156,53.22800064086914,18.715017318725586,132.98497009277344,122.73863220214844,215.4066619873047,231.1575927734375,44.0604248046875,45.75863265991211,4258.490234375
2021-07-20,142.3372344970703,608.719970703125,178.6595001220703,190.8232879638672,125.1002197265625,287.277587890625,146.3499755859375,132.1050567626953,48.153831481933594,363.4786682128906,338.685791015625,267.55877685546875,53.10499954223633,18.5478515625,133.0020751953125,122.08317565917969,220.1666717529297,233.35951232910156,44.26008605957031,46.262935638427734,4323.06005859375
2021-07-21,141.60678100585938,612.260009765625,179.25999450683594,193.36500549316406,126.42794799804688,288.1693115234375,147.2535400390625,134.8846435546875,48.774837493896484,368.98345947265625,343.216064453125,269.5512390136719,51.362998962402344,19.343093872070312,132.50697326660156,121.65493774414062,218.42999267578125,234.28256225585938,44.041709899902344,47.751014709472656,4358.68994140625
2021-07-22,142.9702911376953,623.6799926757812,181.90150451660156,191.92434692382812,127.29275512695312,288.43426513671875,147.67926025390625,133.18157958984375,48.70583724975586,371.022216796875,348.13287353515625,274.0916748046875,51.176998138427734,19.526456832885742,132.4643096923828,121.18878936767578,216.4199981689453,234.74407958984375,44.072906494140625,47.21364974975586,4367.47998046875
2021-07-23,144.68434143066406,625.8699951171875,182.83200073242188,192.26390075683594,131.84588623046875,293.8910827636719,149.25180053710938,132.9256591796875,49.17158889770508,381.79876708984375,366.5709228515625,277.4729919433594,51.54100036621094,19.490583419799805,134.1628875732422,122.93892669677734,214.4600067138672,239.43629455566406,44.434791564941406,47.15577697753906,4411.7900390625
2021-07-26,145.10313415527344,620.7999877929688,184.99099731445312,193.64027404785156,132.85693359375,292.42529296875,149.32127380371094,133.81690979003906,49.21471405029297,381.3520812988281,369.2176818847656,276.8791198730469,51.64899826049805,19.227493286132812,134.06900024414062,123.3698959350586,219.2066650390625,240.61891174316406,44.4971809387207,48.34624481201172,4422.2998046875
2021-07-27,142.9410858154297,618.280029296875,181.3195037841797,192.60342407226562,130.7406768798828,288.9639892578125,150.0076446533203,133.64047241210938,49.38722229003906,378.89593505859375,364.60821533203125,274.4747314453125,51.89099884033203,19.14179229736328,134.8115997314453,123.87118530273438,214.92666625976562,241.2727508544922,44.50031280517578,47.80889129638672,4401.4599609375
2021-07-28,141.19775390625,620.9199829101562,181.51600646972656,194.01651000976562,134.8978271484375,287.42767333984375,149.5906219482422,133.86105346679688,48.938716888427734,372.2649230957031,370.0305480957031,274.1682434082031,51.93000030517578,19.435775756835938,133.5739288330078,122.0330810546875,215.66000366210938,237.4363555908203,44.31937026977539,48.13130569458008,4400.64013671875
2021-07-29,141.84051513671875,621.7000122070312,179.99600219726562,195.04421997070312,134.58412170410156,289.1141357421875,149.5906219482422,135.0081787109375,49.20608901977539,377.4784240722656,355.2007751464844,274.43646240234375,51.42499923706055,19.59422492980957,133.84707641601562,122.66630554199219,225.78334045410156,238.37857055664062,44.375518798828125,48.718265533447266,4419.14990234375
2021-07-30,142.0548095703125,621.6300048828125,166.37950134277344,189.71298217773438,133.54237365722656,289.7852478027344,149.6079864501953,133.93162536621094,49.188846588134766,374.692138671875,353.1983642578125,272.9134521484375,51.75699996948242,19.431785583496094,133.966552734375,125.08480072021484,229.06666564941406,236.90750122070312,44.472232818603516,47.59394073486328,4395.259765625
2021-08-02,141.72366333007812,618.75,166.57400512695312,188.2540283203125,133.6692352294922,288.9287414550781,149.6688232421875,133.39340209960938,49.05946731567383,364.3233947753906,348.88629150390625,272.8272705078125,51.51499938964844,19.681921005249023,133.42886352539062,124.77700805664062,236.55667114257812,230.55186462402344,44.36928939819336,47.602210998535156,4387.16015625
2021-08-03,143.5156707763672,621.280029296875,168.31199645996094,191.3187713623047,134.43792724609375,293.0963439941406,151.51071166992188,134.9111328125,49.09395980834961,356.8865966796875,348.1824035644531,275.0303955078125,51.082000732421875,19.7466983795166,133.7275848388672,126.59742736816406,236.5800018310547,227.96539306640625,44.86843490600586,48.11477279663086,4423.14990234375
2021-08-04,143.11636352539062,625.6799926757812,167.73599243164062,187.666748046875,133.93785095214844,291.6571044921875,150.61578369140625,133.45518493652344,48.3867073059082,357.28460693359375,355.7955627441406,274.446044921875,51.73500061035156,20.204113006591797,131.4912567138672,125.26071166992188,236.97332763671875,227.56158447265625,44.562705993652344,46.99043273925781,4402.66015625
2021-08-05,143.22348022460938,632.0800170898438,168.79949951171875,190.1167449951172,135.05392456054688,294.12945556640625,150.90252685546875,135.14053344726562,48.73170852661133,361.10009765625,359.810302734375,277.3292541503906,52.48899841308594,20.565866470336914,131.71315002441406,125.32225036621094,238.2100067138672,230.96534729003906,45.389442443847656,47.28805160522461,4429.10009765625
2021-08-06,142.5407257080078,631.3800048828125,167.2469940185547,191.18113708496094,134.54547119140625,291.2421569824219,150.39862060546875,138.97901916503906,48.85245895385742,363.6146545410156,360.3456115722656,277.2718505859375,52.05500030517578,20.295795440673828,131.730224609375,124.36365509033203,233.03334045410156,232.10952758789062,45.30833053588867,47.83369064331055,4436.52001953125
2021-08-09,142.49197387695312,629.219970703125,167.093505859375,191.67665100097656,135.7096405029297,290.28857421875,150.91990661621094,138.82901000976562,48.8610954284668,359.8768005371094,358.46209716796875,276.1893615722656,51.99700164794922,20.22504234313965,131.74732971191406,125.04078674316406,237.9199981689453,230.76344299316406,45.417518615722656,47.28805160522461,4432.35009765625
2021-08-10,142.01405334472656,621.739990234375,166.03399658203125,196.42977905273438,135.6045684814453,292.6902160644531,150.97201538085938,140.53204345703125,48.99045944213867,357.1195983886719,357.986328125,274.37896728515625,51.58399963378906,19.867284774780273,131.81558227539062,125.1199951171875,236.663330078125,228.9076690673828,46.3846435546875,48.09823226928711,4436.75
2021-08-11,142.26763916015625,626.030029296875,164.60549926757812,203.39434814453125,135.08120727539062,297.5642395019531,150.99806213378906,142.20860290527344,48.930084228515625,353.62451171875,356.82647705078125,274.8675842285156,51.2400016784668,19.63109588623047,132.33624267578125,125.42774963378906,235.94000244140625,226.01353454589844,46.7995719909668,48.238773345947266,4442.41015625
2021-08-12,145.22300720214844,634.3499755859375,165.1750030517578,202.09136962890625,135.98818969726562,294.9329528808594,152.2144012451172,142.76451110839844,49.024967193603516,351.4303894042969,359.4930725097656,277.6070861816406,51.071998596191406,19.836389541625977,132.36190795898438,125.71800994873047,240.75,223.17320251464844,46.6743278503418,48.129676818847656,4460.830078125
2021-08-13,145.42782592773438,637.3099975585938,164.69850158691406,200.5590057373047,136.51699829101562,292.5489501953125,153.1266632080078,141.1673583984375,49.36133575439453,352.1779479980469,360.01849365234375,280.5190734863281,51.59199905395508,20.1184139251709,133.5995330810547,126.3248291015625,239.05667114257812,224.00120544433594,46.821502685546875,47.64292907714844,4468.0
2021-08-16,147.39808654785156,636.9400024414062,164.94949340820312,199.76983642578125,137.09385681152344,295.8424072265625,154.50802612304688,140.2408447265625,49.576969146728516,352.9643249511719,363.36907958984375,282.1954345703125,51.79199981689453,19.88123321533203,134.90550231933594,127.20429992675781,228.72332763671875,226.61048889160156,47.20351028442383,46.94636535644531,4479.7099609375
2021-08-17,146.49099731445312,635.010009765625,162.09800720214844,195.8516845703125,135.46034240722656,283.21588134765625,155.9241943359375,138.54664611816406,49.40446853637695,352.64398193359375,355.3296813964844,280.7393798828125,51.89099884033203,19.39093017578125,134.77745056152344,127.41535186767578,221.90333557128906,225.81137084960938,47.187843322753906,46.627464294433594,4448.080078125
2021-08-18,142.75531005859375,626.77001953125,160.06100463867188,192.52081298828125,134.2584991455078,283.922119140625,153.943359375,137.28475952148438,48.73170852661133,350.4304504394531,352.35577392578125,279.0215759277344,52.1870002746582,18.974369049072266,133.39468383789062,126.02581024169922,229.663330078125,223.0191650390625,46.686851501464844,45.645572662353516,4400.27001953125
2021-08-19,143.08697509765625,637.6599731445312,159.3874969482422,187.60255432128906,134.48745727539062,285.1142272949219,155.14227294921875,136.13763427734375,49.04220962524414,346.89654541015625,352.0285949707031,284.8182678222656,54.37099838256836,19.729761123657227,135.63955688476562,127.5121078491211,224.49000549316406,222.9613800048828,47.003108978271484,44.25244903564453,4405.7998046875
2021-08-20,144.54026794433594,647.3400268554688,159.99749755859375,188.05215454101562,136.2216033935547,290.71221923828125,155.89813232421875,136.52590942382812,48.85245895385742,344.6440734863281,356.2416687011719,292.1026306152344,54.6879997253418,20.744251251220703,135.1615753173828,127.60001373291016,226.75332641601562,222.75918579101562,47.42268753051758,44.26084518432617,4441.669921875
2021-08-23,146.0228271484375,656.8599853515625,163.2935028076172,191.9060516357422,138.81065368652344,289.38787841796875,155.2251739501953,138.27305603027344,48.679962158203125,350.4886474609375,360.18701171875,292.38092041015625,55.33300018310547,21.882312774658203,134.7348175048828,126.94926452636719,235.43333435058594,225.43585205078125,47.10958480834961,46.081974029541016,4479.52978515625
2021-08-24,145.93504333496094,657.239990234375,165.28900146484375,195.0717315673828,140.0198974609375,286.8802185058594,153.28497314453125,139.12901306152344,48.309085845947266,351.2362060546875,362.3282470703125,290.4326171875,55.340999603271484,21.717878341674805,133.06179809570312,125.9202651977539,236.163330078125,225.53213500976562,46.62422180175781,46.459617614746094,4486.22998046875
2021-08-25,144.70606994628906,656.7999877929688,164.95899963378906,197.0629119873047,140.83023071289062,285.9795227050781,152.2711944580078,141.99684143066406,48.36083984375,348.63433837890625,365.1831359863281,289.8471984863281,54.757999420166016,22.136436462402344,132.4728240966797,125.47175598144531,237.06666564941406,223.94346618652344,46.64301681518555,46.543540954589844,4496.18994140625
2021-08-26,143.90623474121094,652.3900146484375,165.8000030517578,193.83299255371094,140.1973419189453,283.86041259765625,151.45838928222656,142.72923278808594,47.9036979675293,342.576171875,361.2080383300781,287.04486083984375,55.012001037597656,21.99193000793457,131.98629760742188,125.25187683105469,233.72000122070312,221.95040893554688,46.138885498046875,45.91411209106445,4470.0
2021-08-27,144.94017028808594,658.52001953125,167.48150634765625,195.29197692871094,142.73831176757812,285.53814697265625,151.135009765625,143.87635803222656,47.99858856201172,345.362548828125,369.3861999511719,287.6495056152344,55.891998291015625,22.557973861694336,132.25088500976562,125.15512084960938,237.30667114257812,224.03977966308594,45.87899398803711,46.8036994934082,4509.3701171875
2021-08-30,149.34884643554688,665.989990234375,171.07850646972656,194.0257110595703,143.31967163085938,288.82275390625,151.77304077148438,141.5732879638672,48.45570373535156,342.7605895996094,377.34625244140625,291.3635559082031,56.61800003051758,22.609790802001953,133.1556854248047,125.70038604736328,243.6366729736328,222.6339874267578,46.24848937988281,46.29177474975586,4528.7900390625
2021-08-31,148.09063720703125,663.7000122070312,173.5395050048828,193.49346923828125,143.4257049560547,288.0103759765625,151.30979919433594,141.140869140625,48.567840576171875,336.1394348144531,376.0774841308594,289.72247314453125,56.91899871826172,22.311771392822266,133.4886016845703,125.22550964355469,245.24000549316406,220.58319091796875,46.37372589111328,45.754669189453125,4522.68017578125
2021-09-01,148.75384521484375,665.8900146484375,173.9499969482422,190.8232879638672,143.93914794921875,287.2205505371094,151.84292602539062,140.93795776367188,48.89558792114258,339.382080078125,378.72418212890625,289.6744384765625,58.207000732421875,22.36758804321289,134.78599548339844,126.50068664550781,244.69667053222656,221.5653076171875,46.27352523803711,45.12523651123047,4524.08984375
2021-09-02,149.8657684326172,664.6400146484375,173.156005859375,194.3284912109375,142.02761840820312,290.85919189453125,152.88294982910156,141.59092712402344,48.96458435058594,331.3336486816406,372.0130920410156,289.0218811035156,58.85499954223633,22.322736740112305,134.8848114013672,126.59742736816406,244.1300048828125,215.84608459472656,46.517757415771484,46.224639892578125,4536.9501953125
2021-09-03,150.4998016357422,666.5900268554688,173.90249633789062,193.03465270996094,142.4761199951172,293.1666259765625,152.9790802001953,140.7349853515625,48.930084228515625,330.3143005371094,372.98468017578125,289.01226806640625,59.053001403808594,22.768280029296875,135.00511169433594,126.68543243408203,244.52333068847656,216.7415313720703,46.733821868896484,46.04839324951172,4535.43017578125
2021-09-07,152.83094787597656,661.3900146484375,175.46449279785156,191.0709991455078,143.01239013671875,291.93304443359375,150.60191345214844,140.4879150390625,48.015838623046875,334.6637268066406,378.8530578613281,288.09088134765625,60.67100143432617,22.587867736816406,132.80503845214844,126.21050262451172,250.97332763671875,217.85842895507812,46.113834381103516,45.779842376708984,4520.02978515625
2021-09-08,151.28982543945312,663.219970703125,176.27499389648438,189.73135375976562,142.42807006835938,294.26708984375,150.2348175048828,139.8614044189453,48.66270446777344,340.8092041015625,374.283203125,288.1197509765625,60.60499954223633,22.26592445373535,134.68714904785156,127.16912078857422,251.2899932861328,220.5735321044922,46.17333221435547,45.36022186279297,4514.06982421875
2021-09-09,150.27545166015625,661.6799926757812,174.20799255371094,188.49258422851562,142.2793731689453,294.4356689453125,146.88754272460938,140.47027587890625,48.17970275878906,341.1684265136719,374.7094421386719,285.2789611816406,59.75400161743164,22.104455947875977,133.8363494873047,126.63263702392578,251.6199951171875,219.03305053710938,45.847686767578125,45.39379119873047,4493.27978515625
2021-09-10,145.30105590820312,658.9400024414062,173.45750427246094,188.11636352539062,139.63778686523438,294.5954895019531,145.92617797851562,138.85549926757812,47.964088439941406,337.2656555175781,375.39349365234375,283.8009948730469,59.87200164794922,22.40447235107422,133.6042938232422,126.7557601928711,245.42333984375,216.54891967773438,45.68172073364258,45.30148696899414,4458.580078125
2021-09-13,145.8667449951172,645.1500244140625,172.85850524902344,189.2082977294922,141.0814971923828,297.7015686035156,144.90362548828125,141.06146240234375,48.36083984375,337.6830749511719,373.23248291015625,285.02935791015625,58.92900085449219,22.07953643798828,133.86212158203125,128.11891174316406,247.6666717529297,216.2793731689453,45.42183303833008,46.46800994873047,4468.72998046875
2021-09-14,144.47193908691406,645.010009765625,172.5,185.65721130371094,141.29161071777344,295.63372802734375,144.02969360351562,138.599609375,48.39559555053711,335.7218322753906,373.25225830078125,287.7166748046875,57.7760009765625,22.169240951538086,133.33786010742188,127.8990707397461,248.163330078125,214.7388458251953,45.1838493347168,45.80501937866211,4443.0498046875
2021-09-15,145.35951232910156,661.0800170898438,173.7895050048828,188.77706909179688,143.16006469726562,295.85565185546875,144.57154846191406,139.56138610839844,48.56071472167969,334.7024841308594,370.6650390625,292.5440673828125,58.2869987487793,22.267915725708008,134.08558654785156,127.62640380859375,251.94332885742188,215.48989868164062,45.26213455200195,47.34919357299805,4480.7001953125
2021-09-16,145.12545776367188,665.1099853515625,174.41200256347656,186.82254028320312,142.34776306152344,298.5357971191406,144.396728515625,139.49964904785156,48.100135803222656,336.21710205078125,369.8124694824219,292.9279479980469,58.650001525878906,22.169240951538086,133.6902313232422,126.73817443847656,252.3300018310547,215.9905242919922,45.412437438964844,46.845664978027344,4473.75
2021-09-17,142.46267700195312,654.47998046875,173.12600708007812,183.28982543945312,139.56246948242188,297.8968200683594,143.9859619140625,139.13784790039062,47.309326171875,333.0423583984375,361.5450744628906,287.7933349609375,58.935001373291016,21.828357696533203,132.46124267578125,126.94043731689453,253.163330078125,213.5064239501953,45.3184928894043,46.29177474975586,4432.990234375
2021-09-20,139.4195556640625,641.2899780273438,167.7864990234375,175.09567260742188,137.50025939941406,293.93865966796875,143.1644744873047,134.97286987304688,46.97909927368164,329.7900085449219,352.60357666015625,282.44775390625,57.542999267578125,21.04393768310547,132.01437377929688,125.66522216796875,243.38999938964844,211.8696746826172,44.69538116455078,45.05811309814453,4357.72998046875
2021-09-21,139.89747619628906,645.8900146484375,167.18150329589844,174.1964111328125,137.81101989746094,296.6099548339844,143.79368591308594,134.99050903320312,46.97040557861328,327.5472717285156,354.36810302734375,282.9276123046875,57.31399917602539,21.176498413085938,131.95419311523438,125.85871887207031,246.4600067138672,211.98516845703125,44.783050537109375,45.01614761352539,4354.18994140625
2021-09-22,142.25787353515625,626.0800170898438,169.00250244140625,175.5819854736328,139.05052185058594,298.12750244140625,143.26934814453125,137.5759735107422,47.03992462158203,333.401611328125,340.2222900390625,286.555419921875,59.064998626708984,21.869230270385742,132.35813903808594,126.28965759277344,250.64666748046875,214.4692840576172,44.67972946166992,46.3337287902832,4395.64013671875
2021-09-23,143.2137451171875,630.8400268554688,170.8000030517578,180.41773986816406,139.9748077392578,298.1097717285156,144.0821075439453,142.2262420654297,46.96171951293945,343.7508544921875,342.9483947753906,287.4958801269531,59.32600021362305,22.408458709716797,132.46124267578125,126.80854034423828,251.2133331298828,219.82254028320312,44.70478057861328,47.90309143066406,4448.97998046875
2021-09-24,143.30152893066406,622.7100219726562,171.2760009765625,180.60125732421875,140.9650115966797,299.5119323730469,143.64511108398438,143.86753845214844,46.83136749267578,347.7217102050781,349.8874816894531,287.29437255859375,59.23899841308594,22.008764266967773,132.5214385986328,126.24568939208984,258.1300048828125,222.98065185546875,44.83002853393555,48.33108901977539,4455.47998046875
2021-09-27,141.78968811035156,603.6500244140625,170.2899932861328,183.51918029785156,139.8321075439453,302.9909362792969,142.60511779785156,147.34422302246094,46.588043212890625,346.37225341796875,350.5020446777344,282.32293701171875,59.263999938964844,21.589143753051758,131.24951171875,124.58351135253906,263.78668212890625,221.0646514892578,44.541961669921875,49.76617431640625,4443.10986328125
2021-09-28,138.41493225097656,578.77001953125,165.79800415039062,184.02389526367188,134.63616943359375,296.2371826171875,142.2904510498047,146.550048828125,45.74509048461914,340.94512939453125,337.68463134765625,272.1018371582031,58.3849983215332,20.631284713745117,129.81430053710938,123.64249420166016,259.1866760253906,217.1748046875,43.99397659301758,50.28648376464844,4352.6298828125
2021-09-29,139.31224060058594,577.7000122070312,165.05599975585938,181.5647430419922,133.17262268066406,299.0150451660156,143.34799194335938,146.43531799316406,46.02317428588867,342.8965759277344,336.6536560058594,272.56256103515625,59.90599822998047,20.44988250732422,130.88856506347656,124.90008544921875,260.4366760253906,218.2531280517578,43.97519302368164,50.25292205810547,4359.4599609375
2021-09-30,138.0150146484375,575.719970703125,164.2519989013672,176.1509246826172,132.50108337402344,291.3206481933594,141.14556884765625,144.4411163330078,45.59735870361328,337.5471496582031,336.43560791015625,270.5663146972656,61.034000396728516,20.648231506347656,129.26426696777344,122.94774627685547,258.49334716796875,214.4692840576172,43.64328384399414,49.363346099853516,4307.5400390625
2021-10-01,139.13665771484375,577.469970703125,164.16299438476562,178.31643676757812,135.34288024902344,292.7406005859375,140.2454071044922,147.47657775878906,46.0753173828125,349.68280029296875,340.0240478515625,277.4571228027344,61.314998626708984,20.674148559570312,129.72837829589844,122.7542495727539,258.40667724609375,221.8926239013672,42.91370391845703,51.13411331176758,4357.0400390625
2021-10-04,135.71315002441406,558.489990234375,159.48899841308594,177.21533203125,132.48472595214844,289.73211669921875,139.15292358398438,147.31773376464844,46.04924774169922,334.1686096191406,323.39013671875,271.7083435058594,60.334999084472656,19.667451858520508,129.08380126953125,122.05945587158203,260.510009765625,216.37562561035156,42.50037384033203,51.79710006713867,4300.4599609375
2021-10-05,137.63458251953125,566.7000122070312,161.0500030517578,176.6372528076172,134.8274383544922,292.40338134765625,139.4675750732422,149.72348022460938,46.12745666503906,333.2073974609375,330.0615539550781,277.130859375,63.48099899291992,20.38409996032715,129.84866333007812,122.5344009399414,260.1966552734375,215.94239807128906,42.779056549072266,51.71318054199219,4345.72021484375
2021-10-06,138.50274658203125,570.3099975585938,163.10049438476562,176.0499725341797,136.3559112548828,293.184326171875,139.7559814453125,150.0430450439453,46.67493438720703,338.5277099609375,330.7356262207031,281.30560302734375,63.90999984741211,20.63228416442871,133.17462158203125,124.1701431274414,260.9166564941406,218.08949279785156,43.092185974121094,50.764854431152344,4363.5498046875
2021-10-07,139.76092529296875,578.9600219726562,165.1215057373047,179.61944580078125,138.00131225585938,299.5030517578125,141.00576782226562,150.99290466308594,46.82268142700195,344.0297546386719,326.35406494140625,282.9756164550781,63.185001373291016,21.006057739257812,134.40357971191406,125.16395568847656,264.53668212890625,221.9793243408203,43.599449157714844,50.90751647949219,4399.759765625
2021-10-08,139.3805389404297,576.8599853515625,164.43099975585938,179.07803344726562,138.556884765625,296.71649169921875,140.64739990234375,151.10833740234375,47.03123474121094,345.0503845214844,327.1768493652344,282.9756164550781,63.26599884033203,20.762855529785156,134.0941925048828,124.64507293701172,261.8299865722656,221.70970153808594,43.730953216552734,52.18315124511719,4391.33984375
2021-10-11,139.292724609375,573.0700073242188,162.31500244140625,176.9951171875,137.6930389404297,299.050537109375,140.0531005859375,147.9302520751953,47.126827239990234,337.4583740234375,322.616943359375,282.38055419921875,62.70399856567383,20.62729835510254,134.2746124267578,125.16395568847656,263.9800109863281,216.7415313720703,43.69025802612305,51.66282653808594,4361.18994140625
2021-10-12,138.02479553222656,580.6900024414062,162.3665008544922,174.26983642578125,135.24972534179688,299.7870788574219,137.8157501220703,146.7939910888672,47.126827239990234,335.6989440917969,320.9515380859375,281.0848388671875,62.49399948120117,20.603378295898438,134.86764526367188,124.97921752929688,268.5733337402344,215.720947265625,43.64328384399414,51.39427947998047,4350.64990234375
2021-10-13,137.43951416015625,591.1199951171875,164.21400451660156,173.37060546875,136.37277221679688,300.21319580078125,139.13543701171875,142.9235076904297,47.1355094909668,332.79248046875,321.7148742675781,284.37677001953125,62.97600173950195,20.870502471923828,135.77862548828125,125.26947784423828,270.3599853515625,214.19003295898438,43.327030181884766,51.25160217285156,4363.7998046875
2021-10-14,140.2193145751953,607.510009765625,164.9929962158203,178.31643676757812,139.910400390625,305.33380126953125,139.9307861328125,145.11619567871094,47.45705795288086,334.9601745605469,325.6700439453125,290.55743408203125,63.380001068115234,21.674863815307617,136.87008666992188,126.68543243408203,272.7733459472656,216.80894470214844,43.79671096801758,52.03208923339844,4438.259765625
2021-10-15,141.27276611328125,610.0900268554688,170.4510040283203,182.61997985839844,140.1254425048828,310.9781188964844,140.97076416015625,147.9036407470703,47.34408950805664,346.06134033203125,321.9329528808594,291.9585876464844,62.82899856567383,21.790481567382812,136.48333740234375,127.01081085205078,281.010009765625,222.40296936035156,44.0096435546875,52.5272331237793,4471.3701171875
2021-10-18,142.94064331054688,622.8300170898438,172.33700561523438,181.84918212890625,141.52308654785156,315.0604248046875,139.93948364257812,147.85037231445312,46.874813079833984,348.4332275390625,332.4208068847656,294.9145812988281,63.797000885009766,22.149309158325195,135.8645782470703,125.1815185546875,290.03668212890625,222.07554626464844,44.36346435546875,52.50205993652344,4486.4599609375
2021-10-19,145.09622192382812,636.0700073242188,172.20750427246094,184.56524658203125,141.97804260253906,317.705078125,143.2168731689453,149.6436004638672,47.05731201171875,351.9910583496094,337.03033447265625,295.8167724609375,63.900001525878906,22.217084884643555,137.59197998046875,123.70404052734375,288.0899963378906,224.8389129638672,45.305965423583984,53.29092788696289,4519.6298828125
2021-10-20,145.58389282226562,632.3699951171875,170.7530059814453,187.3639373779297,140.52296447753906,317.9180908203125,143.13821411132812,151.65869140625,47.47444152832031,346.80987548828125,337.8134765625,295.02978515625,62.513999938964844,22.030696868896484,138.63186645507812,124.18777465820312,288.6000061035156,222.8169403076172,45.71617126464844,53.58466339111328,4536.18994140625
2021-10-21,145.7984619140625,638.6599731445312,171.75050354003906,185.48287963867188,140.63893127441406,323.58905029296875,142.8061065673828,150.46913146972656,47.231109619140625,346.2654724121094,338.9039306640625,298.2449035644531,65.31600189208984,22.61776351928711,136.80128479003906,123.29401397705078,298.0,221.68084716796875,45.96979522705078,52.61114501953125,4549.77978515625
2021-10-22,145.02796936035156,643.5800170898438,166.77749633789062,185.13223266601562,136.35739135742188,324.80487060546875,143.08583068847656,152.49319458007812,47.318016052246094,348.6568298339844,321.7841796875,296.7093200683594,66.47799682617188,22.651657104492188,137.48025512695312,124.62135314941406,303.2266540527344,222.6339874267578,46.448875427246094,52.97201156616211,4544.89990234375
2021-10-25,144.97918701171875,646.969970703125,166.01849365234375,186.57162475585938,136.23895263671875,329.4819030761719,143.40040588378906,151.74752807617188,47.126827239990234,350.7856750488281,325.8287353515625,295.7207946777344,67.16600036621094,23.090221405029297,136.83567810058594,124.63908386230469,341.6199951171875,225.18551635742188,46.98744583129883,54.00426483154297,4566.47998046875
2021-10-26,145.64242553710938,642.5,168.80349731445312,184.20034790039062,138.08407592773438,327.6536865234375,144.8599395751953,152.1558380126953,47.33539581298828,347.344482421875,313.0608825683594,297.62103271484375,66.85199737548828,24.63614273071289,138.51158142089844,126.40888214111328,339.4766540527344,223.20211791992188,46.577247619628906,55.25471496582031,4574.7900390625
2021-10-27,145.1840057373047,640.0800170898438,169.62449645996094,180.96182250976562,144.9323272705078,330.4225158691406,143.103271484375,148.9866485595703,48.24786376953125,326.3475036621094,309.5021057128906,310.15509033203125,66.29199981689453,24.371017456054688,138.03028869628906,125.50627899169922,345.9533386230469,207.7583770751953,46.195255279541016,53.81964111328125,4551.68017578125
2021-10-28,148.81239318847656,639.280029296875,172.32850646972656,188.3062286376953,144.56707763671875,329.7569580078125,142.32542419433594,151.23257446289062,48.69975280761719,323.7325439453125,314.1611633300781,311.2876281738281,67.40499877929688,24.859411239624023,138.89828491210938,126.25839233398438,359.0133361816406,202.03921508789062,46.483314514160156,53.970703125,4596.419921875
2021-10-29,146.11058044433594,650.3599853515625,168.6215057373047,188.23240661621094,146.7447967529297,329.9078063964844,142.35162353515625,150.81533813476562,48.98652267456055,326.1531066894531,320.7532958984375,318.26483154296875,69.03099822998047,25.48335838317871,138.881103515625,126.53274536132812,371.3333435058594,203.89747619628906,46.78705596923828,54.10498046875,4605.3798828125
2021-11-01,145.29129028320312,640.2000122070312,165.90550231933594,189.4964599609375,142.23574829101562,325.2397766113281,142.47401428222656,150.7354736328125,48.81271743774414,324.7242431640625,327.10748291015625,316.1054382324219,68.11699676513672,25.742517471313477,138.5889129638672,126.22303771972656,402.86334228515625,204.56179809570312,46.90291213989258,55.07848358154297,4613.669921875
2021-11-02,146.32518005371094,640.4000244140625,165.6374969482422,191.1018829345703,144.1542510986328,325.9585876464844,144.72010803222656,151.33023071289062,48.75188446044922,319.3096618652344,325.2240295410156,319.71392822265625,67.77200317382812,26.31463623046875,139.86083984375,127.47959899902344,390.6666564941406,201.365234375,46.88098907470703,54.39871597290039,4630.64990234375
2021-11-03,147.7589874267578,655.1799926757812,169.1999969482422,187.8079833984375,145.30950927734375,327.44952392578125,144.2569122314453,151.38348388671875,48.91699981689453,320.233154296875,328.73321533203125,320.5489501953125,68.8290023803711,26.510988235473633,141.20150756835938,128.35565185546875,404.6199951171875,200.36390686035156,47.0250244140625,53.651798248291016,4660.56982421875
2021-11-04,147.24203491210938,674.0800170898438,173.85000610351562,187.84486389160156,146.96435546875,330.2983703613281,143.8548583984375,149.39500427246094,49.186397552490234,326.0656433105469,332.9263916015625,322.8906555175781,66.83999633789062,29.70351791381836,141.21011352539062,128.59457397460938,409.9700012207031,201.01858520507812,47.36946487426758,54.054630279541016,4680.06005859375
2021-11-05,147.7694854736328,662.719970703125,175.94949340820312,189.957763671875,147.543701171875,326.9437255859375,142.8323516845703,149.18194580078125,49.39496612548828,339.0526428222656,338.160400390625,322.5260314941406,64.5719985961914,29.654672622680664,142.6625213623047,129.23171997070312,407.36334228515625,208.61526489257812,47.04067611694336,54.56654739379883,4697.52978515625
2021-11-08,146.94894409179688,666.02001953125,174.44900512695312,197.6804656982422,147.72113037109375,327.1123352050781,142.34288024902344,150.07855224609375,48.95176315307617,339.9080810546875,335.67230224609375,323.41845703125,65.1449966430664,30.70323371887207,139.59442138671875,128.2671661376953,387.64666748046875,212.29330444335938,46.740081787109375,55.154014587402344,4701.7001953125
2021-11-09,147.31039428710938,667.9199829101562,178.81149291992188,193.58384704589844,147.60960388183594,328.9404296875,142.0282745361328,148.94227600097656,49.09081268310547,335.0282287597656,332.4505310058594,322.42041015625,65.5989990234375,30.556713104248047,140.52255249023438,128.65650939941406,341.1666564941406,205.4572296142578,46.90291213989258,55.69110870361328,4685.25
2021-11-10,144.4874267578125,647.5,174.1024932861328,190.68667602539062,144.6112060546875,327.1034240722656,143.5664520263672,148.80026245117188,49.29068374633789,347.9471740722656,324.7878723144531,317.4778747558594,64.69100189208984,29.362632751464844,140.97804260253906,129.9219512939453,355.98333740234375,207.91188049316406,46.480186462402344,54.59396743774414,4646.7099609375
2021-11-11,144.4386444091797,643.1699829101562,173.625,192.40284729003906,144.4853057861328,326.2602844238281,142.50892639160156,148.79135131835938,49.30807113647461,344.44769287109375,324.886962890625,319.0421142578125,65.75800323486328,30.290586471557617,139.81785583496094,129.55029296875,354.5033264160156,202.95428466796875,46.49897766113281,54.69601821899414,4649.27001953125
2021-11-12,146.5094451904297,657.5999755859375,176.25750732421875,193.08563232421875,147.37123107910156,330.6976013183594,144.2132110595703,148.1255645751953,49.19508743286133,353.35198974609375,337.9225158691406,323.1593933105469,68.26100158691406,30.290586471557617,139.78347778320312,129.69187927246094,344.47332763671875,204.56503295898438,46.26726531982422,54.27927780151367,4682.85009765625
2021-11-15,146.51922607421875,659.72998046875,177.28399658203125,191.64627075195312,147.147216796875,329.32208251953125,142.9110107421875,147.85922241210938,49.203773498535156,351.2717590332031,344.534423828125,322.5355224609375,67.93299865722656,29.926782608032227,140.7718048095703,130.4351806640625,337.7966613769531,204.76759338378906,46.00111389160156,54.7470588684082,4682.7998046875
2021-11-16,147.4960174560547,671.030029296875,177.03500366210938,189.5426025390625,146.57627868652344,348.1808166503906,142.16810607910156,146.7939910888672,48.856178283691406,359.24285888671875,339.9744567871094,325.8370361328125,68.73999786376953,30.104196548461914,140.35069274902344,130.24935913085938,351.57666015625,207.54541015625,44.83002853393555,55.29987716674805,4700.89990234375
2021-11-17,149.92820739746094,670.6699829101562,177.4499969482422,187.28204345703125,146.74578857421875,350.4172668457031,142.70123291015625,146.00390625,48.58677673339844,349.1428527832031,337.80352783203125,326.05816650390625,69.16899871826172,29.165283203125,140.4022674560547,130.16970825195312,363.0033264160156,197.78448486328125,44.44487762451172,54.69601821899414,4688.669921875
2021-11-18,154.2065887451172,670.9600219726562,184.80299377441406,185.8427276611328,148.52151489257812,360.1794738769531,141.93212890625,144.7433319091797,48.15226745605469,338.4985656738281,335.7416687011719,328.12530517578125,68.2020034790039,31.57138442993164,140.4451904296875,130.18743896484375,365.4599914550781,196.11582946777344,44.82688522338867,54.10066604614258,4704.5400390625
2021-11-19,156.82440185546875,688.3699951171875,183.82850646972656,184.93853759765625,147.61753845214844,362.6998596191406,142.36036682128906,142.8524932861328,47.908939361572266,330.2358703613281,342.29412841796875,329.8943786621094,67.87999725341797,32.877105712890625,140.78036499023438,129.9219512939453,379.0199890136719,193.73345947265625,44.585784912109375,51.60017776489258,4697.9599609375
2021-11-22,157.28350830078125,673.5700073242188,178.6284942626953,186.72848510742188,145.01611328125,362.7885437011719,140.4866485595703,145.8973846435547,48.204410552978516,312.3300476074219,338.04150390625,326.74078369140625,65.91999816894531,31.851465225219727,141.0725555419922,130.78915405273438,385.6233215332031,188.6408233642578,45.33415222167969,52.31460952758789,4682.93994140625
2021-11-23,157.66441345214844,665.1599731445312,179.0019989013672,189.4503173828125,144.50067138671875,362.41583251953125,141.35752868652344,149.38613891601562,48.56071472167969,319.81512451171875,334.3141784667969,324.6736755371094,65.40599822998047,31.64215087890625,142.01795959472656,132.24038696289062,369.6766662597656,191.4475860595703,45.65666961669922,53.69242858886719,4690.7001953125
2021-11-24,158.1821746826172,668.3200073242188,179.02049255371094,191.0557403564453,144.83572387695312,365.7349548339844,140.96168518066406,148.21435546875,48.169647216796875,330.508056640625,338.091064453125,324.894775390625,65.8290023803711,32.56711196899414,140.72019958496094,131.55020141601562,372.0,196.03868103027344,45.885257720947266,53.99010467529297,4701.4599609375
2021-11-26,153.171142578125,662.0999755859375,175.22799682617188,183.3607635498047,140.9333038330078,357.3839111328125,140.04678344726562,143.7490692138672,46.69232177734375,315.1199951171875,330.2201843261719,316.98175048828125,66.56400299072266,31.399948120117188,138.48574829101562,130.49713134765625,360.6400146484375,190.6373748779297,45.37173080444336,52.093475341796875,4594.6201171875
2021-11-29,156.52159118652344,687.489990234375,178.07850646972656,180.76806640625,144.25137329101562,361.0402526855469,140.53062438964844,143.12770080566406,47.43098831176758,313.9923095703125,335.0873718261719,323.6640625,66.38400268554688,33.26682662963867,141.06399536132812,131.86875915527344,378.9966735839844,189.32562255859375,44.660926818847656,52.38264465332031,4655.27001953125
2021-11-30,161.46417236328125,669.8499755859375,175.35350036621094,178.3967742919922,140.6503448486328,355.52911376953125,137.1702117919922,140.9971466064453,45.933441162109375,306.12823486328125,321.635498046875,317.85675048828125,64.19000244140625,32.56910705566406,137.3169708251953,127.93975830078125,381.586669921875,186.89503479003906,44.034690856933594,50.894264221191406,4567.0
2021-12-01,160.9464569091797,657.4099731445312,172.18600463867188,176.6622314453125,139.81175231933594,356.8301696777344,139.0615234375,140.16265869140625,45.80207824707031,297.7294006347656,307.8962097167969,317.3663024902344,61.777000427246094,31.336008071899414,137.6435546875,129.55029296875,365.0,183.41314697265625,42.9418830871582,50.851741790771484,4513.0400390625
2021-12-02,159.9598846435547,671.8800048828125,171.8679962158203,181.57077026367188,141.70944213867188,363.3800354003906,138.19064331054688,143.1099395751953,46.47640609741211,311.2608642578125,307.6880187988281,316.7990417480469,61.64699935913086,32.02482604980469,138.97166442871094,130.31130981445312,361.5333251953125,191.25469970703125,42.418968200683594,52.11898422241211,4577.10009765625
2021-12-03,158.0844268798828,616.530029296875,169.489501953125,182.50267028808594,140.75341796875,363.4156188964844,140.20516967773438,140.5177764892578,46.88801956176758,313.1174011230469,304.1689147949219,310.5686340332031,60.2130012512207,30.59634780883789,142.5104217529297,132.6297607421875,338.3233337402344,189.35459899902344,43.05774688720703,51.787288665771484,4538.43017578125
2021-12-06,161.4836883544922,622.0399780273438,171.36849975585938,185.71353149414062,141.89675903320312,370.44677734375,143.33685302734375,142.17782592773438,48.087799072265625,324.02423095703125,315.10284423828125,313.6261291503906,61.26900100708008,29.942407608032227,143.98992919921875,134.63848876953125,336.336669921875,195.4888916015625,43.524295806884766,52.374149322509766,4591.669921875
2021-12-07,167.2076873779297,649.9600219726562,176.1645050048828,188.67526245117188,145.97512817382812,370.87451171875,143.706298828125,144.3172607421875,48.35053253173828,330.03173828125,319.99993896484375,322.0199279785156,62.55799865722656,32.324886322021484,143.82553100585938,134.2845458984375,350.5833435058594,200.0124969482422,43.383384704589844,52.96099090576172,4686.75
2021-12-08,171.01715087890625,653.0999755859375,176.1580047607422,188.39846801757812,146.88406372070312,366.481201171875,144.56842041015625,142.66607666015625,48.16661071777344,332.78265380859375,327.6824645996094,322.0679016113281,62.80799865722656,31.72577476501465,144.07647705078125,134.8862762451172,356.32000732421875,201.57501220703125,42.94501495361328,53.11408615112305,4701.2099609375
2021-12-09,170.50926208496094,632.5700073242188,174.17100524902344,188.3431854248047,146.3408660888672,366.5613708496094,145.9407196044922,142.4441375732422,48.04401397705078,334.90185546875,326.9488525390625,320.2700500488281,61.099998474121094,30.393980026245117,143.89474487304688,135.67384338378906,334.6000061035156,203.88983154296875,43.54235076904297,53.25017166137695,4667.4501953125
2021-12-10,175.2857666015625,654.4500122070312,172.21200561523438,187.7248992919922,146.70065307617188,370.1794128417969,145.58001708984375,141.87599182128906,49.287593841552734,340.1511535644531,326.8794860839844,329.346435546875,61.16600036621094,30.102901458740234,146.19622802734375,137.5675506591797,339.010009765625,205.8285675048828,44.33774185180664,53.59036636352539,4712.02001953125
2021-12-13,171.66188049316406,658.2999877929688,169.5675048828125,185.68588256835938,144.54481506347656,361.1253662109375,148.18392944335938,140.1893310546875,50.58370590209961,335.6697692871094,331.5782165527344,326.327392578125,60.45600128173828,28.072315216064453,146.9230499267578,139.52317810058594,322.13665771484375,203.5330352783203,45.13628387451172,52.41666793823242,4668.97021484375
2021-12-14,170.28463745117188,614.8599853515625,169.0915069580078,186.04571533203125,142.6421661376953,358.4163818359375,149.8025665283203,141.263427734375,50.618736267089844,331.0426940917969,330.8347473144531,315.69329833984375,59.79899978637695,28.247760772705078,146.55963134765625,140.03640747070312,319.5033264160156,202.52989196777344,45.56698226928711,52.34013366699219,4634.08984375
2021-12-15,175.1392822265625,630.3300170898438,173.31500244140625,186.88534545898438,145.15391540527344,363.4156188964844,150.55030822753906,140.2070770263672,50.846435546875,336.6807556152344,338.685791015625,321.7602844238281,60.50400161743164,30.36307716369629,148.44581604003906,140.57623291015625,325.3299865722656,204.7772216796875,45.82793045043945,52.11048126220703,4709.85009765625
2021-12-16,168.26263427734375,566.0900268554688,168.87100219726562,190.22535705566406,143.1754150390625,356.0370178222656,152.19532775878906,142.3997802734375,51.363136291503906,343.0673828125,331.98468017578125,312.38580322265625,59.10599899291992,28.29759979248047,148.66213989257812,142.5672607421875,308.97332763671875,206.76417541503906,45.06397247314453,52.19553756713867,4668.669921875
2021-12-17,167.16864013671875,556.6400146484375,170.0175018310547,185.7965545654297,140.4793701171875,345.7443542480469,147.99041748046875,139.15956115722656,50.55742645263672,339.5581359863281,330.88433837890625,311.3282470703125,58.67300033569336,27.713451385498047,145.61656188964844,139.33737182617188,310.8566589355469,204.36251831054688,43.62095642089844,51.05585861206055,4620.64013671875
2021-12-20,165.8108673095703,549.77001953125,167.07899475097656,180.34364318847656,140.3623809814453,347.0097961425781,147.5681915283203,136.65615844726562,50.39104080200195,327.6112060546875,322.616943359375,307.5880432128906,59.374000549316406,27.631710052490234,146.58558654785156,139.6912841796875,299.9800109863281,201.33387756347656,43.762420654296875,50.315914154052734,4568.02001953125
2021-12-21,168.97573852539062,557.52001953125,170.41700744628906,182.97320556640625,142.21148681640625,347.96331787109375,147.0931396484375,138.5648193359375,50.592464447021484,340.94818115234375,331.2907409667969,314.6838073730469,60.492000579833984,28.983436584472656,146.15296936035156,139.60279846191406,312.84332275390625,207.7383270263672,43.89445495605469,51.45559310913086,4649.22998046875
2021-12-22,171.56422424316406,563.97998046875,171.03700256347656,186.51625061035156,145.1281280517578,352.570556640625,147.7265167236328,139.10630798339844,50.95152282714844,347.5001220703125,327.5733947753906,320.3662414550781,61.42399978637695,29.307411193847656,147.0614471435547,140.98329162597656,336.2900085449219,210.22677612304688,43.951045989990234,51.872352600097656,4696.56005859375
2021-12-23,172.18936157226562,569.6199951171875,171.06849670410156,190.25303649902344,145.62521362304688,353.8447570800781,148.0079803466797,139.60342407226562,50.98655700683594,350.5133972167969,332.3216552734375,321.7987976074219,61.409000396728516,29.54665756225586,146.89710998535156,141.67352294921875,355.6666564941406,208.93429565429688,43.85359573364258,51.897857666015625,4725.7900390625
2021-12-27,176.14537048339844,577.6799926757812,169.66949462890625,190.41909790039062,146.6065216064453,360.10064697265625,149.25717163085938,140.40235900878906,51.363136291503906,350.2510681152344,343.16644287109375,329.2599792480469,61.3120002746582,30.847543716430664,148.35926818847656,143.3282928466797,364.64666748046875,209.90847778320312,44.25285339355469,52.637794494628906,4791.18994140625
2021-12-28,175.1295166015625,569.3599853515625,170.66099548339844,190.6405487060547,145.397705078125,361.9987487792969,149.85536193847656,140.82847595214844,51.56455612182617,350.70794677734375,343.20611572265625,328.1060791015625,61.07099914550781,30.226511001586914,149.12933349609375,144.09817504882812,362.8233337402344,210.3135528564453,44.88792037963867,52.46769714355469,4786.35009765625
2021-12-29,175.21739196777344,569.2899780273438,169.2010040283203,191.295654296875,145.36602783203125,366.1158142089844,150.9109649658203,140.7574462890625,51.62586212158203,351.20367431640625,339.9546813964844,328.7791748046875,61.05400085449219,29.90652847290039,149.6571502685547,145.2927703857422,362.0633239746094,210.4293212890625,44.865909576416016,52.00843048095703,4793.06005859375
2021-12-30,174.06480407714844,570.530029296875,168.64450073242188,190.14234924316406,144.91552734375,365.3138427734375,151.57952880859375,140.68643188476562,51.47698211669922,350.9120178222656,341.3622741699219,326.2505187988281,61.20899963378906,29.492830276489258,149.3975372314453,144.03619384765625,356.7799987792969,210.13995361328125,45.010528564453125,51.70224380493164,4778.72998046875
2021-12-31,173.4494171142578,567.0599975585938,166.7169952392578,190.75128173828125,143.57888793945312,369.8318786621094,150.48875427246094,140.571044921875,51.85355758666992,349.2886657714844,333.4219970703125,323.36602783203125,60.24399948120117,29.318378448486328,150.29737854003906,144.75299072265625,352.260009765625,209.02113342285156,45.48838424682617,52.04244613647461,4766.18017578125
2022-01-03,177.78636169433594,564.3699951171875,170.4044952392578,190.99118041992188,143.7171173095703,364.1553039550781,150.90219116210938,143.544921875,51.932373046875,360.593994140625,335.5929870605469,321.8564758300781,59.73699951171875,30.02614402770996,149.66574096679688,144.15126037597656,399.9266662597656,213.57363891601562,45.4758186340332,54.041141510009766,4796.56005859375
2022-01-04,175.53001403808594,554.0,167.52200317382812,201.21429443359375,143.13035583496094,367.89813232421875,150.49754333496094,148.9866485595703,52.799373626708984,364.9100646972656,333.6004638671875,316.3375549316406,59.1150016784668,29.197763442993164,149.88211059570312,144.65560913085938,383.1966552734375,214.56707763671875,44.6426887512207,56.0738410949707,4793.5400390625
2022-01-05,170.86093139648438,514.4299926757812,164.35699462890625,202.75514221191406,136.5640411376953,362.90777587890625,151.50035095214844,146.2628936767578,53.237247467041016,363.46160888671875,321.34808349609375,304.1940002441406,56.75199890136719,27.517070770263672,150.392578125,145.31048583984375,362.7066650390625,212.19439697265625,45.246307373046875,56.7712516784668,4700.580078125
2022-01-06,168.0087127685547,514.1199951171875,163.25399780273438,204.82192993164062,136.53677368164062,361.5888366699219,150.9813232421875,147.81678771972656,52.95701217651367,360.1424255371094,329.56591796875,301.79034423828125,55.32899856567383,28.089262008666992,150.4271697998047,144.08929443359375,354.8999938964844,211.9532470703125,45.120567321777344,58.106544494628906,4696.0498046875
2022-01-07,168.17474365234375,510.70001220703125,162.5540008544922,206.85174560546875,135.81271362304688,350.7614440917969,153.022216796875,149.2813720703125,52.834407806396484,359.8017883300781,328.9017639160156,301.9441833496094,54.10599899291992,27.16119384765625,150.61749267578125,144.0096435546875,342.32000732421875,209.2622833251953,45.5512580871582,58.582828521728516,4677.02978515625
2022-01-10,168.19422912597656,525.8300170898438,161.48599243164062,204.49896240234375,137.45068359375,345.2809753417969,152.26571655273438,149.4242706298828,52.9219856262207,354.21466064453125,325.2140808105469,302.16522216796875,53.98500061035156,27.313711166381836,150.69540405273438,142.04518127441406,352.7066650390625,204.44927978515625,45.4632453918457,58.234127044677734,4670.2900390625
2022-01-11,171.01715087890625,529.8900146484375,165.36199951171875,202.93963623046875,138.50782775878906,344.5769958496094,150.64707946777344,149.5761260986328,52.93949508666992,356.5313415527344,331.459228515625,302.8480224609375,54.08399963378906,27.729398727416992,150.62615966796875,140.3992156982422,354.79998779296875,206.7738037109375,45.334346771240234,60.68360137939453,4713.06982421875
2022-01-12,171.45675659179688,532.3699951171875,165.20700073242188,205.20016479492188,140.1874237060547,347.0097961425781,149.3627166748047,150.42445373535156,53.018314361572266,357.52410888671875,330.35894775390625,306.0111999511719,53.72200012207031,27.910823822021484,150.4617462158203,140.70895385742188,368.739990234375,208.0565948486328,45.09540557861328,60.504981994628906,4726.35009765625
2022-01-13,168.19422912597656,516.9000244140625,161.21400451660156,209.4444122314453,137.36891174316406,344.853271484375,148.4566650390625,150.23695373535156,53.333595275878906,359.6752624511719,323.6379699707031,293.0600891113281,51.91999816894531,26.49131202697754,150.70399475097656,140.0718231201172,343.85333251953125,207.3717803955078,45.73361587524414,60.07121658325195,4659.02978515625
2022-01-14,169.05386352539062,520.5999755859375,162.13800048828125,211.23435974121094,138.25454711914062,331.50396728515625,147.64732360839844,141.0028076171875,53.76270294189453,362.2254943847656,329.0107421875,298.2521057128906,52.569000244140625,26.857152938842773,151.96725463867188,141.41690063476562,349.8699951171875,207.05348205566406,45.60471725463867,61.12584686279297,4662.85009765625
2022-01-18,165.85971069335938,513.3400268554688,158.91749572753906,212.0924530029297,134.8026580810547,326.7987060546875,146.9963836669922,135.0908966064453,53.333595275878906,356.5410461425781,315.3804931640625,290.99285888671875,51.08000183105469,25.821426391601562,150.51373291015625,138.69139099121094,343.5033264160156,208.0565948486328,44.80617141723633,62.154972076416016,4577.10986328125
2022-01-19,162.37255859375,516.5800170898438,156.2989959716797,205.50978088378906,133.92892456054688,320.53399658203125,146.53890991210938,133.0011749267578,53.42116165161133,351.1195068359375,316.807861328125,291.646728515625,51.58599853515625,24.98805809020996,151.59524536132812,143.35482788085938,331.8833312988281,207.0631561279297,45.252601623535156,62.18047332763672,4532.759765625
2022-01-20,160.69248962402344,510.8500061035156,151.66749572753906,200.84629821777344,132.1358184814453,311.52459716796875,145.36892700195312,131.8669891357422,53.20222091674805,354.30230712890625,313.8042907714844,289.9833068847656,50.82500076293945,24.073942184448242,150.49639892578125,144.1288604736328,332.0899963378906,206.74484252929688,44.39747619628906,62.316551208496094,4482.72998046875
2022-01-21,158.6411895751953,499.9100036621094,142.64300537109375,198.49130249023438,129.20579528808594,311.09686279296875,145.03463745117188,129.56292724609375,52.93949508666992,345.61993408203125,300.5308837890625,284.6278991699219,39.75,23.30038833618164,150.73861694335938,144.68048095703125,314.6333312988281,198.6236114501953,44.07366180419922,61.381004333496094,4397.93994140625
2022-01-24,157.86956787109375,519.6599731445312,144.54400634765625,198.71380615234375,129.6543426513672,324.20550537109375,143.3632354736328,129.44683837890625,52.510372161865234,340.1107177734375,306.02264404296875,284.95458984375,38.71500015258789,23.29839324951172,149.96861267089844,143.50604248046875,310.0,194.68836975097656,44.07679748535156,61.90830612182617,4410.1298828125
2022-01-25,156.07225036621094,502.7200012207031,139.98599243164062,198.6953125,125.8193359375,319.9012756347656,147.46261596679688,130.85784912109375,52.38776397705078,329.73480224609375,297.5372009277344,277.37823486328125,36.641998291015625,22.253694534301758,148.246826171875,141.9402313232422,306.1333312988281,194.83302307128906,43.11792755126953,63.7283935546875,4356.4501953125
2022-01-26,155.9843292236328,500.80999755859375,138.87249755859375,198.67672729492188,128.09713745117188,318.3863525390625,148.1223907470703,132.09918212890625,52.19510269165039,335.47760009765625,292.0652160644531,285.2816162109375,35.970001220703125,22.700284957885742,146.6807403564453,140.70355224609375,312.4700012207031,198.5657501220703,42.677791595458984,63.082000732421875,4349.93017578125
2022-01-27,155.5252227783203,493.04998779296875,139.6374969482422,196.71124267578125,127.87115478515625,317.62884521484375,150.0664825439453,129.7683563232422,52.23888397216797,341.19122314453125,292.07513427734375,288.2911376953125,38.66999816894531,21.874895095825195,146.5423126220703,141.57545471191406,276.3666687011719,198.83578491210938,42.706085205078125,63.889991760253906,4326.509765625
2022-01-28,166.37742614746094,518.1599731445312,143.97799682617188,186.50338745117188,132.17893981933594,326.6383361816406,151.1221160888672,130.92930603027344,53.28104019165039,372.3191833496094,299.0835266113281,296.3868408203125,38.43600082397461,22.76807403564453,149.3975372314453,142.79432678222656,282.1166687011719,219.91050720214844,43.2342529296875,64.02606201171875,4431.85009765625
2022-01-31,170.7241668701172,534.2999877929688,149.57350158691406,186.87428283691406,134.1142578125,327.0304870605469,151.56198120117188,132.70648193359375,53.42991638183594,376.0860900878906,310.53302001953125,299.00201416015625,42.7140007019043,24.408889770507812,150.13299560546875,142.7498321533203,312.239990234375,218.14549255371094,43.954193115234375,64.60442352294922,4515.5498046875
2022-02-01,170.55809020996094,535.97998046875,151.19349670410156,190.38815307617188,136.43417358398438,328.5632019042969,150.3216094970703,134.9837188720703,53.035831451416016,381.61480712890625,316.2230529785156,296.8675231933594,45.7130012512207,24.560407638549805,149.11199951171875,142.1182098388672,310.4166564941406,224.11587524414062,44.30002212524414,68.74638366699219,4546.5400390625
2022-02-02,171.75955200195312,533.0900268554688,150.6125030517578,190.00796508789062,146.69918823242188,333.0456848144531,151.9842071533203,133.90313720703125,53.578800201416016,386.1798400878906,320.18829345703125,301.386474609375,42.948001861572266,25.162511825561523,151.8201446533203,144.66268920898438,301.88665771484375,227.06729125976562,44.281158447265625,68.5677719116211,4589.3798828125
2022-02-03,168.88780212402344,510.8299865722656,138.8455047607422,185.97491455078125,141.83233642578125,325.0966491699219,151.97540283203125,132.79574584960938,53.95537185668945,379.67779541015625,235.6902618408203,289.64678955078125,40.560001373291016,23.872581481933594,151.73365783691406,146.0327606201172,297.0466613769531,223.32493591308594,44.32516860961914,67.76828002929688,4477.43994140625
2022-02-04,168.6041717529297,513.5399780273438,157.63949584960938,183.95376586914062,142.03353881835938,320.5161437988281,150.9813232421875,136.242919921875,53.386131286621094,372.0174560546875,235.026123046875,294.15618896484375,41.016998291015625,24.242412567138672,149.24183654785156,143.710693359375,307.7733459472656,220.28668212890625,43.803279876708984,69.23967742919922,4500.52978515625
2022-02-07,167.89019775390625,507.1000061035156,157.9355010986328,185.2610321044922,137.9775390625,318.4487609863281,150.4799346923828,136.6983642578125,53.94660949707031,366.109130859375,222.9521484375,289.3583679199219,40.209999084472656,24.650127410888672,148.65345764160156,142.63417053222656,302.4466552734375,219.10035705566406,43.37257385253906,70.07317352294922,4483.8701171875
2022-02-08,170.99057006835938,511.30999755859375,161.4134979248047,186.81863403320312,138.17379760742188,322.0935974121094,150.8758087158203,139.2703399658203,54.29692077636719,364.39605712890625,218.2633056640625,292.82928466796875,40.35300064086914,25.0289306640625,148.83518981933594,142.31390380859375,307.3333435058594,219.8527069091797,43.38201141357422,68.26160430908203,4521.5400390625
2022-02-09,172.4087371826172,521.75,161.1894989013672,188.76565551757812,140.34750366210938,324.70458984375,150.85818481445312,139.850830078125,53.4561882019043,371.20965576171875,229.9803924560547,299.2231140136719,41.28900146484375,26.620899200439453,148.76596069335938,141.99362182617188,310.6666564941406,222.6787109375,43.28770065307617,67.93482208251953,4587.18017578125
2022-02-10,168.34007263183594,495.0199890136719,159.0034942626953,188.27426147460938,137.40162658691406,316.434814453125,149.03724670410156,139.2703399658203,53.75395202636719,364.41552734375,226.0846405029297,290.7332458496094,40.62699890136719,25.742677688598633,145.67713928222656,139.83164978027344,301.51666259765625,217.94004821777344,42.78152847290039,67.28125762939453,4504.080078125
2022-02-11,164.9365692138672,473.9700012207031,153.2935028076172,186.5775604248047,133.1022491455078,312.15740966796875,147.53298950195312,137.4574737548828,52.799373626708984,359.9186096191406,217.6387939453125,283.6759948730469,39.13100051879883,23.873579025268555,145.85879516601562,139.04873657226562,286.6666564941406,217.07057189941406,42.545745849609375,68.97533416748047,4418.64013671875
2022-02-14,165.17127990722656,474.010009765625,155.16700744628906,185.32591247558594,134.33485412597656,313.2890625,145.6768035888672,136.18038940429688,53.14091873168945,364.191650390625,215.8048858642578,283.63751220703125,39.65700149536133,24.190576553344727,144.232177734375,139.44911193847656,291.9200134277344,217.69851684570312,42.11188888549805,67.9176254272461,4401.669921875
2022-02-15,168.9954071044922,479.5,156.510498046875,188.58944702148438,135.40785217285156,314.8039855957031,147.18112182617188,138.1719207763672,53.34234619140625,371.3749694824219,219.07615661621094,288.8968200683594,40.74599838256836,26.411561965942383,143.59193420410156,139.520263671875,307.4766540527344,220.0944061279297,42.24393844604492,67.0662841796875,4471.06982421875
2022-02-16,168.7606658935547,477.70001220703125,158.10049438476562,188.80271911621094,136.5273895263672,311.97906494140625,147.0931396484375,138.42196655273438,53.333595275878906,372.72796630859375,214.6549835205078,288.55963134765625,39.80799865722656,26.427515029907227,143.88609313964844,140.57899475097656,307.7966613769531,221.06053161621094,41.979854583740234,67.3758316040039,4475.009765625
2022-02-17,165.17127990722656,457.7099914550781,154.65249633789062,180.55117797851562,131.3740692138672,310.0631103515625,146.19583129882812,135.23377990722656,54.402008056640625,363.7439270019531,205.90187072753906,280.1100158691406,38.66699981689453,24.429824829101562,144.27545166015625,142.18936157226562,292.1166687011719,216.9932861328125,43.66181564331055,67.27266693115234,4380.259765625
2022-02-18,163.62596130371094,442.55999755859375,152.60150146484375,177.9644317626953,129.2568359375,309.1095886230469,144.62879943847656,135.86782836914062,54.76982498168945,360.0938415527344,204.3653564453125,277.41229248046875,39.12900161743164,23.567543029785156,145.10606384277344,142.26052856445312,285.6600036621094,215.13839721679688,43.38201141357422,66.52452850341797,4348.8701171875
2022-02-22,160.71142578125,438.3999938964844,150.19749450683594,177.27838134765625,128.6725311279297,281.7516174316406,142.663330078125,135.62672424316406,54.54212951660156,358.47808837890625,200.32086181640625,277.20989990234375,37.737998962402344,23.316341400146484,145.6597900390625,140.5078582763672,273.84332275390625,213.81483459472656,42.897857666015625,65.7505874633789,4304.759765625
2022-02-23,156.5547637939453,429.45001220703125,144.82699584960938,173.06915283203125,126.46659851074219,274.87200927734375,142.73416137695312,132.78683471679688,53.93785858154297,351.6061706542969,196.72244262695312,270.03204345703125,36.74599838256836,22.316499710083008,144.2235565185547,138.75515747070312,254.67999267578125,208.62693786621094,42.45771408081055,66.01715087890625,4225.5
2022-02-24,159.16610717773438,463.82000732421875,151.35800170898438,171.2334747314453,131.52471923828125,279.1405334472656,140.00735473632812,129.08963012695312,52.99203872680664,359.5390319824219,205.79283142089844,283.8289794921875,39.00299835205078,23.67321014404297,141.71438598632812,135.01846313476562,266.92333984375,209.93116760253906,42.29424285888672,65.18304443359375,4288.7001953125
2022-02-25,161.22975158691406,465.5400085449219,153.7884979248047,173.43072509765625,133.2777099609375,282.1793518066406,146.96607971191406,132.1438751220703,55.04130554199219,359.2566833496094,208.6477508544922,286.44952392578125,39.08000183105469,24.080921173095703,145.6857452392578,140.78366088867188,269.9566650390625,211.8343505859375,42.87584686279297,66.93728637695312,4384.64990234375
2022-02-28,161.4938201904297,467.67999267578125,153.56300354003906,173.912841796875,133.86996459960938,281.4486083984375,145.70005798339844,126.6337661743164,54.50709915161133,351.2071228027344,209.1929931640625,287.87554931640625,39.45199966430664,24.30820655822754,141.671142578125,138.69287109375,290.1433410644531,208.79116821289062,42.4922981262207,67.43607330322266,4373.93994140625
2022-03-01,159.6160125732422,466.67999267578125,151.14199829101562,169.50894165039062,132.8831787109375,285.387451171875,145.19540405273438,121.85595703125,54.27064514160156,335.3023986816406,201.71859741210938,284.1758728027344,38.624000549316406,23.403066635131836,140.39927673339844,136.3975067138672,288.1233215332031,201.88363647460938,42.75324249267578,68.08100128173828,4306.259765625
2022-03-02,162.9022216796875,471.17999267578125,152.05250549316406,178.57632446289062,133.38870239257812,291.732421875,147.00148010253906,124.3832778930664,54.673492431640625,334.9228210449219,206.2983856201172,289.22442626953125,38.00299835205078,24.147836685180664,142.34600830078125,136.8245391845703,293.2966613769531,201.41026306152344,42.80668258666992,69.25053405761719,4386.5400390625
2022-03-03,162.57943725585938,459.0799865722656,147.89849853515625,180.6531524658203,132.72262573242188,289.05010986328125,149.16172790527344,123.4991683959961,54.708526611328125,331.90533447265625,201.20310974121094,285.1104431152344,36.80699920654297,23.643348693847656,142.19363403320312,137.3316650390625,279.7633361816406,200.20262145996094,43.79071044921875,69.68909454345703,4363.490234375
2022-03-04,159.586669921875,452.1300048828125,145.64100646972656,181.40414428710938,130.74713134765625,288.9609375,150.04705810546875,120.02522277832031,54.796104431152344,321.94793701171875,198.3184814453125,279.2717590332031,36.17300033569336,22.867664337158203,144.3534393310547,138.02561950683594,279.42999267578125,193.4980010986328,44.90049743652344,72.31187438964844,4328.8701171875
2022-03-07,155.8016357421875,437.9700012207031,137.4530029296875,182.36834716796875,125.26771545410156,287.6330871582031,152.4640350341797,115.39033508300781,53.491214752197266,304.58319091796875,185.83804321289062,268.7217712402344,35.0260009765625,21.288379669189453,141.47938537597656,135.97935485839844,268.1933288574219,184.2332000732422,44.53895568847656,74.91748809814453,4201.08984375
2022-03-08,153.98248291015625,431.5299987792969,136.01449584960938,194.69932556152344,125.98734283447266,282.25958251953125,149.3741912841797,114.5776596069336,51.37189483642578,305.9556579589844,188.63351440429688,265.7735595703125,34.17599868774414,21.449899673461914,137.49070739746094,130.5967559814453,274.79998779296875,185.20896911621094,43.617801666259766,75.48504638671875,4170.7001953125
2022-03-09,159.3714599609375,450.8699951171875,139.2790069580078,194.4953155517578,132.24732971191406,284.3753662109375,149.94081115722656,119.16790008544922,51.634620666503906,319.3879089355469,196.7720184326172,277.96142578125,35.87900161743164,22.9454345703125,137.0813446044922,132.3583221435547,286.3233337402344,192.9859619140625,43.84415817260742,71.19396209716797,4277.8798828125
2022-03-10,155.03878784179688,438.95001220703125,146.8175048828125,196.35890197753906,131.26551818847656,285.038818359375,150.20643615722656,117.75688934326172,50.68880081176758,315.9422607421875,193.5106964111328,275.1577453613281,35.676998138427734,22.590492248535156,134.56439208984375,128.95086669921875,279.4333190917969,191.2566680908203,44.84074783325195,73.40399932861328,4259.52001953125
2022-03-11,151.33203125,416.3800048828125,145.52450561523438,199.17739868164062,128.72900390625,284.00775146484375,149.93197631835938,115.10454559326172,50.72383117675781,316.1369323730469,185.97682189941406,269.83935546875,34.03200149536133,22.034154891967773,133.88510131835938,127.42054748535156,265.1166687011719,190.03939819335938,44.66469955444336,73.02561950683594,4204.31005859375
2022-03-14,147.312255859375,411.5,141.85299682617188,199.74295043945312,124.84397888183594,285.4152526855469,152.00367736816406,116.24764251708984,51.659236907958984,319.8357238769531,185.00537109375,266.34197998046875,33.10100173950195,21.266448974609375,135.76629638671875,129.04869079589844,255.4566650390625,193.53663635253906,45.28718566894531,70.41143035888672,4173.10986328125
2022-03-15,151.6840362548828,421.6600036621094,147.3665008544922,200.68865966796875,128.0624237060547,294.5419006347656,155.9434356689453,118.31060028076172,52.6122932434082,326.0749816894531,190.35833740234375,276.6607360839844,34.375,22.904552459716797,138.4748077392578,133.69284057617188,267.2966613769531,199.14962768554688,45.83106994628906,66.40412902832031,4262.4501953125
2022-03-16,156.0852813720703,442.3599853515625,153.10400390625,200.33633422851562,132.1090545654297,296.6666259765625,154.5091552734375,123.59737396240234,52.47111129760742,335.4970397949219,201.8573760986328,283.6363525390625,35.75299835205078,24.423019409179688,139.08444213867188,133.23910522460938,280.07666015625,204.685302734375,45.695884704589844,66.1547622680664,4357.85986328125
2022-03-17,157.09266662597656,444.3599853515625,157.23899841308594,205.5468292236328,132.6626434326172,301.5525817871094,156.52774047851562,125.16021728515625,53.02705383300781,337.21014404296875,206.03073120117188,284.4359130859375,37.13999938964844,24.692214965820312,140.1643524169922,133.65724182128906,290.5333251953125,206.2117156982422,45.765316009521484,67.9176254272461,4411.669921875
2022-03-18,160.37884521484375,453.3299865722656,161.25050354003906,204.81442260742188,134.92904663085938,305.4794006347656,154.79244995117188,125.11559295654297,53.0358772277832,340.762939453125,214.60545349121094,289.4555969238281,38.060001373291016,26.374183654785156,141.77557373046875,133.5860595703125,301.7966613769531,211.67979431152344,45.90102767944336,67.65103912353516,4463.1201171875
2022-03-21,161.74810791015625,453.5899963378906,161.4915008544922,207.41038513183594,134.90525817871094,295.2859802246094,155.66896057128906,124.7137222290039,53.45945358276367,336.373046875,209.64898681640625,288.2320251464844,37.45899963378906,26.654348373413086,141.57525634765625,134.0932159423828,307.0533447265625,209.67996215820312,45.51915740966797,70.68660736083984,4461.18017578125
2022-03-22,165.11257934570312,466.45001220703125,164.88900756835938,206.48326110839844,138.63868713378906,295.608642578125,154.93411254882812,127.36604309082031,53.653602600097656,340.21783447265625,214.76402282714844,292.9530334472656,38.29199981689453,26.444974899291992,143.12547302246094,135.125244140625,331.32666015625,211.06149291992188,45.38344192504883,70.37702178955078,4511.60986328125
2022-03-23,166.47206115722656,422.8999938964844,163.4080047607422,205.98260498046875,137.06015014648438,284.240966796875,154.3498077392578,124.82979583740234,53.30061721801758,333.06365966796875,211.60182189941406,288.5500183105469,37.44900131225586,25.55762481689453,142.37646484375,134.18218994140625,333.03668212890625,207.4000244140625,44.79957580566406,71.48634338378906,4456.240234375
2022-03-24,170.2472686767578,432.1400146484375,163.64950561523438,206.01971435546875,140.32769775390625,283.102294921875,155.14662170410156,125.6424789428711,53.81243133544922,340.0426330566406,217.6586151123047,292.9916076660156,37.57099914550781,28.066131591796875,143.2386932373047,134.41351318359375,337.97332763671875,209.94082641601562,45.07731628417969,71.7013168334961,4520.16015625
2022-03-25,170.8830108642578,431.6199951171875,164.77349853515625,207.08590698242188,140.4278106689453,278.530029296875,156.6339569091797,126.74089050292969,54.29779052734375,339.7214050292969,219.88902282714844,292.5869140625,37.3849983215332,27.6094970703125,143.9093017578125,135.97044372558594,336.8800048828125,211.02284240722656,45.272979736328125,73.26640319824219,4543.06005859375
2022-03-28,171.74366760253906,450.010009765625,168.99049377441406,205.68592834472656,140.21221923828125,281.7575378417969,157.43963623046875,125.80323028564453,54.6419563293457,341.15216064453125,221.6436004638672,299.35052490234375,37.85100173950195,28.134923934936523,144.3360595703125,136.90463256835938,363.9466552734375,213.28350830078125,46.07777786254883,71.2111587524414,4575.52001953125
2022-03-29,175.0299072265625,466.3299865722656,169.31500244140625,204.9349365234375,141.25294494628906,284.83258056640625,157.3599853515625,126.0800552368164,54.8537483215332,357.7577819824219,227.85903930664062,303.888427734375,39.18199920654297,28.57062530517578,146.478515625,138.31033325195312,366.5233459472656,220.38426208496094,46.465965270996094,70.83279418945312,4631.60009765625
2022-03-30,173.86599731445312,460.05999755859375,166.30099487304688,206.82627868652344,140.69097900390625,276.5397644042969,158.99781799316406,125.50850677490234,54.897865295410156,352.5892028808594,225.8665313720703,302.39508056640625,38.14699935913086,27.607501983642578,146.2781982421875,137.3583526611328,364.663330078125,216.35569763183594,47.29914093017578,72.0453109741211,4602.4501953125
2022-03-31,170.77540588378906,455.6199951171875,162.99749755859375,206.58526611328125,137.84523010253906,268.3546142578125,156.90843200683594,121.73988342285156,54.71255111694336,347.85870361328125,220.42434692382812,297.04779052734375,37.45899963378906,27.20469856262207,145.77304077148438,135.94375610351562,359.20001220703125,214.2495880126953,46.99932098388672,71.02197265625,4530.41015625
2022-04-01,170.4820098876953,458.19000244140625,163.55999755859375,203.75746154785156,138.91868591308594,270.64971923828125,157.7583770751953,120.83789825439453,55.480289459228516,354.27313232421875,222.89268493652344,298.1172790527344,37.34700012207031,26.632415771484375,147.84579467773438,137.9811553955078,361.5299987792969,218.68392944335938,47.658935546875,71.47774505615234,4545.85986328125
2022-04-04,174.52133178710938,468.80999755859375,168.34649658203125,204.72169494628906,141.71487426757812,273.9578857421875,156.23558044433594,121.37371826171875,55.18907928466797,357.1347961425781,231.8539581298828,303.4644775390625,39.150001525878906,27.278488159179688,147.46263122558594,137.08255004882812,381.8166809082031,220.01715087890625,47.668399810791016,71.51215362548828,4582.64013671875
2022-04-05,171.21551513671875,458.5799865722656,164.05499267578125,200.28073120117188,139.35531616210938,273.3123779296875,157.244873046875,119.96126556396484,55.1273078918457,353.6404113769531,229.82180786132812,299.52392578125,38.01499938964844,25.853748321533203,147.61936950683594,137.56298828125,363.7533264160156,218.42308044433594,47.80411148071289,71.14237976074219,4525.1201171875
2022-04-06,168.05645751953125,444.3299865722656,158.75599670410156,200.4568328857422,135.3478546142578,267.64630126953125,161.33514404296875,118.29686737060547,55.68324661254883,344.1307067871094,221.35614013671875,288.55963134765625,36.834999084472656,24.334280014038086,150.13629150390625,139.52920532226562,348.586669921875,211.58316040039062,48.91501235961914,71.93351745605469,4481.14990234375
2022-04-07,168.35964965820312,452.7200012207031,157.7845001220703,200.16941833496094,134.6941680908203,271.42071533203125,160.91903686523438,117.9369888305664,55.98329162597656,340.70953369140625,221.0092010498047,290.361328125,36.21500015258789,24.135875701904297,150.27565002441406,141.3352508544922,352.4200134277344,208.82017517089844,49.404205322265625,73.1374282836914,4500.2099609375
2022-04-08,166.3546905517578,445.3399963378906,154.4604949951172,201.21713256835938,132.11599731445312,278.9154357910156,161.2377166748047,120.09618377685547,56.327449798583984,343.3607482910156,220.3946075439453,286.1220397949219,35.5880012512207,23.050121307373047,150.78079223632812,142.4384765625,341.8299865722656,209.62205505371094,49.67877960205078,74.67670440673828,4488.27978515625
2022-04-11,162.1099853515625,434.44000244140625,151.1219940185547,200.3085479736328,127.69123840332031,274.9798278808594,159.2191619873047,119.65536499023438,56.309810638427734,338.58465576171875,214.57569885253906,274.83984375,34.79999923706055,21.851699829101562,150.31922912597656,141.89572143554688,325.30999755859375,207.4676513671875,48.694095611572266,72.1054916381836,4412.52978515625
2022-04-12,163.97802734375,426.7699890136719,150.78750610351562,200.91116333007812,126.59197998046875,274.5943603515625,159.2722930908203,118.34183502197266,56.97163772583008,337.0542907714844,212.27589416503906,271.7566833496094,34.40999984741211,21.439931869506836,150.9288330078125,141.46868896484375,328.98333740234375,204.2312469482422,48.35956573486328,73.61038208007812,4397.4501953125
2022-04-13,166.65785217285156,431.6700134277344,155.54100036621094,202.36676025390625,128.75228881835938,278.2970275878906,159.9451446533203,114.52728271484375,57.121673583984375,346.1581726074219,213.1184844970703,277.11358642578125,35.042999267578125,22.13684844970703,150.6675567626953,141.8690643310547,340.7900085449219,206.037841796875,49.618804931640625,74.6509017944336,4446.58984375
2022-04-14,161.66012573242188,420.44000244140625,151.7064971923828,211.211669921875,125.61611938476562,273.007568359375,159.2722930908203,113.46569061279297,57.3775749206543,348.7703857421875,208.350341796875,269.6081848144531,34.112998962402344,21.194665908813477,149.7095184326172,141.0772247314453,328.3333435058594,205.5741424560547,49.574623107910156,75.52804565429688,4392.58984375
2022-04-18,161.4449462890625,425.4700012207031,152.78500366210938,213.16793823242188,126.55432891845703,269.1435241699219,157.2891387939453,115.5708999633789,56.865760803222656,347.776123046875,208.93521118164062,270.27294921875,33.7859992980957,21.718101501464844,148.42062377929688,139.73379516601562,334.7633361816406,205.9412384033203,49.195892333984375,76.14720153808594,4391.68994140625
2022-04-19,163.72373962402344,436.3999938964844,158.11549377441406,215.2447052001953,128.8663330078125,275.9480895996094,162.08763122558594,117.96397399902344,57.42170333862305,354.6673278808594,215.4182586669922,274.8782958984375,34.861000061035156,22.13186264038086,150.5804443359375,141.8245849609375,342.7166748046875,208.3854217529297,49.7545166015625,75.46784973144531,4462.2099609375
2022-04-20,163.55751037597656,428.1099853515625,153.9980010986328,217.95196533203125,126.91460418701172,282.528564453125,162.80479431152344,118.3778305053711,58.207088470458984,356.0514221191406,198.67532348632812,275.8995666503906,22.618999481201172,21.417999267578125,152.8186798095703,145.59681701660156,325.73333740234375,210.40455627441406,50.37941360473633,75.63982391357422,4459.4501953125
2022-04-21,162.76527404785156,417.4800109863281,148.29600524902344,215.6248321533203,123.71746826171875,278.24322509765625,162.3355712890625,117.46018981933594,58.427703857421875,355.222900390625,186.43283081054688,270.5522766113281,21.82200050354004,20.12286949157715,152.27003479003906,145.4832000732422,336.260009765625,209.11000061035156,50.455162048339844,74.84010314941406,4393.66015625
2022-04-22,158.23695373535156,408.6700134277344,144.35000610351562,201.50204467773438,118.583984375,269.0538330078125,160.7242431640625,114.08644104003906,57.58055114746094,342.2982482910156,182.50730895996094,264.02001953125,21.552000045776367,19.456859588623047,149.9272918701172,144.26646423339844,335.01666259765625,201.11073303222656,49.50519561767578,73.20622253417969,4271.77978515625
2022-04-25,159.30300903320312,413.95001220703125,146.07400512695312,201.87464904785156,121.99226379394531,273.3840637207031,164.6817169189453,114.05044555664062,58.189453125,345.6318054199219,185.3622283935547,270.46563720703125,20.990999221801758,19.842708587646484,151.3120574951172,145.42953491210938,332.67333984375,202.83042907714844,49.53043746948242,70.73822021484375,4296.1201171875
2022-04-26,153.35650634765625,399.1199951171875,139.39100646972656,195.91249084472656,117.60714721679688,268.9193420410156,163.50418090820312,110.67669677734375,57.4040641784668,335.4071044921875,179.3748016357422,260.34918212890625,19.84000015258789,18.73202133178711,150.9288330078125,142.96022033691406,292.1400146484375,194.28053283691406,49.01285171508789,70.76400756835938,4175.2001953125
2022-04-27,153.13160705566406,397.8999938964844,138.16700744628906,199.3221435546875,113.28993225097656,270.3896179199219,161.22003173828125,109.23725128173828,57.854103088378906,352.42547607421875,173.42701721191406,272.874267578125,18.854000091552734,18.36013412475586,152.2787322998047,142.5754852294922,293.836669921875,206.849365234375,48.678321838378906,72.78482818603516,4183.9599609375
2022-04-28,160.0463104248047,410.5299987792969,144.59649658203125,197.9060821533203,117.48078155517578,279.4983825683594,162.424072265625,110.96460723876953,58.41006088256836,369.2489929199219,203.9390869140625,279.0502014160156,19.95199966430664,19.723060607910156,154.586669921875,146.1989288330078,292.5033264160156,213.17726135253906,49.300045013427734,74.98627471923828,4287.5
2022-04-29,154.1878662109375,395.95001220703125,124.28150177001953,196.13604736328125,113.10655975341797,269.3138732910156,159.76808166503906,107.38394165039062,57.015769958496094,354.189697265625,198.7248992919922,267.3824768066406,19.035999298095703,18.491743087768555,149.54409790039062,143.6401824951172,290.2533264160156,205.90260314941406,48.283809661865234,73.30941009521484,4131.93017578125
2022-05-02,154.49105834960938,407.2900085449219,124.5,197.5614471435547,115.55831909179688,275.2040100097656,158.15676879882812,108.36458587646484,55.98329162597656,349.9594421386719,209.29208374023438,274.07861328125,19.945999145507812,19.474807739257812,146.10398864746094,141.69869995117188,300.9800109863281,204.35684204101562,47.96506118774414,74.30693054199219,4155.3798828125
2022-05-03,155.97767639160156,407.5799865722656,124.25350189208984,199.00537109375,116.3027114868164,273.4019775390625,157.8468780517578,110.68571472167969,55.66561508178711,348.74114990234375,210.18423461914062,271.48687744140625,19.98699951171875,19.54360008239746,146.30429077148438,139.7572784423828,303.0833435058594,201.487548828125,48.13232421875,75.8376235961914,4175.47998046875
2022-05-04,162.3740692138672,423.3500061035156,125.92849731445312,207.3616943359375,121.18640899658203,282.68096923828125,159.53787231445312,114.34734344482422,57.38639831542969,359.19970703125,221.46519470214844,279.38739013671875,20.400999069213867,20.273414611816406,151.41656494140625,140.78614807128906,317.5400085449219,207.2454376220703,48.798248291015625,78.8559799194336,4300.169921875
2022-05-05,153.32720947265625,400.510009765625,116.40699768066406,201.1573028564453,115.48150634765625,268.1573486328125,156.4923095703125,111.48641967773438,56.92752456665039,344.43292236328125,206.46688842773438,267.2187805175781,18.832000732421875,18.787858963012695,148.39447021484375,138.1916046142578,291.09332275390625,198.28012084960938,48.38013458251953,77.66065979003906,4146.8701171875
2022-05-06,154.05198669433594,391.010009765625,114.77249908447266,199.96490478515625,114.72917175292969,263.85406494140625,156.1470489501953,111.30648803710938,57.1304931640625,338.34100341796875,201.9961700439453,264.6944274902344,18.097000122070312,18.619356155395508,148.41192626953125,139.56939697265625,288.54998779296875,195.9422149658203,47.37287902832031,78.8473892211914,4123.33984375
2022-05-09,148.93914794921875,376.9100036621094,108.78900146484375,192.1768341064453,111.52210235595703,266.2925720214844,156.9969482421875,109.63311004638672,57.015769958496094,319.69482421875,194.50198364257812,254.91519165039062,17.309999465942383,16.899499893188477,149.5353546142578,139.22047424316406,262.3699951171875,186.45523071289062,47.92719650268555,72.63006591796875,3991.239990234375
2022-05-10,151.33885192871094,393.0299987792969,108.85900115966797,189.1026153564453,113.38955688476562,261.0300598144531,156.7844696044922,106.96109771728516,56.486297607421875,317.1020202636719,195.92942810058594,259.655517578125,17.766000747680664,17.54258155822754,149.35252380371094,138.48687744140625,266.67999267578125,187.0155792236328,47.25251388549805,73.11162567138672,4001.050048828125
2022-05-11,143.49325561523438,379.3299865722656,105.37200164794922,191.1707305908203,112.60401153564453,253.67855834960938,155.93455505371094,106.28634643554688,56.75102996826172,317.62835693359375,187.0970001220703,251.03237915039062,16.636999130249023,16.58045196533203,148.629638671875,136.5364227294922,244.6666717529297,190.04905700683594,46.75837707519531,74.63370513916016,3935.179931640625
2022-05-12,139.63414001464844,388.489990234375,106.93049621582031,189.139892578125,111.85218048095703,259.7121276855469,157.47503662109375,106.1963882446289,56.92752456665039,313.115478515625,189.57525634765625,246.02236938476562,17.430999755859375,16.126806259155273,148.4031982421875,135.98175048828125,242.6666717529297,187.75021362304688,46.71403884887695,74.97252655029297,3930.080078125
2022-05-13,144.0907440185547,405.45001220703125,113.05500030517578,190.3509521484375,115.03050231933594,265.39605712890625,156.57203674316406,107.14102935791016,57.99530029296875,324.3831481933594,196.8909912109375,251.58160400390625,18.763999938964844,17.653249740600586,151.29461669921875,137.4400634765625,256.5299987792969,192.841552734375,46.894588470458984,77.19649505615234,4023.889892578125
2022-05-16,142.55296325683594,402.8599853515625,110.81050109863281,193.01527404785156,113.4391098022461,265.3601989746094,157.66098022460938,106.39432525634766,58.207088470458984,321.39080810546875,198.2986297607422,251.94773864746094,18.650999069213867,17.212568283081055,152.8186798095703,138.78208923339844,241.4566650390625,191.46710205078125,46.94527053833008,79.01217651367188,4008.010009765625
2022-05-17,146.17701721191406,409.6499938964844,115.36849975585938,198.51162719726562,115.44928741455078,269.8069763183594,158.31613159179688,109.9209976196289,58.048248291015625,330.2898864746094,200.85617065429688,257.0733947753906,19.055999755859375,18.12284278869629,151.93910217285156,138.388427734375,253.8699951171875,197.4586181640625,41.60489273071289,80.01990509033203,4088.85009765625
2022-05-18,137.92982482910156,397.8800048828125,107.11250305175781,193.71395874023438,110.91597747802734,255.66885375976562,155.37680053710938,108.04069519042969,54.0065803527832,327.4047546386719,190.56654357910156,245.36891174316406,17.7189998626709,16.887535095214844,142.52455139160156,129.7637481689453,236.60333251953125,193.57717895507812,38.779510498046875,78.75155639648438,3923.679931640625
2022-05-19,134.53103637695312,394.3800048828125,107.31900024414062,192.6146697998047,109.4137954711914,257.9818420410156,153.99566650390625,106.43930053710938,52.947628021240234,323.8177795410156,189.62478637695312,244.461181640625,18.347999572753906,17.072982788085938,140.39080810546875,126.77554321289062,236.47332763671875,191.04119873046875,37.71522521972656,79.17723083496094,3900.7900390625
2022-05-20,134.76608276367188,399.0899963378906,107.59100341796875,184.28634643554688,107.95077514648438,257.47088623046875,156.68707275390625,105.56660461425781,53.81243133544922,327.6776428222656,191.85520935058594,243.90103149414062,18.635000228881836,16.64426040649414,141.2704620361328,126.85604095458984,221.3000030517578,192.64796447753906,37.756404876708984,79.802734375,3901.360107421875
2022-05-23,140.1728515625,406.760009765625,107.55699920654297,190.1832733154297,110.50809478759766,256.4308776855469,159.88589477539062,112.09819030761719,55.471466064453125,339.6178283691406,194.52182006835938,251.71363830566406,18.743999481201172,16.847658157348633,144.22283935546875,129.77268981933594,224.96665954589844,200.90444946289062,38.833351135253906,81.56627655029297,3973.75
2022-05-24,137.47927856445312,398.4100036621094,104.0999984741211,191.58062744140625,105.03858947753906,258.125244140625,161.63230895996094,113.68159484863281,56.49512481689453,332.0736389160156,179.7019500732422,250.718994140625,18.034000396728516,16.10587501525879,146.15628051757812,132.08096313476562,209.3866729736328,196.132568359375,39.317970275878906,82.00932312011719,3941.47998046875
2022-05-25,137.63600158691406,402.5,106.7750015258789,194.99024963378906,104.87505340576172,263.1906433105469,160.0462646484375,114.47330474853516,56.53925323486328,336.0406494140625,182.229736328125,253.51954650878906,18.783000946044922,16.924423217773438,147.15777587890625,129.9158477783203,219.60000610351562,197.3037567138672,39.07723617553711,83.65995025634766,3978.72998046875
2022-05-26,140.8291015625,408.6000061035156,111.07749938964844,198.41847229003906,106.84508514404297,271.4744873046875,159.90370178222656,116.45256805419922,56.74220275878906,341.0408935546875,189.9618377685547,256.7836608886719,19.139999389648438,17.797815322875977,148.15065002441406,131.0520782470703,235.91000366210938,201.86268615722656,39.91029357910156,83.95531463623047,4057.840087890625
2022-05-27,146.56881713867188,428.2200012207031,115.14649963378906,202.28456115722656,111.3293228149414,276.5397644042969,161.3560791015625,118.09894561767578,57.077545166015625,348.7313537597656,193.43136596679688,263.8720703125,19.518999099731445,18.754955291748047,149.59634399414062,133.05615234375,253.2100067138672,206.05381774902344,40.695823669433594,84.7806167602539,4158.240234375
2022-05-31,145.7852020263672,416.4800109863281,120.20950317382812,201.0828094482422,112.76211547851562,271.42071533203125,159.966064453125,118.9626235961914,55.93034362792969,348.81903076171875,191.954345703125,262.5490417480469,19.743999481201172,18.616365432739258,146.0952606201172,132.30462646484375,252.75332641601562,205.36666870117188,40.74333572387695,83.39932250976562,4132.14990234375
2022-06-01,145.6579132080078,418.1600036621094,121.68399810791016,202.6851348876953,112.8909683227539,268.11865234375,158.3444061279297,116.87540435791016,55.656776428222656,348.029541015625,186.9978790283203,263.08013916015625,19.291000366210938,18.265419006347656,144.99790954589844,130.30055236816406,246.7899932861328,203.19845581054688,39.73607635498047,84.9978256225586,4101.22998046875
2022-06-02,148.10659790039062,441.2799987792969,125.51100158691406,204.94888305664062,116.58869171142578,275.9496154785156,157.84544372558594,118.7557144165039,56.23920822143555,353.8973083496094,197.12887573242188,265.166015625,20.509000778198242,19.53362464904785,146.17303466796875,131.70518493652344,258.3333435058594,208.1542510986328,40.388580322265625,84.8501205444336,4176.81982421875
2022-06-03,142.39625549316406,429.760009765625,122.3499984741211,207.65049743652344,113.53426361083984,275.2369079589844,157.19496154785156,117.10031127929688,55.568538665771484,348.7703857421875,189.1192169189453,260.7624206542969,19.898000717163086,18.664226531982422,144.5682373046875,130.52423095703125,234.51666259765625,205.83120727539062,39.69489288330078,86.08373260498047,4108.5400390625
2022-06-06,143.14064025878906,429.4599914550781,124.79000091552734,208.33053588867188,115.79373168945312,274.1632995605469,157.17715454101562,116.71347045898438,55.480289459228516,351.0317077636719,192.5590362548828,259.5359191894531,19.714000701904297,18.730026245117188,145.17332458496094,130.0142364501953,238.27999877929688,206.1119384765625,39.552364349365234,85.86654663085938,4121.43017578125
2022-06-07,145.6579132080078,433.4200134277344,123.0,211.5631561279297,116.11984252929688,272.2507019042969,158.90574645996094,117.01936340332031,55.81562805175781,354.8135681152344,193.94683837890625,263.1573791503906,19.861000061035156,18.869613647460938,146.06785583496094,131.4636688232422,238.8866729736328,207.6219482421875,39.07723617553711,89.80195617675781,4160.68017578125
2022-06-08,144.92327880859375,428.8399963378906,121.18000030517578,214.07843017578125,116.16394805908203,268.42547607421875,157.96127319335938,115.15705871582031,55.4979362487793,353.16632080078125,194.92822265625,261.13909912109375,20.283000946044922,18.596370697021484,145.3399658203125,129.82635498046875,241.86666870117188,206.6539764404297,38.73832321166992,90.86183166503906,4115.77001953125
2022-06-09,139.71246337890625,426.4200134277344,116.1500015258789,208.36778259277344,113.82618713378906,270.52752685546875,154.78030395507812,112.73695373535156,54.53606033325195,340.17340087890625,182.39825439453125,255.71173095703125,19.277000427246094,17.99803352355957,142.75289916992188,127.48230743408203,239.7066650390625,199.50094604492188,38.3328857421875,88.89847564697266,4017.820068359375
2022-06-10,134.31558227539062,393.8399963378906,109.6500015258789,200.45864868164062,110.18446350097656,260.9463195800781,153.74673461914062,107.55488586425781,54.191898345947266,326.2838134765625,174.04165649414062,244.31629943847656,18.29400062561035,16.927005767822266,142.5248565673828,126.99919891357422,232.22999572753906,193.112548828125,38.54826736450195,87.2739028930664,3900.860107421875
2022-06-13,129.17333984375,371.6499938964844,103.66999816894531,192.72650146484375,105.45738220214844,255.46115112304688,152.19630432128906,104.35208892822266,54.130126953125,311.6534423828125,162.83009338378906,233.9541473388672,16.9689998626709,15.603683471679688,140.08692932128906,123.59942626953125,215.73666381835938,186.0950469970703,37.82291793823242,83.2690200805664,3749.6298828125
2022-06-14,130.03526306152344,370.82000732421875,102.30999755859375,192.5494842529297,105.77754211425781,251.41033935546875,149.86183166503906,102.61571502685547,52.64576721191406,313.9927978515625,162.30471801757812,236.1077117919922,16.753999710083008,15.792156219482422,136.91226196289062,119.74337768554688,220.88999938964844,187.31468200683594,37.83876037597656,83.48619842529297,3735.47998046875
2022-06-15,132.6504669189453,376.9200134277344,107.66999816894531,191.9066925048828,108.79975891113281,252.36666870117188,151.46568298339844,103.83026123046875,53.036861419677734,317.1605529785156,167.87579345703125,243.1284637451172,18.01099967956543,16.48124122619629,138.37686157226562,118.55345916748047,233.0,189.8699951171875,37.813411712646484,82.43501281738281,3789.989990234375
2022-06-16,127.3906478881836,365.0799865722656,103.66000366210938,181.46360778808594,105.10154724121094,246.70997619628906,151.54591369628906,102.04893493652344,52.50355529785156,300.9705810546875,159.4696044921875,236.5712890625,17.334999084472656,15.557808876037598,137.71031188964844,119.2781753540039,213.10000610351562,182.98800659179688,38.20618438720703,79.39441680908203,3666.77001953125
2022-06-17,128.85989379882812,360.7900085449219,106.22000122070312,179.46070861816406,106.20178985595703,244.24708557128906,150.99343872070312,101.68907928466797,52.823543548583984,302.8323059082031,162.3146209716797,239.1593475341797,17.551000595092773,15.83603572845459,137.73663330078125,118.41925811767578,216.75999450683594,183.91720581054688,37.46816635131836,74.81614685058594,3674.840087890625
2022-06-21,133.08143615722656,362.989990234375,108.68000030517578,182.93551635742188,110.56360626220703,242.86669921875,154.1565704345703,104.20812225341797,53.952362060546875,309.3726806640625,155.682861328125,245.04055786132812,17.090999603271484,16.5201358795166,140.93759155273438,122.00692749023438,237.0366668701172,188.15675354003906,38.6971435546875,79.47260284423828,3764.7900390625
2022-06-22,132.57211303710938,365.3299865722656,108.94999694824219,174.97975158691406,110.50759887695312,242.66827392578125,156.58909606933594,103.62335205078125,54.35233688354492,308.1542663574219,154.49331665039062,244.45147705078125,17.888999938964844,16.314708709716797,142.09515380859375,123.91256713867188,236.086669921875,187.60507202148438,38.22835922241211,76.32774353027344,3759.889892578125
2022-06-23,135.43214416503906,376.6400146484375,112.44000244140625,166.4464569091797,111.2554702758789,248.47828674316406,160.08193969726562,102.4897689819336,55.001190185546875,308.7488098144531,157.36807250976562,249.98507690429688,18.17099952697754,16.18008041381836,143.91049194335938,127.31236267089844,235.07000732421875,190.3345947265625,39.156436920166016,74.02558135986328,3795.72998046875
2022-06-24,138.75257873535156,387.7200012207031,116.45999908447266,172.7998504638672,116.9380874633789,255.31680297851562,162.42527770996094,105.54862976074219,56.03223419189453,322.1412658691406,168.67874145507812,258.5220031738281,19.084999084472656,17.078584671020508,145.69076538085938,129.1464385986328,245.7066650390625,198.92015075683594,39.188114166259766,75.49376678466797,3911.739990234375
2022-06-27,138.75257873535156,381.07000732421875,113.22000122070312,174.7561798095703,114.81539916992188,255.03713989257812,162.27381896972656,104.70291900634766,55.91668701171875,320.51348876953125,168.0145721435547,255.8083038330078,18.913999557495117,16.822298049926758,145.88368225097656,128.16229248046875,244.9199981689453,197.03268432617188,39.31479263305664,77.34418487548828,3900.110107421875
2022-06-28,134.6192169189453,365.6300048828125,107.4000015258789,174.61647033691406,111.02303314208984,243.72373962402344,157.65830993652344,104.19913482666016,55.35672378540039,310.2401123046875,159.28128051757812,247.68663024902344,17.959999084472656,15.937752723693848,143.8315887451172,126.07768249511719,232.663330078125,191.7671356201172,38.760498046875,79.48998260498047,3821.550048828125
2022-06-29,136.37246704101562,368.5,108.91999816894531,170.9274139404297,110.7197265625,247.0799102783203,157.70286560058594,103.73131561279297,55.756690979003906,314.4313659667969,162.51287841796875,251.33705139160156,17.836000442504883,15.498970985412598,146.21690368652344,127.22288513183594,228.49000549316406,193.1029052734375,38.61795425415039,76.55362701416016,3818.830078125
2022-06-30,133.91400146484375,366.05999755859375,106.20999908447266,166.53025817871094,108.00527954101562,247.4407501220703,158.1662139892578,101.31121063232422,55.91668701171875,307.50115966796875,159.84629821777344,248.024658203125,17.48699951171875,15.117030143737793,146.15554809570312,128.64541625976562,224.47332763671875,190.57659912109375,38.510257720947266,74.39915466308594,3785.3798828125
2022-07-01,136.07858276367188,368.4800109863281,109.55999755859375,166.09243774414062,107.78177642822266,251.7802734375,159.95718383789062,102.60671997070312,57.22328186035156,310.1913146972656,158.6369171142578,250.68035888671875,17.9950008392334,14.482789993286133,148.5496826171875,130.7210693359375,227.26333618164062,192.79318237304688,38.84284591674805,76.05844116210938,3825.330078125
2022-07-05,138.65463256835938,376.489990234375,113.5,161.87232971191406,112.26750183105469,255.97535705566406,158.72752380371094,102.21643829345703,56.24556350708008,311.185546875,166.72589111328125,253.83819580078125,18.58799934387207,14.92257022857666,148.21641540527344,129.4595489501953,233.06666564941406,194.10952758789062,39.35597610473633,73.6780776977539,3831.389892578125
2022-07-06,139.98672485351562,382.8299865722656,114.33000183105469,160.5215606689453,113.56499481201172,255.84007263183594,158.8701171875,101.55387115478516,56.3610954284668,312.0726013183594,168.2921600341797,257.0830078125,18.4060001373291,15.08811092376709,149.69850158691406,130.66738891601562,231.73333740234375,194.6709442138672,39.63471984863281,72.34891510009766,3845.080078125
2022-07-07,143.3463592529297,390.8900146484375,116.33000183105469,167.94627380371094,117.73896789550781,258.64581298828125,159.04832458496094,104.12245178222656,55.91668701171875,316.35809326171875,170.6910858154297,259.19793701171875,18.927000045776367,15.814094543457031,149.4003143310547,130.62261962890625,244.5433349609375,196.29702758789062,39.69489288330078,74.6597671508789,3902.6201171875
2022-07-08,144.02215576171875,389.44000244140625,115.54000091552734,166.84703063964844,118.3044662475586,258.4473571777344,158.852294921875,103.79572296142578,56.121116638183594,315.37213134765625,169.39247131347656,258.48333740234375,18.697999954223633,15.794151306152344,150.73329162597656,129.74586486816406,250.76333618164062,197.04237365722656,39.72023391723633,74.78137969970703,3899.3798828125
2022-07-11,141.8966827392578,384.1600036621094,111.75,163.04617309570312,114.6597900390625,258.3752136230469,158.9146728515625,102.43428802490234,55.94335174560547,316.4752502441406,161.4621124267578,255.44134521484375,17.733999252319336,15.110050201416016,149.4967498779297,130.65843200683594,234.3433380126953,198.48463439941406,39.73607635498047,74.39915466308594,3854.429931640625
2022-07-12,142.86639404296875,375.5400085449219,109.22000122070312,162.55242919921875,113.01834106445312,257.2294006347656,156.68710327148438,102.53410339355469,55.703365325927734,315.1768493652344,161.8487091064453,244.97299194335938,17.44499969482422,15.040243148803711,148.64613342285156,129.50430297851562,233.07000732421875,198.25233459472656,39.61572265625,73.40878295898438,3818.800048828125
2022-07-13,142.50399780273438,371.94000244140625,110.4000015258789,161.97486877441406,110.37478637695312,259.087890625,156.32176208496094,101.57203674316406,55.44560623168945,315.67474365234375,162.06680297851562,244.0555419921875,17.6560001373291,15.122017860412598,149.17230224609375,130.35427856445312,237.0399932861328,197.60379028320312,39.710731506347656,73.70414733886719,3801.780029296875
2022-07-14,145.42282104492188,372.9599914550781,110.62999725341797,158.31369018554688,109.3974609375,261.16290283203125,156.5355987548828,98.02324676513672,55.26783752441406,317.295166015625,156.67417907714844,245.36891174316406,17.47800064086914,15.329442024230957,149.94406127929688,129.96954345703125,238.31333923339844,199.307373046875,40.486778259277344,72.22727966308594,3790.3798828125
2022-07-15,147.08792114257812,379.8599853515625,113.55000305175781,161.5183563232422,110.7950668334961,263.80633544921875,158.80775451660156,102.51595306396484,55.55226135253906,324.6558532714844,163.26625061035156,247.9184112548828,18.910999298095703,15.718360900878906,150.06680297851562,129.7906036376953,240.06666564941406,203.30490112304688,40.882713317871094,73.44353485107422,3863.159912109375
2022-07-18,144.0515899658203,375.2300109863281,113.76000213623047,161.62081909179688,108.07170867919922,264.38360595703125,155.24365234375,101.46312713623047,54.796756744384766,323.1329040527344,165.77423095703125,245.53309631347656,19.091999053955078,16.056425094604492,147.55868530273438,128.21595764160156,240.54666137695312,200.56565856933594,40.78768539428711,74.79875946044922,3830.85009765625
2022-07-19,147.90089416503906,387.8299865722656,118.20999908447266,168.37498474121094,112.8096923828125,270.50048828125,152.98043823242188,103.97723388671875,55.57892608642578,332.27996826171875,174.24978637695312,250.63209533691406,20.163000106811523,16.94495391845703,149.13723754882812,128.8690948486328,245.52999877929688,206.80885314941406,41.03791427612305,76.68392944335938,3936.68994140625
2022-07-20,149.89898681640625,401.489990234375,122.7699966430664,168.82522583007812,112.8989028930664,272.7288513183594,152.10723876953125,103.95909881591797,54.663421630859375,333.14874267578125,181.49615478515625,253.2781219482422,21.643999099731445,17.75769805908203,147.55868530273438,126.64134979248047,247.5,206.5281524658203,41.37999725341797,77.52661895751953,3959.89990234375
2022-07-21,152.16162109375,408.9100036621094,124.62999725341797,169.78207397460938,113.33502197265625,275.1647644042969,152.6417999267578,104.66702270507812,54.53899383544922,338.66436767578125,181.57546997070312,255.75999450683594,22.38800048828125,18.000024795532227,147.7779083251953,126.76112365722656,271.7066650390625,209.25772094726562,41.98499298095703,76.23219299316406,3998.949951171875
2022-07-22,150.92745971679688,401.8999938964844,122.41999816894531,167.558837890625,106.9516372680664,276.59918212890625,153.36355590820312,104.15876007080078,54.74342727661133,335.6966857910156,167.79649353027344,251.43357849121094,22.04400062561035,17.27104949951172,148.74264526367188,128.78720092773438,272.24334716796875,206.8475341796875,41.87729263305664,75.65013122558594,3961.6298828125
2022-07-25,149.8108673095703,391.9599914550781,121.13999938964844,170.5513153076172,106.5650634765625,276.2022705078125,153.6665496826172,104.5762710571289,55.2767333984375,336.018798828125,165.1992950439453,249.95608520507812,21.85099983215332,16.976865768432617,148.9530792236328,129.66065979003906,268.4333190917969,207.39930725097656,41.81711959838867,78.16949462890625,3966.840087890625
2022-07-26,148.48858642578125,379.260009765625,114.80999755859375,170.0072021484375,104.09693908691406,269.01190185546875,154.75352478027344,102.94254302978516,56.18334197998047,333.1585388183594,157.7645721435547,243.26364135742188,21.391000747680664,16.487228393554688,150.68946838378906,129.9127960205078,258.8599853515625,205.67636108398438,38.63695526123047,77.86543273925781,3921.050048828125
2022-07-27,153.57203674316406,392.7799987792969,120.97000122070312,173.77825927734375,112.06627655029297,269.67047119140625,154.32586669921875,104.59441375732422,56.00556945800781,335.10113525390625,168.10379028320312,259.5262756347656,22.674999237060547,17.740747451782227,150.47898864746094,131.14645385742188,274.82000732421875,203.72113037109375,40.097171783447266,79.5508041381836,4023.610107421875
2022-07-28,154.12057495117188,403.5,122.27999877929688,176.2078857421875,113.21609497070312,270.32000732421875,155.21690368652344,104.20414733886719,56.938838958740234,344.0627746582031,159.32090759277344,266.9333190917969,22.601999282836914,17.934207916259766,153.32911682128906,133.3256072998047,280.8999938964844,204.57290649414062,41.09809494018555,80.4803466796875,4072.429931640625
2022-07-29,159.17466735839844,410.1199951171875,134.9499969482422,185.97325134277344,115.2976303100586,271.5019836425781,155.50201416015625,104.70333099365234,57.03662872314453,345.3708801269531,157.71502685546875,271.11492919921875,22.489999771118164,18.112714767456055,153.43438720703125,125.08621978759766,297.1499938964844,205.30857849121094,41.82661056518555,84.20724487304688,4130.2900390625
2022-08-01,158.19515991210938,411.0899963378906,135.38999938964844,182.79318237304688,113.85044860839844,275.90447998046875,154.95852661132812,103.65957641601562,57.347713470458984,342.19818115234375,158.53775024414062,268.4785461425781,22.621000289916992,18.38994789123535,155.17955017089844,128.6791229248047,297.27667236328125,204.58261108398438,41.9818229675293,82.07884216308594,4118.6298828125
2022-08-02,156.7259521484375,409.9599914550781,134.16000366210938,172.14601135253906,114.11809539794922,271.2944030761719,154.07638549804688,102.04399871826172,56.56553649902344,340.70465087890625,158.79551696777344,265.3979187011719,22.142000198364258,18.474706649780273,153.89918518066406,127.82366180419922,300.586669921875,199.64613342285156,42.02616882324219,81.72264862060547,4091.18994140625
2022-08-03,162.72036743164062,424.5400085449219,139.52000427246094,171.54566955566406,117.04215240478516,276.4006652832031,155.56439208984375,103.114990234375,56.81441879272461,345.7027282714844,167.33059692382812,272.7856140136719,22.67300033569336,18.840694427490234,155.07431030273438,130.46209716796875,307.39666748046875,201.79493713378906,41.33564758300781,79.07298278808594,4155.169921875
2022-08-04,162.4069366455078,430.5899963378906,142.57000732421875,172.26797485351562,117.15118408203125,277.1224365234375,153.0695343017578,101.98046875,56.59220504760742,347.5965881347656,169.08517456054688,273.9251708984375,22.990999221801758,19.161802291870117,154.23240661621094,130.25498962402344,308.6333312988281,206.6249542236328,39.77408218383789,75.74571228027344,4151.93994140625
2022-08-05,162.18136596679688,433.42999267578125,140.8000030517578,173.90963745117188,116.43753051757812,279.39599609375,152.46360778808594,105.06639099121094,56.334434509277344,349.00225830078125,165.65530395507812,273.21051025390625,22.67799949645996,18.93642807006836,153.07479858398438,130.31797790527344,288.1700134277344,208.94796752929688,40.09400177001953,76.84031677246094,4145.18994140625
2022-08-08,161.7105712890625,434.3399963378906,139.41000366210938,174.30361938476562,116.2690200805664,281.452880859375,151.65281677246094,103.78662872314453,55.97001647949219,343.7796630859375,168.76797485351562,270.7093200683594,23.349000930786133,17.743738174438477,152.4609375,130.81329345703125,290.42333984375,206.4797821044922,40.42026138305664,77.27469635009766,4140.06005859375
2022-08-09,161.7595977783203,426.57000732421875,137.8300018310547,174.50997924804688,115.60489654541016,275.3541259765625,151.63494873046875,104.72146606445312,56.04113006591797,338.2933349609375,167.06292724609375,272.62139892578125,22.993999481201172,17.038692474365234,153.03094482421875,130.50711059570312,283.3333435058594,203.5178985595703,40.81936264038086,78.69941711425781,4122.47021484375
2022-08-10,165.99681091308594,438.3999938964844,142.69000244140625,178.90951538085938,118.6479263305664,281.1009826660156,152.07159423828125,107.45342254638672,56.574424743652344,344.9705505371094,176.78750610351562,279.2462158203125,24.410999298095703,18.04689598083496,154.29380798339844,131.7407989501953,294.3566589355469,205.29884338378906,40.904876708984375,79.44654083251953,4210.240234375
2022-08-11,165.2611541748047,434.8900146484375,140.63999938964844,181.98643493652344,117.79547119140625,280.2980651855469,148.92628479003906,109.04176330566406,56.19222640991211,342.2371826171875,175.94491577148438,277.1795349121094,24.270000457763672,17.892324447631836,153.5045166015625,130.80426025390625,286.6300048828125,204.67344665527344,41.29935836791992,81.7447738647461,4207.27001953125
2022-08-12,168.80201721191406,445.6700134277344,143.5500030517578,184.65054321289062,120.61052703857422,284.0873107910156,147.28675842285156,110.8479232788086,56.618865966796875,345.83941650390625,178.9287109375,281.9018859863281,24.93000030517578,18.65719985961914,155.51278686523438,132.07394409179688,300.0299987792969,204.91583251953125,42.06287384033203,82.45527648925781,4280.14990234375
2022-08-15,169.87107849121094,451.0199890136719,143.17999267578125,183.815673828125,121.00701141357422,283.8346862792969,147.99066162109375,111.14744567871094,57.32993698120117,351.3842468261719,179.31532287597656,283.408447265625,24.910999298095703,18.97930908203125,157.2228546142578,133.77587890625,309.32000732421875,209.8513641357422,42.18375015258789,80.98161315917969,4297.14013671875
2022-08-16,169.71417236328125,447.55999755859375,144.77999877929688,185.28842163085938,120.6303482055664,295.3555603027344,149.30938720703125,112.2093734741211,57.801021575927734,350.70086669921875,177.90771484375,282.6744689941406,24.569000244140625,18.826732635498047,158.13491821289062,135.00953674316406,306.5633239746094,210.5495147705078,44.337486267089844,80.22724151611328,4305.2001953125
2022-08-17,171.20501708984375,437.82000732421875,142.10000610351562,183.79689025878906,118.4992446899414,293.8939514160156,149.31829833984375,111.26543426513672,57.66769027709961,346.87420654296875,173.32789611816406,281.9293212890625,24.114999771118164,18.28423500061035,158.0471954345703,134.38821411132812,303.9966735839844,208.00901794433594,44.38520050048828,80.8763427734375,4274.0400390625
2022-08-18,170.81271362304688,439.0299987792969,142.3000030517578,185.1289825439453,119.11378479003906,293.39776611328125,148.59658813476562,110.40319061279297,57.969905853271484,348.8558349609375,173.1395721435547,280.81634521484375,24.517000198364258,18.721025466918945,158.205078125,134.86546325683594,302.8699951171875,208.7168731689453,44.242034912109375,82.78861999511719,4283.740234375
2022-08-19,168.2330780029297,425.05999755859375,138.22999572753906,183.48733520507812,116.1798095703125,289.8883056640625,150.85977172851562,107.67125701904297,57.925453186035156,345.84918212890625,166.49786376953125,276.9259948730469,24.115999221801758,17.799585342407227,158.00335693359375,134.8294219970703,296.6666564941406,206.36065673828125,43.589866638183594,82.52546691894531,4228.47998046875
2022-08-22,164.3588104248047,411.3500061035156,133.22000122070312,179.8851318359375,113.23590850830078,281.66943359375,150.33053588867188,105.89231872558594,57.06328582763672,337.2878723144531,161.63064575195312,268.7967224121094,22.65399932861328,16.986845016479492,156.4949951171875,134.46925354003906,289.913330078125,202.27842712402344,42.81046676635742,82.46405029296875,4137.990234375
2022-08-23,164.02529907226562,410.4100036621094,133.6199951171875,184.99765014648438,112.8592529296875,276.8787841796875,149.0209503173828,104.84854888916016,57.12549591064453,332.7778015136719,159.70753479003906,267.5289001464844,22.454999923706055,17.133432388305664,156.4248046875,131.87583923339844,296.4533386230469,200.52337646484375,42.6291389465332,85.96401977539062,4128.72998046875
2022-08-24,164.319580078125,405.6499938964844,133.8000030517578,182.13653564453125,112.69075012207031,277.970458984375,148.52752685546875,105.1026840209961,57.205501556396484,331.6258850097656,161.8387908935547,266.8999328613281,22.961000442504883,17.17431640625,157.20530700683594,131.30856323242188,297.0966796875,200.3973388671875,42.93771743774414,86.47280883789062,4140.77001953125
2022-08-25,166.7716522216797,403.92999267578125,137.27999877929688,186.56422424316406,115.62472534179688,279.47711181640625,149.9179229736328,107.59864044189453,57.48102951049805,336.4678955078125,167.31076049804688,269.8612976074219,23.398000717163086,17.86341094970703,157.214111328125,131.2005157470703,296.07000732421875,203.4517059326172,43.22404098510742,86.9201431274414,4199.1201171875
2022-08-26,160.4844970703125,381.0199890136719,130.75,180.03524780273438,109.37019348144531,268.939697265625,147.3524627685547,104.07708740234375,56.09445571899414,324.0603332519531,160.37167358398438,259.4482116699219,22.327999114990234,16.214982986450195,153.5045166015625,128.1298065185547,288.0899963378906,196.7320098876953,41.86562728881836,85.84999084472656,4057.659912109375
2022-08-29,158.2874298095703,375.260009765625,129.7899932861328,179.90390014648438,108.45826721191406,267.3338623046875,146.2132568359375,103.82294464111328,55.756690979003906,321.512451171875,157.784423828125,256.68035888671875,22.457000732421875,15.757253646850586,153.02220153808594,127.58954620361328,284.82000732421875,196.1890106201172,42.27281951904297,87.82366180419922,4030.610107421875
2022-08-30,155.86477661132812,375.07000732421875,128.72999572753906,175.3636016845703,107.98249053955078,264.4287414550781,145.70196533203125,103.84107971191406,55.241172790527344,320.009033203125,155.7919158935547,254.4931640625,22.065000534057617,15.425176620483398,151.70677185058594,126.22979736328125,277.70001220703125,195.26785278320312,42.145572662353516,84.4815673828125,3986.159912109375
2022-08-31,154.2071533203125,373.44000244140625,126.7699966430664,173.27174377441406,107.2688217163086,261.90435791015625,144.72422790527344,103.22392272949219,54.850093841552734,316.6510009765625,161.51165771484375,253.04151916503906,22.356000900268555,15.05221176147461,151.07533264160156,124.21273040771484,275.6099853515625,192.67889404296875,42.1678466796875,83.85002136230469,3955.0
2022-09-01,154.93296813964844,370.5299987792969,127.81999969482422,171.14227294921875,108.77546691894531,266.3993225097656,148.31227111816406,103.93185424804688,55.107845306396484,317.5100402832031,163.9205322265625,252.00599670410156,23.003999710083008,13.898416519165039,152.60269165039062,125.7435531616211,277.1600036621094,194.0557861328125,42.781837463378906,82.34126281738281,3966.85009765625
2022-09-02,152.82415771484375,368.1400146484375,127.51000213623047,169.6319580078125,106.90206909179688,265.06439208984375,145.98001098632812,103.20574951171875,54.35233688354492,314.88397216796875,158.92442321777344,247.805908203125,22.611000061035156,13.609217643737793,150.6692352294922,123.51034545898438,270.2099914550781,191.7576904296875,42.310997009277344,83.85002136230469,3924.260009765625
2022-09-06,151.56871032714844,368.29998779296875,126.11000061035156,169.47251892089844,105.87120819091797,262.9214172363281,146.3747100830078,103.23297882080078,54.379005432128906,316.3677978515625,157.15988159179688,245.08653259277344,21.839000701904297,13.42772102355957,149.65390014648438,122.13258361816406,274.4200134277344,192.61099243164062,42.101043701171875,83.28861999511719,3908.18994140625
2022-09-07,152.9713134765625,379.7200012207031,129.47999572753906,169.66012573242188,108.4880142211914,270.1224060058594,147.17308044433594,105.1934585571289,55.383384704589844,320.7998352050781,158.99378967285156,249.77047729492188,22.895999908447266,13.680096626281738,152.95584106445312,123.97859191894531,283.70001220703125,194.33700561523438,43.182674407958984,82.57807922363281,3979.8701171875
2022-09-08,151.5000457763672,383.6300048828125,129.82000732421875,171.8082733154297,107.42741394042969,272.3290100097656,148.3571319580078,107.64402770996094,55.214508056640625,322.2153015136719,160.64923095703125,250.1865997314453,22.743999481201172,13.955412864685059,152.44375610351562,124.14067077636719,289.260009765625,194.6182098388672,43.40217971801758,83.2535171508789,4006.179931640625
2022-09-09,154.3542938232422,394.7799987792969,133.27000427246094,177.7556915283203,109.6774673461914,272.2109375,148.64414978027344,108.161376953125,55.392269134521484,327.85772705078125,167.67752075195312,255.9351806640625,23.35700035095215,14.351431846618652,152.9293212890625,126.03169250488281,299.67999267578125,198.97190856933594,43.53261947631836,84.64824676513672,4067.360107421875
2022-09-12,160.2981414794922,396.3599853515625,136.4499969482422,180.4855194091797,109.88562774658203,270.1859436035156,148.58135986328125,109.44113159179688,55.55226135253906,330.36651611328125,167.4891815185547,258.0545654296875,23.652999877929688,14.46914005279541,153.5296630859375,127.05829620361328,304.4200134277344,200.35850524902344,43.92390823364258,85.62191009521484,4110.41015625
2022-09-13,150.8919219970703,368.3900146484375,126.81999969482422,172.8964385986328,103.40312194824219,252.3787078857422,144.71524047851562,105.63817596435547,53.747928619384766,317.6954345703125,151.7969970703125,243.86712646484375,21.812999725341797,13.098535537719727,147.79991149902344,124.42884063720703,292.1300048828125,193.6097869873047,43.01724624633789,83.62194061279297,3932.68994140625
2022-09-14,152.33372497558594,371.5199890136719,128.5500030517578,173.2154083251953,104.07711791992188,250.93496704101562,147.7023162841797,105.39311981201172,54.032352447509766,318.0957336425781,150.1514434814453,244.08970642089844,22.41200065612793,13.095545768737793,148.92111206054688,124.72599792480469,302.6099853515625,193.35765075683594,42.92181396484375,85.6745376586914,3946.010009765625
2022-09-15,149.4500732421875,309.1300048828125,126.27999877929688,171.189208984375,102.00550079345703,246.576171875,148.07904052734375,106.9814682006836,53.29819107055664,309.4172668457031,148.24815368652344,237.4701690673828,23.538000106811523,12.897037506103516,146.44912719726562,123.76249694824219,303.75,189.44027709960938,42.46051788330078,83.18334197998047,3901.35009765625
2022-09-16,147.81207275390625,299.5,123.52999877929688,168.35621643066406,101.89647674560547,250.59896850585938,150.33953857421875,106.26444244384766,53.3071403503418,307.63079833984375,145.0165252685547,236.85079956054688,24.01300048828125,13.16537094116211,147.41146850585938,124.51887512207031,303.3500061035156,187.43310546875,42.37144470214844,81.76231384277344,3873.330078125
2022-09-19,151.51963806152344,296.05999755859375,124.66000366210938,170.83273315429688,102.1640853881836,254.6398162841797,149.15542602539062,107.24467468261719,53.71003723144531,306.5570068359375,146.73146057128906,236.63790893554688,24.363000869750977,13.348916053771973,148.9652862548828,124.25775146484375,309.07000732421875,187.26824951171875,42.73411178588867,81.7535171508789,3899.889892578125
2022-09-20,153.8932647705078,291.05999755859375,122.19000244140625,166.9678497314453,100.25104522705078,248.96446228027344,147.9803466796875,105.12992858886719,53.62947082519531,305.81512451171875,144.81825256347656,234.63461303710938,24.28499984741211,13.143424034118652,149.1330108642578,123.81651306152344,308.7300109863281,186.2404022216797,42.485965728759766,81.08689880371094,3855.929931640625
2022-09-21,150.7742156982422,286.29998779296875,118.54000091552734,161.30186462402344,98.40740203857422,246.60342407226562,146.4644012451172,102.09845733642578,53.18180847167969,297.2537841796875,140.8828125,231.24742126464844,23.687000274658203,13.228214263916016,148.7092742919922,122.22264099121094,300.79998779296875,181.34368896484375,42.874088287353516,79.77986907958984,3789.929931640625
2022-09-22,149.81298828125,287.05999755859375,117.30999755859375,159.98858642578125,99.25984191894531,244.3968505859375,149.0657501220703,100.93670654296875,53.056461334228516,291.2598571777344,141.57675170898438,233.21197509765625,23.704999923706055,12.529945373535156,148.8505401611328,122.65489196777344,288.5899963378906,180.15097045898438,42.43507766723633,79.44654083251953,3757.989990234375
2022-09-23,147.54727172851562,284.55999755859375,113.77999877929688,154.06932067871094,97.87215423583984,246.03138732910156,149.55018615722656,99.05790710449219,52.465545654296875,286.5936279296875,139.1876983642578,230.25064086914062,22.641000747680664,12.48505687713623,148.77987670898438,122.08759307861328,275.3299865722656,178.37657165527344,41.375701904296875,75.218505859375,3693.22998046875
2022-09-26,147.88075256347656,276.9599914550781,115.1500015258789,152.54965209960938,97.30715942382812,242.07217407226562,148.6352081298828,96.92499542236328,51.81196212768555,283.2061767578125,135.18287658691406,229.79580688476562,22.406999588012695,12.197768211364746,148.7180633544922,122.20466613769531,276.010009765625,175.10885620117188,41.77336883544922,73.6659164428711,3655.0400390625
2022-09-27,148.8517608642578,277.57000732421875,114.41000366210938,152.38082885742188,96.6430435180664,243.98822021484375,147.95347595214844,96.07183837890625,50.47795486450195,279.66259765625,133.2300262451172,228.789306640625,22.43600082397461,12.382312774658203,146.5638885498047,118.8458480834961,282.94000244140625,172.471435546875,41.65884780883789,75.20974731445312,3647.2900390625
2022-09-28,146.96859741210938,281.3999938964844,118.01000213623047,157.37135314941406,99.1706314086914,256.2471618652344,149.2272186279297,98.01415252685547,51.015132904052734,283.2745666503906,140.3772735595703,233.29913330078125,24.520000457763672,12.704514503479004,148.9123077392578,118.8458480834961,287.80999755859375,173.7416534423828,42.34599304199219,77.94656372070312,3719.0400390625
2022-09-29,139.74960327148438,278.25,114.80000305175781,155.6265411376953,96.5637435913086,252.74200439453125,147.585693359375,96.35321044921875,50.6480598449707,279.94573974609375,135.22254943847656,229.8441619873047,23.97100067138672,12.189790725708008,147.09361267089844,115.89225769042969,268.2099914550781,174.59494018554688,42.07240295410156,77.78868103027344,3640.469970703125
2022-09-30,135.55162048339844,275.20001220703125,113.0,153.9192657470703,94.80931091308594,250.57176208496094,146.53616333007812,94.8465576171875,50.1556282043457,277.57354736328125,134.49888610839844,225.39247131347656,23.54400062561035,12.108990669250488,144.1360321044922,113.68607330322266,265.25,172.25811767578125,41.26118087768555,76.5869140625,3585.6201171875
2022-10-03,139.72019958496094,285.239990234375,115.87999725341797,160.62646484375,97.77302551269531,257.61834716796875,146.3926239013672,97.7781753540039,50.71968078613281,283.5673828125,137.40338134765625,232.97975158691406,23.90399932861328,12.481066703796387,145.8929443359375,115.72115325927734,242.39999389648438,176.13668823242188,42.16148376464844,80.63074493408203,3678.429931640625
2022-10-04,143.30026245117188,294.9700012207031,121.08999633789062,168.50628662109375,100.74665832519531,262.93963623046875,148.5634307861328,102.35258483886719,50.83607864379883,294.1006164550781,139.05882263183594,240.85739135742188,24.073999404907227,13.134448051452637,147.5350341796875,117.15294647216797,249.44000244140625,180.01528930664062,42.708656311035156,83.56930541992188,3790.929931640625
2022-10-05,143.594482421875,297.3800048828125,120.94999694824219,167.3336944580078,100.53850555419922,263.20294189453125,148.1059112548828,101.08885955810547,50.352603912353516,296.9609680175781,137.77012634277344,241.16705322265625,23.67300033569336,13.17634391784668,146.55508422851562,116.3425064086914,240.80999755859375,181.97396850585938,42.28554916381836,86.94648742675781,3783.280029296875
2022-10-06,142.64305114746094,298.4100036621094,120.30000305175781,167.73709106445312,100.5285873413086,263.69329833984375,145.23550415039062,99.02845001220703,49.26926803588867,292.58050537109375,137.859375,238.83474731445312,24.00200080871582,13.097537994384766,143.7299041748047,113.89319610595703,238.1300048828125,179.95709228515625,41.89107131958008,89.525390625,3744.52001953125
2022-10-07,137.40541076660156,288.7699890136719,114.55999755859375,166.5550994873047,97.81268310546875,258.1813049316406,143.70162963867188,97.05044555664062,48.8036994934082,288.4151306152344,132.28826904296875,226.68930053710938,22.475000381469727,12.046143531799316,142.67930603027344,111.90310668945312,223.07000732421875,178.25051879882812,40.89851379394531,88.62187957763672,3639.659912109375
2022-10-10,137.72906494140625,285.7200012207031,113.66999816894531,167.60574340820312,96.99988555908203,256.49237060546875,143.88998413085938,96.14385986328125,48.69626235961914,285.29608154296875,132.62533569335938,221.86013793945312,22.99799919128418,11.64114761352539,142.8647003173828,111.44387817382812,222.9600067138672,176.6505889892578,41.140289306640625,86.70085906982422,3612.389892578125
2022-10-11,136.31671142578125,284.8299865722656,112.20999908447266,168.61888122558594,96.32585144042969,256.8827819824219,145.97108459472656,93.36915588378906,48.77684783935547,279.693359375,127.42102813720703,218.14390563964844,21.429000854492188,11.557356834411621,143.54452514648438,111.86710357666016,216.5,173.702880859375,42.206024169921875,85.96401977539062,3588.840087890625
2022-10-12,135.68894958496094,286.1499938964844,112.9000015258789,168.38429260253906,96.7025146484375,254.7306671142578,145.9351806640625,94.880126953125,49.36775588989258,277.0826721191406,126.39009857177734,218.47296142578125,22.086999893188477,11.47157096862793,149.5479736328125,112.04718780517578,217.24000549316406,172.8302001953125,41.728824615478516,86.3412094116211,3577.030029296875
2022-10-13,140.24986267089844,294.739990234375,112.52999877929688,171.7989501953125,98.1893310546875,256.8282470703125,148.141845703125,100.15481567382812,50.02132797241211,287.42755126953125,129.1558074951172,226.68930053710938,23.250999450683594,11.93043327331543,154.15650939941406,113.74009704589844,221.72000122070312,179.05532836914062,42.081947326660156,89.35872650146484,3669.909912109375
2022-10-14,135.72817993164062,287.94000244140625,106.9000015258789,167.1554718017578,95.7113037109375,251.01666259765625,147.52288818359375,101.82145690917969,49.22450256347656,282.2747497558594,125.65654754638672,221.1923828125,23.0,11.199243545532227,150.25425720214844,112.63251495361328,204.99000549316406,177.07720947265625,41.493408203125,87.00785827636719,3583.070068359375
2022-10-17,139.6809539794922,293.5,113.79000091552734,169.60385131835938,99.09132385253906,255.40264892578125,149.4335479736328,106.09796905517578,49.86018371582031,288.483642578125,132.87315368652344,229.87322998046875,24.510000228881836,11.858609199523926,152.49673461914062,114.6676025390625,219.35000610351562,179.6273956298828,41.792457580566406,88.26223754882812,3677.949951171875
2022-10-18,140.99526977539062,292.9800109863281,116.36000061035156,172.1835479736328,99.8843002319336,258.8532409667969,148.9132537841797,108.8268814086914,50.53166961669922,293.70489501953125,131.6439666748047,230.81195068359375,24.086000442504883,11.937417030334473,154.55381774902344,115.5950927734375,220.19000244140625,181.48915100097656,42.67366409301758,88.42013549804688,3719.97998046875
2022-10-19,141.1031494140625,299.8299865722656,115.06999969482422,172.99029541015625,98.75431823730469,250.16311645507812,147.7292022705078,106.6932144165039,50.10191345214844,291.1432189941406,132.07020568847656,228.85708618164062,27.238000869750977,12.02120590209961,153.0529327392578,116.66667175292969,222.0399932861328,180.7522430419922,42.55278396606445,91.04290771484375,3695.159912109375
2022-10-20,140.6421661376953,302.3800048828125,115.25,169.3599395751953,99.09132385253906,244.68743896484375,148.1059112548828,106.34522247314453,49.31403732299805,289.696044921875,130.38502502441406,228.53768920898438,26.81599998474121,12.16385269165039,151.37550354003906,115.16397857666016,207.27999877929688,181.5376434326172,42.65776062011719,91.16571807861328,3665.780029296875
2022-10-21,144.4477996826172,306.3699951171875,119.31999969482422,179.63449096679688,100.24113464355469,250.1994171142578,151.33522033691406,111.93128204345703,50.10191345214844,295.6507263183594,128.8782501220703,234.31524658203125,28.957000732421875,12.4351806640625,152.7880859375,116.60592651367188,214.44000244140625,184.592041015625,43.51988220214844,92.85868835449219,3752.75
2022-10-24,146.58602905273438,316.2200012207031,119.81999969482422,180.65438842773438,101.6189193725586,257.21881103515625,153.37139892578125,112.06864166259766,51.54337692260742,298.8089294433594,128.59075927734375,239.27993774414062,28.2450008392334,12.567851066589355,156.86688232421875,117.32234191894531,211.25,184.92173767089844,44.35020446777344,93.50780487060547,3797.340087890625
2022-10-25,149.42066955566406,323.7900085449219,120.5999984741211,183.99734497070312,103.56169128417969,263.5752258300781,153.12924194335938,112.36164855957031,52.77891540527344,304.48980712890625,136.31295776367188,242.57997131347656,29.101999282836914,13.228214263916016,157.38778686523438,118.67359161376953,222.4199981689453,188.4803009033203,44.5601692199707,92.87622833251953,3859.110107421875
2022-10-26,146.4879608154297,320.4800109863281,115.66000366210938,185.99942016601562,94.09562683105469,263.47528076171875,154.47474670410156,113.65286254882812,53.172847747802734,312.4098205566406,128.6898956298828,223.8634033203125,29.86199951171875,12.864119529724121,158.09408569335938,119.50790405273438,224.63999938964844,197.15867614746094,44.90056228637695,93.98148345947266,3830.60009765625
2022-10-27,142.02513122558594,318.6499938964844,110.95999908447266,200.33465576171875,91.40945434570312,264.3016052246094,154.56443786621094,114.10157012939453,53.29819107055664,312.2729187011719,97.08740997314453,219.44070434570312,29.694000244140625,13.143424034118652,157.9263153076172,119.59860229492188,225.08999633789062,198.08953857421875,44.770137786865234,94.34112548828125,3807.300048828125
2022-10-28,152.75550842285156,325.67999267578125,103.41000366210938,207.13400268554688,95.44367218017578,271.19384765625,156.8607940673828,115.45687866210938,54.39942932128906,322.14849853515625,98.33645629882812,228.26673889160156,29.57200050354004,13.799798011779785,160.88392639160156,122.6275634765625,228.52000427246094,202.98626708984375,45.336395263671875,97.10425567626953,3901.06005859375
2022-10-31,150.4014892578125,318.5,102.44000244140625,204.41424560546875,93.67932891845703,268.90557861328125,156.053466796875,115.27371215820312,53.584693908691406,320.8871765136719,92.34903717041016,224.64727783203125,29.187999725341797,13.463631629943848,160.31005859375,122.12879180908203,227.5399932861328,200.87245178222656,45.27912902832031,97.20074462890625,3871.97998046875
2022-11-01,147.7630157470703,316.0199890136719,96.79000091552734,206.34075927734375,89.6748275756836,268.84197998046875,155.26412963867188,117.35246276855469,53.39668273925781,325.78582763671875,94.37126159667969,220.81492614746094,28.674999237060547,13.50951862335205,159.5861053466797,122.31924438476562,227.82000732421875,200.64939880371094,45.075531005859375,98.16564178466797,3856.10009765625
2022-11-02,142.25074768066406,301.2200012207031,92.12000274658203,202.6011199951172,86.20559692382812,262.1859130859375,152.87806701660156,116.27188873291016,52.653564453125,312.712890625,89.75183868408203,213.00511169433594,27.299999237060547,13.186320304870605,157.361328125,120.55987548828125,214.97999572753906,194.8509063720703,44.7765007019043,96.14812469482422,3759.68994140625
2022-11-03,136.21859741210938,285.92999267578125,89.30000305175781,207.05850219726562,82.69670867919922,255.62059020996094,153.13821411132812,116.48250579833984,52.626708984375,302.29962158203125,88.13603210449219,207.34365844726562,26.9060001373291,13.38782024383545,156.95518493652344,119.73464965820312,215.30999755859375,188.83908081054688,44.7669563293457,97.45513153076172,3719.889892578125
2022-11-04,135.953369140625,285.75,90.9800033569336,215.17044067382812,85.81902313232422,257.9179382324219,153.81991577148438,119.66929626464844,53.056461334228516,311.2951354980469,89.9996566772461,214.25350952148438,26.07900047302246,14.121003150939941,157.8380584716797,121.92021942138672,207.47000122070312,191.00140380859375,44.84648132324219,98.51652526855469,3770.550048828125
2022-11-07,136.48385620117188,299.5400085449219,90.52999877929688,215.88815307617188,87.71223449707031,263.58428955078125,155.1654510498047,120.30113220214844,53.262386322021484,317.9049377441406,95.87803649902344,220.5246124267578,25.860000610351562,14.265644073486328,159.10055541992188,123.78837585449219,197.0800018310547,194.02671813964844,45.31731033325195,99.68318176269531,3806.800048828125
2022-11-08,137.05369567871094,302.1700134277344,89.9800033569336,217.0213623046875,88.11863708496094,264.37432861328125,155.93685913085938,120.37443542480469,53.360862731933594,318.5111083984375,95.6302261352539,221.4923858642578,26.34600067138672,14.565899848937988,159.54200744628906,124.06949615478516,191.3000030517578,195.6557159423828,45.425472259521484,99.99896240234375,3828.110107421875
2022-11-09,132.5048828125,298.8699951171875,86.13999938964844,212.98899841308594,86.55252075195312,260.387939453125,154.69004821777344,118.80850982666016,52.61775588989258,308.6258544921875,100.58670043945312,217.27293395996094,25.465999603271484,13.741944313049316,157.63499450683594,123.77021026611328,177.58999633789062,188.46426391601562,44.369293212890625,95.52532958984375,3748.570068359375
2022-11-10,144.2944793701172,329.95001220703125,96.62999725341797,219.51443481445312,93.11434173583984,283.0441589355469,156.5019989013672,123.6985855102539,54.50687789916992,329.7751159667969,110.89616394042969,235.1475372314453,27.496999740600586,15.711061477661133,160.4159698486328,128.0325164794922,190.72000122070312,199.7762451171875,45.2886848449707,96.9288101196289,3956.3701171875
2022-11-11,147.07479858398438,341.1499938964844,100.79000091552734,223.32962036132812,95.5626220703125,285.9862365722656,151.81956481933594,123.90003967285156,54.900814056396484,331.750244140625,112.0361557006836,239.14437866210938,29.01300048828125,16.28663444519043,157.19357299804688,127.84208679199219,195.97000122070312,199.22227478027344,45.35866165161133,99.95510864257812,3992.929931640625
2022-11-14,145.67971801757812,340.3699951171875,98.48999786376953,223.3390655517578,94.8588638305664,278.7035827636719,154.20567321777344,122.62712860107422,54.37257385253906,331.8284912109375,113.22570037841797,233.7636260986328,29.927000045776367,16.254714965820312,156.02818298339844,127.85116577148438,190.9499969482422,201.0298614501953,44.02571105957031,100.24690246582031,3957.25
2022-11-15,147.4088897705078,345.9599914550781,98.94000244140625,221.5353546142578,97.57478332519531,283.25299072265625,154.63619995117188,121.73886108398438,54.283042907714844,335.87646484375,116.06080627441406,234.1700897216797,31.020000457763672,16.624794006347656,156.4342803955078,127.40676879882812,194.4199981689453,204.07162475585938,46.90476608276367,100.91893005371094,3991.72998046875
2022-11-16,146.1807861328125,338.4100036621094,97.12000274658203,219.4861297607422,97.9811782836914,285.95904541015625,155.5960235595703,121.9037094116211,54.18455505371094,335.14324951171875,112.24430847167969,234.5970916748047,30.601999282836914,15.87066650390625,157.44076538085938,128.54039001464844,186.9199981689453,204.21742248535156,47.24198532104492,99.84015655517578,3958.7900390625
2022-11-17,148.07693481445312,337.8299865722656,94.8499984741211,217.6162872314453,97.4954833984375,282.8080749511719,156.85183715820312,121.37255859375,54.35467529296875,333.68621826171875,110.47981262207031,234.54856872558594,29.527999877929688,15.6382417678833,158.94163513183594,127.75140380859375,183.1699981689453,205.04347229003906,47.08291244506836,99.9727783203125,3946.56005859375
2022-11-18,148.636962890625,330.8599853515625,94.13999938964844,218.55120849609375,96.57364654541016,284.3880920410156,158.0538330078125,122.56302642822266,54.73965835571289,336.05242919921875,111.07459259033203,234.1021728515625,28.79800033569336,15.370904922485352,160.08935546875,129.29306030273438,180.19000244140625,204.8588409423828,47.79235076904297,99.10621643066406,3965.340087890625
2022-11-21,145.41444396972656,321.489990234375,92.45999908447266,219.25003051757812,94.75973510742188,287.65716552734375,158.8663787841797,121.839599609375,55.58125305175781,330.73333740234375,108.90364837646484,234.90768432617188,28.5049991607666,15.279130935668945,163.17054748535156,130.93455505371094,167.8699951171875,200.5050811767578,48.08502197265625,98.12471008300781,3949.93994140625
2022-11-22,147.54640197753906,330.8800048828125,93.19999694824219,224.05674743652344,96.19700622558594,295.0124816894531,159.6337432861328,123.66195678710938,55.82298278808594,337.2942199707031,110.46990966796875,237.79974365234375,28.66900062561035,15.998350143432617,163.18821716308594,132.05905151367188,169.91000366210938,204.402099609375,48.25680923461914,100.96314239501953,4003.580078125
2022-11-23,148.4207763671875,335.7799987792969,94.12999725341797,223.7357177734375,97.5946044921875,291.9522705078125,159.80528259277344,124.98058319091797,56.07367706298828,340.8924865722656,111.26294708251953,240.27450561523438,29.149999618530273,16.478160858154297,163.4001007080078,132.81175231933594,183.1999969482422,205.7626190185547,48.489044189453125,100.45911407470703,4027.260009765625
2022-11-25,145.51271057128906,334.29998779296875,93.41000366210938,222.5835723876953,96.60340118408203,296.37457275390625,160.01290893554688,125.21869659423828,56.12739944458008,343.483642578125,110.44017028808594,240.18714904785156,28.554000854492188,16.22977638244629,162.54368591308594,133.05661010742188,182.86000061035156,207.7645263671875,48.69583511352539,100.10542297363281,4026.1201171875
2022-11-28,141.69091796875,328.9700012207031,93.94999694824219,219.37278747558594,95.2057876586914,289.60040283203125,160.0941619873047,123.03007507324219,56.13634490966797,336.93243408203125,107.83305358886719,234.62623596191406,28.117000579833984,15.787869453430176,162.34947204589844,132.94778442382812,182.9199981689453,205.30581665039062,48.83580017089844,97.09899139404297,3963.93994140625
2022-11-29,138.69442749023438,326.7799987792969,92.41999816894531,222.0358428955078,94.35335540771484,286.9125061035156,158.9746856689453,125.05387878417969,55.93937301635742,335.5048828125,108.50714111328125,233.23843383789062,28.09600067138672,15.600335121154785,161.20176696777344,131.93209838867188,180.8300018310547,203.1678466796875,48.66402053833008,97.7444839477539,3957.6298828125
2022-11-30,145.43409729003906,344.92999267578125,96.54000091552734,223.25408935546875,100.10237121582031,295.9841613769531,160.6990203857422,126.537353515625,57.35499572753906,348.48004150390625,117.07191467285156,247.61141967773438,30.55299949645996,16.885482788085938,163.7797088623047,135.26937866210938,194.6999969482422,210.88409423828125,48.489044189453125,98.45188903808594,4080.110107421875
2022-12-01,145.7091827392578,344.1099853515625,95.5,222.57415771484375,100.10237121582031,298.7979431152344,161.36712646484375,124.76082611083984,57.51729202270508,352.78228759765625,119.39155578613281,247.1746826171875,31.69499969482422,17.097009658813477,165.1477813720703,135.35098266601562,194.6999969482422,210.88409423828125,48.79126739501953,97.9743881225586,4076.570068359375
2022-12-02,145.2179718017578,341.5299987792969,94.12999725341797,222.9896697998047,99.55721282958984,299.63836669921875,161.49351501464844,123.7718276977539,58.022220611572266,352.0587463378906,122.41499328613281,247.4949951171875,32.04100036621094,16.83858299255371,164.96124267578125,136.58438110351562,194.86000061035156,211.52548217773438,48.74354553222656,97.1432113647461,4071.699951171875
2022-12-05,144.0586700439453,334.0899963378906,91.01000213623047,219.6277618408203,98.60565185546875,292.4121398925781,161.40322875976562,120.30113220214844,57.228763580322266,348.1769714355469,121.36422729492188,242.8171844482422,31.259000778198242,16.573177337646484,162.67813110351562,135.20591735839844,182.4499969482422,207.65760803222656,48.24407958984375,94.48161315917969,3998.840087890625
2022-12-06,140.4038848876953,331.1499938964844,88.25,215.58592224121094,96.12762451171875,290.00946044921875,158.9837188720703,120.50261688232422,57.20170211791992,339.80712890625,113.1265640258789,237.88705444335938,30.555999755859375,15.951556205749512,161.35447692871094,135.37823486328125,179.82000732421875,203.1873016357422,47.684181213378906,91.85541534423828,3941.260009765625
2022-12-07,138.4684295654297,326.67999267578125,88.45999908447266,216.23753356933594,94.10554504394531,292.47607421875,159.94970703125,120.42020416259766,57.2918701171875,339.6996154785156,112.93822479248047,237.1592254638672,30.841999053955078,16.084259033203125,161.84303283691406,136.2488250732422,174.0399932861328,201.95309448242188,47.43604278564453,91.65203094482422,3933.919921875
2022-12-08,140.14840698242188,332.5799865722656,90.3499984741211,218.06959533691406,92.8863525390625,296.07550048828125,159.97682189941406,121.68391418457031,57.53532028198242,343.3662414550781,114.32604217529297,240.0998077392578,31.025999069213867,17.130935668945312,163.2644500732422,137.22824096679688,173.44000244140625,203.20675659179688,47.509490966796875,92.33290100097656,3963.510009765625
2022-12-09,139.66705322265625,330.6400146484375,89.08999633789062,214.64157104492188,92.01408386230469,292.7775573730469,158.65872192382812,121.02458953857422,56.93120574951172,341.0782775878906,114.89106750488281,238.1782684326172,32.000999450683594,16.963306427001953,162.6603546142578,136.865478515625,179.0500030517578,202.8179931640625,46.40142822265625,91.55477905273438,3934.3798828125
2022-12-12,141.9561767578125,338.1700134277344,90.55000305175781,220.09051513671875,92.48987579345703,299.6292419433594,160.55459594726562,122.9018783569336,57.67959976196289,350.2107238769531,113.7114486694336,245.0590362548828,31.51799964904785,17.496124267578125,163.4332275390625,138.27117919921875,167.82000732421875,208.54202270507812,47.26679992675781,93.80957794189453,3990.56005859375
2022-12-13,142.91900634765625,342.4599914550781,92.48999786376953,222.38525390625,94.78947448730469,304.11480712890625,161.79141235351562,122.7828369140625,57.6976318359375,349.21331787109375,119.10407257080078,249.33889770507812,32.034000396728516,18.031936645507812,163.3444061279297,138.06259155273438,160.9499969482422,207.0356903076172,47.097557067871094,94.8353271484375,4019.64990234375
2022-12-14,140.6986083984375,339.9200134277344,91.58000183105469,221.4314727783203,94.2343978881836,304.6081237792969,162.28797912597656,122.16925811767578,57.6976318359375,349.56536865234375,120.53153991699219,249.6300506591797,31.783000946044922,17.634815216064453,162.89132690429688,138.60670471191406,156.8000030517578,207.30780029296875,46.8357048034668,94.13677215576172,3995.320068359375
2022-12-15,134.10630798339844,328.7099914550781,88.44999694824219,217.82406616210938,90.06140899658203,299.28204345703125,160.2386016845703,119.13816833496094,56.904151916503906,338.5556640625,115.1388931274414,241.66226196289062,29.041000366210938,16.91441535949707,160.12850952148438,137.0377960205078,157.6699981689453,202.05027770996094,46.41739273071289,93.2348403930664,3895.75
2022-12-16,132.1511688232422,338.5400085449219,87.86000061035156,219.7694091796875,89.4666748046875,295.3903503417969,158.59555053710938,118.39639282226562,56.579559326171875,338.1546936035156,118.39035034179688,237.46974182128906,29.070999145507812,16.53426170349121,160.2084503173828,136.43019104003906,150.22999572753906,201.05899047851562,45.58394241333008,92.58049011230469,3852.360107421875
2022-12-19,130.0487060546875,328.760009765625,84.91999816894531,219.36331176757812,87.66267395019531,289.89990234375,158.4239959716797,119.10152435302734,56.66071319580078,333.6764831542969,113.48343658447266,233.3549041748047,28.829999923706055,16.21796417236328,161.09681701660156,136.3939208984375,149.8699951171875,199.04734802246094,45.599910736083984,92.99608612060547,3817.659912109375
2022-12-20,129.97996520996094,338.2200012207031,85.19000244140625,222.05474853515625,88.23756408691406,287.6250915527344,158.59555053710938,119.67845153808594,56.615631103515625,335.3289489746094,116.07072448730469,234.66505432128906,28.819000244140625,16.04933738708496,160.99911499023438,136.44834899902344,137.8000030517578,199.57212829589844,45.99906921386719,94.34014129638672,3821.6201171875
2022-12-21,133.07473754882812,341.3800048828125,86.7699966430664,228.27801513671875,88.79266357421875,291.75433349609375,160.41014099121094,121.02458953857422,57.52631759643555,338.0080261230469,118.71748352050781,237.21743774414062,29.79599952697754,16.464418411254883,162.12734985351562,137.69979858398438,137.57000732421875,200.9812774658203,46.35991287231445,95.55155944824219,3878.43994140625
2022-12-22,129.91119384765625,336.5199890136719,83.79000091552734,224.32119750976562,86.9886474609375,288.79443359375,159.82330322265625,119.65098571777344,57.111541748046875,333.9306945800781,116.10045623779297,231.1615447998047,29.774999618530273,15.304993629455566,160.87472534179688,138.0172119140625,125.3499984741211,199.2805938720703,45.817054748535156,93.6239013671875,3822.389892578125
2022-12-23,129.54766845703125,338.45001220703125,85.25,226.5215301513672,88.44573974609375,291.1788330078125,160.22959899902344,120.21873474121094,57.54434585571289,335.9645080566406,117.01244354248047,231.6856231689453,29.496000289916992,15.17228889465332,161.91412353515625,138.4071502685547,123.1500015258789,200.02886962890625,45.909664154052734,96.09980010986328,3844.820068359375
2022-12-27,127.74976348876953,335.0899963378906,83.04000091552734,229.60952758789062,86.62190246582031,291.9279479980469,160.18443298339844,120.6399917602539,57.89599609375,338.4675598144531,115.86254119873047,229.9678955078125,28.41699981689453,14.089693069458008,162.63368225097656,139.61334228515625,109.0999984741211,200.47592163085938,45.92243576049805,97.43501281738281,3829.25
2022-12-28,123.82974243164062,328.3299865722656,81.81999969482422,226.0587615966797,85.26394653320312,288.4381408691406,159.48931884765625,121.29931640625,57.318931579589844,334.3511962890625,114.61351013183594,227.6095733642578,27.687999725341797,14.004881858825684,161.4610595703125,137.8086395263672,112.70999908447266,199.2125701904297,45.11772918701172,95.83451080322266,3783.219970703125
2022-12-29,127.3371353149414,337.5799865722656,84.18000030517578,226.83314514160156,87.6725845336914,292.7135925292969,160.30181884765625,121.99526977539062,57.66156768798828,340.47198486328125,119.213134765625,233.89840698242188,29.11199951171875,14.570627212524414,161.66537475585938,138.3799591064453,121.81999969482422,202.19602966308594,45.392337799072266,96.55958557128906,3849.280029296875
2022-12-30,127.65151977539062,336.5299987792969,84.0,226.228759765625,87.45452880859375,288.5569152832031,159.4802703857422,122.8011474609375,57.35499572753906,340.002685546875,119.29242706298828,232.74351501464844,29.488000869750977,14.5816011428833,160.4927520751953,137.44590759277344,123.18000030517578,201.9044647216797,45.27738952636719,97.53226470947266,3839.5
2023-01-03,122.87673950195312,336.9200134277344,85.81999969482422,225.5866241455078,88.3366928100586,288.6026306152344,160.87059020996094,123.7352066040039,56.75989532470703,339.0933532714844,123.65412139892578,232.51055908203125,29.4950008392334,14.2832612991333,159.38229370117188,137.45497131347656,108.0999984741211,201.544921875,45.85538101196289,94.18096160888672,3824.139892578125
2023-01-04,124.14413452148438,341.4100036621094,85.13999938964844,227.9286346435547,87.30584716796875,292.0924377441406,162.62200927734375,124.88904571533203,56.73284149169922,347.2578125,126.26123809814453,222.3397979736328,30.94099998474121,14.716300964355469,158.9913787841797,138.05349731445312,113.63999938964844,206.61782836914062,45.906471252441406,94.45509338378906,3852.969970703125
2023-01-05,122.8276138305664,328.44000244140625,83.12000274658203,226.90872192382812,85.44237518310547,288.2005920410156,161.42129516601562,124.8613510131836,56.083648681640625,343.952880859375,125.83497619628906,215.75015258789062,30.969999313354492,14.233375549316406,157.3301544189453,136.33950805664062,110.33999633789062,205.1601104736328,45.749996185302734,96.56845092773438,3808.10009765625
2023-01-06,127.34696960449219,332.75,86.08000183105469,235.01126098632812,86.57235717773438,290.08258056640625,162.7303924560547,127.25064849853516,57.165645599365234,360.08306884765625,128.88815307617188,218.29286193847656,31.55500030517578,14.826057434082031,160.88360595703125,139.5861053466797,113.05999755859375,211.61293029785156,46.870826721191406,97.73564147949219,3895.080078125
2023-01-09,127.86766815185547,341.9800109863281,87.36000061035156,232.89590454101562,87.24636840820312,290.33831787109375,158.51425170898438,126.72480010986328,56.453330993652344,363.31494140625,128.34295654296875,220.41819763183594,31.517000198364258,15.593351364135742,159.3112030029297,137.88119506835938,119.7699966430664,212.43899536132812,46.286468505859375,95.91410064697266,3892.090087890625
2023-01-10,128.4375,338.70001220703125,89.87000274658203,236.5694122314453,87.64285278320312,292.91461181640625,158.1350555419922,127.8594970703125,56.02052688598633,363.3540954589844,131.83230590820312,222.09715270996094,32.75400161743164,15.873727798461914,157.99644470214844,137.74513244628906,118.8499984741211,214.85882568359375,46.257720947265625,97.3465805053711,3919.25
2023-01-11,131.1490936279297,342.92999267578125,95.08999633789062,236.77716064453125,90.71560668945312,300.56109619140625,157.88233947753906,128.8096923828125,55.912330627441406,370.0627746582031,131.733154296875,228.81298828125,32.72600173950195,15.965523719787598,158.1741180419922,136.62969970703125,123.22000122070312,215.84036254882812,46.663272857666016,98.47840118408203,3969.610107421875
2023-01-12,131.07052612304688,344.5400085449219,95.2699966430664,240.8756866455078,90.32902526855469,301.35589599609375,157.08778381347656,128.6805419921875,55.191001892089844,371.97259521484375,135.5199432373047,231.47210693359375,33.01300048828125,16.474393844604492,156.15750122070312,135.85885620117188,123.55999755859375,217.31747436523438,46.24176025390625,100.11426544189453,3983.169921875
2023-01-13,132.3968048095703,344.3800048828125,98.12000274658203,244.07701110839844,91.31034088134766,302.58001708984375,156.57322692871094,131.92776489257812,55.38935852050781,367.7710266113281,135.78756713867188,232.17086791992188,33.28200149536133,16.861534118652344,155.6777801513672,136.8292236328125,122.4000015258789,216.77328491210938,46.39503860473633,100.0523681640625,3999.090087890625
2023-01-17,133.55613708496094,344.3800048828125,96.05000305175781,241.9994659423828,90.48763275146484,299.2181091308594,155.60720825195312,129.88900756835938,55.614776611328125,367.26177978515625,134.1816864013672,233.25782775878906,32.62200164794922,17.662757873535156,156.40626525878906,136.43019104003906,131.49000549316406,216.71498107910156,46.11402893066406,99.85782623291016,3990.969970703125
2023-01-18,132.83892822265625,341.30999755859375,95.45999908447266,238.75088500976562,90.31912231445312,295.7100830078125,153.25994873046875,125.98681640625,53.92866134643555,361.3073425292969,131.86204528808594,228.85182189941406,32.632999420166016,17.338476181030273,152.46189880371094,132.7755126953125,128.77999877929688,213.27474975585938,44.97402572631836,97.8063735961914,3928.860107421875
2023-01-19,132.8978729248047,342.5299987792969,93.68000030517578,233.18112182617188,92.23216247558594,284.00738525390625,153.0522918701172,124.30785369873047,53.847511291503906,360.3475036621094,134.9647979736328,225.08627319335938,31.577999114990234,16.727828979492188,150.69403076171875,129.967529296875,127.16999816894531,214.1979522705078,44.332183837890625,98.4341812133789,3898.85009765625
2023-01-20,135.45228576660156,356.3800048828125,97.25,236.93858337402344,97.1584701538086,287.7712707519531,152.33908081054688,124.61229705810547,54.17211151123047,368.51544189453125,138.15675354003906,233.13169860839844,34.25,17.79945182800293,150.9161376953125,130.46942138671875,133.4199981689453,217.988037109375,44.878231048583984,100.22920989990234,3972.610107421875
2023-01-23,138.63543701171875,364.9800109863281,97.5199966430664,239.77560424804688,98.91290283203125,288.209716796875,151.9508819580078,126.63256072998047,54.30735778808594,370.7582092285156,142.02281188964844,235.4220428466797,35.742000579833984,19.150449752807617,150.24095153808594,128.71731567382812,143.75,217.86172485351562,45.54881286621094,99.70751190185547,4019.81005859375
2023-01-24,140.03057861328125,361.32000732421875,96.31999969482422,244.43447875976562,96.8412857055664,290.2287902832031,151.9508819580078,127.72112274169922,54.59589385986328,372.16839599609375,141.89395141601562,234.89796447753906,36.382999420166016,19.2222900390625,151.63571166992188,129.4199676513672,143.88999938964844,217.5798797607422,45.67015838623047,100.63597106933594,4016.949951171875
2023-01-25,139.372314453125,358.1700134277344,97.18000030517578,245.22206115722656,94.38308715820312,289.8359375,153.03424072265625,128.3391876220703,54.93852996826172,374.49932861328125,140.26820373535156,233.51016235351562,36.79600143432617,19.280160903930664,152.7372589111328,129.32870483398438,144.42999267578125,218.56141662597656,45.45302200317383,100.10542297363281,4016.219970703125
2023-01-26,141.4355010986328,365.82000732421875,99.22000122070312,248.7138671875,96.66287231445312,286.68414306640625,152.4744873046875,129.13255310058594,54.8303337097168,369.4555969238281,146.01771545410156,240.68209838867188,36.48699951171875,19.75809669494629,151.21815490722656,128.8085479736328,160.27000427246094,218.37677001953125,45.41150665283203,104.12873840332031,4060.429931640625
2023-01-27,143.37094116210938,370.7099914550781,102.23999786376953,251.0100555419922,98.49661254882812,289.3151550292969,151.878662109375,129.4462432861328,54.54179382324219,366.31182861328125,150.41909790039062,240.83738708496094,36.07699966430664,20.319849014282227,150.68515014648438,128.279296875,177.89999389648438,224.91708374023438,45.75957107543945,102.22760772705078,4070.56005859375
2023-01-30,140.4923095703125,363.4200134277344,100.55000305175781,248.1255645751953,96.08795928955078,287.0769348144531,146.2541961669922,128.3484344482422,54.677040100097656,363.46185302734375,145.7798309326172,235.5482177734375,35.31100082397461,19.119518280029297,150.56076049804688,128.6807861328125,166.66000366210938,222.64306640625,45.392337799072266,100.41490173339844,4017.77001953125
2023-01-31,141.75970458984375,370.3399963378906,103.12999725341797,239.3865966796875,97.97125244140625,296.1486511230469,147.53614807128906,129.11412048339844,55.29017639160156,362.95257568359375,147.67320251464844,240.4977264404297,35.38600158691406,19.493684768676758,151.92884826660156,129.9310302734375,173.22000122070312,223.7217254638672,45.941593170166016,102.58130645751953,4076.60009765625
2023-02-01,142.8796844482422,383.9200134277344,105.1500015258789,236.77723693847656,99.54729461669922,299.7297668457031,148.89035034179688,128.77276611328125,55.299198150634766,366.3608093261719,151.7870635986328,245.29193115234375,36.19900131225586,20.89657211303711,152.40858459472656,130.670166015625,181.41000366210938,224.39230346679688,46.19704818725586,101.45831298828125,4119.2099609375
2023-02-02,148.1751708984375,392.2300109863281,112.91000366210938,232.37457275390625,106.79303741455078,310.4183349609375,149.45013427734375,128.17315673828125,54.352447509765625,367.2029724121094,187.1267547607422,256.79229736328125,36.68899917602539,21.66086769104004,150.99606323242188,129.73936462402344,188.27000427246094,223.090087890625,45.86176300048828,98.28388977050781,4179.759765625
2023-02-03,151.79067993164062,379.3299865722656,103.38999938964844,235.08828735351562,103.85904693603516,302.8450012207031,148.6105194091797,130.1565399169922,53.94670104980469,366.1942443847656,184.90623474121094,250.72671508789062,36.59000015258789,21.0532169342041,150.24095153808594,130.1409149169922,189.97999572753906,223.64401245117188,45.25185012817383,98.9647445678711,4136.47998046875
2023-02-06,149.06919860839844,375.2300109863281,102.18000030517578,238.56109619140625,101.99559020996094,300.8077087402344,147.48199462890625,130.92222595214844,54.253265380859375,365.2736511230469,184.44033813476562,249.19329833984375,36.14799880981445,21.042245864868164,152.6395721435547,129.0366668701172,194.75999450683594,222.97348022460938,44.92293930053711,98.79674530029297,4111.080078125
2023-02-07,151.93801879882812,383.82000732421875,102.11000061035156,236.89111328125,106.69391632080078,297.0896301269531,147.5181121826172,132.5181427001953,54.1630973815918,367.320556640625,189.9519500732422,259.6649169921875,36.29499816894531,22.123842239379883,152.40858459472656,127.77734375,196.80999755859375,224.80050659179688,45.01873779296875,101.61748504638672,4164.0
2023-02-08,149.2559051513672,378.3599853515625,100.05000305175781,236.1415252685547,98.49661254882812,293.06072998046875,147.70770263671875,131.58641052246094,53.847511291503906,362.7077941894531,181.83322143554688,258.8594665527344,36.68299865722656,22.155771255493164,152.05325317382812,126.45413970947266,201.2899932861328,223.71206665039062,44.77604675292969,100.73322296142578,4117.85986328125
2023-02-09,148.22430419921875,375.80999755859375,98.23999786376953,233.6840057373047,94.1749267578125,288.2737121582031,145.71249389648438,129.53846740722656,53.757347106933594,362.7763366699219,176.37118530273438,255.84120178222656,36.25,22.287477493286133,153.49240112304688,125.06704711914062,207.32000732421875,223.3225555419922,45.191165924072266,101.11344146728516,4081.5
2023-02-10,148.58834838867188,370.989990234375,97.61000061035156,235.00289916992188,93.7387924194336,289.1781311035156,146.38958740234375,130.11041259765625,53.757347106933594,359.2603454589844,172.63400268554688,255.33657836914062,34.736000061035156,21.217853546142578,156.5305938720703,126.17124938964844,196.88999938964844,221.22903442382812,45.89369201660156,105.37552642822266,4090.4599609375
2023-02-13,151.38284301757812,375.0,99.54000091552734,235.45835876464844,93.77845001220703,295.56390380859375,146.9313201904297,131.52186584472656,54.64098358154297,363.1778259277344,177.8680419921875,263.31396484375,35.856998443603516,21.739696502685547,157.9253692626953,127.822998046875,194.63999938964844,222.86492919921875,46.593013763427734,104.96565246582031,4137.2900390625
2023-02-14,150.74325561523438,377.8999938964844,99.69999694824219,231.86215209960938,93.84782409667969,290.90478515625,146.29031372070312,132.10302734375,53.73029327392578,362.3257751464844,177.91758728027344,264.13897705078125,35.99599838256836,22.920074462890625,156.14859008789062,127.10208129882812,209.25,223.36151123046875,46.458900451660156,103.73599243164062,4136.1298828125
2023-02-15,152.83909606933594,375.94000244140625,101.16000366210938,235.980224609375,96.08795928955078,292.96942138671875,143.8798370361328,132.65652465820312,53.73029327392578,362.0123596191406,175.6177978515625,262.0276794433594,36.141998291015625,22.713531494140625,156.36184692382812,126.81005859375,214.24000549316406,222.9038543701172,46.80377197265625,103.42412567138672,4147.60009765625
2023-02-16,151.24505615234375,365.1600036621094,98.1500015258789,233.91171264648438,94.6705322265625,293.47186279296875,142.85964965820312,130.82998657226562,53.39667510986328,359.96551513671875,170.9388885498047,255.0518035888672,35.07099914550781,21.95322036743164,155.9176025390625,125.14917755126953,202.0399932861328,219.89503479003906,46.06932830810547,103.12116241455078,4090.409912109375
2023-02-17,150.1036834716797,356.8500061035156,97.19999694824219,235.11676025390625,93.5207290649414,290.46624755859375,145.8421630859375,131.21742248535156,54.208168029785156,353.6780090332031,171.37506103515625,251.0725555419922,34.79600143432617,21.340585708618164,156.60166931152344,127.76824951171875,208.30999755859375,217.68472290039062,46.76225662231445,99.156005859375,4079.090087890625
2023-02-21,146.0989532470703,346.70001220703125,94.58000183105469,228.39886474609375,90.98323822021484,269.9567565917969,143.66891479492188,128.8096923828125,53.91965103149414,348.61468505859375,170.58201599121094,245.82847595214844,33.75,20.609203338623047,156.51284790039062,127.67699432373047,197.3699951171875,214.82199096679688,47.04646301269531,99.05799102783203,3997.340087890625
2023-02-22,146.52206420898438,348.7200012207031,95.79000091552734,225.7230987548828,90.84447479248047,270.6876525878906,143.4688720703125,127.82260131835938,54.081947326660156,347.64508056640625,169.63038635253906,244.6998748779297,33.487998962402344,20.70798683166504,156.4595489501953,128.2154083251953,200.86000061035156,214.23776245117188,46.05974578857422,97.77486419677734,3991.050048828125
2023-02-23,147.004150390625,347.0199890136719,95.81999969482422,225.780029296875,90.09114074707031,273.4374694824219,143.4234161376953,128.84657287597656,54.18112564086914,348.193603515625,170.5423583984375,247.87164306640625,32.3650016784668,23.611536026000977,156.62832641601562,127.80474090576172,202.07000732421875,215.31858825683594,45.373191833496094,98.67481994628906,4012.320068359375
2023-02-24,144.35733032226562,320.5400085449219,93.5,224.09109497070312,88.34661102294922,271.0165100097656,141.82305908203125,130.00894165039062,53.955711364746094,345.83331298828125,168.90673828125,242.47186279296875,31.71500015258789,23.234378814697266,156.31739807128906,127.08381652832031,196.8800048828125,213.78013610839844,45.49453353881836,98.6837387084961,3970.0400390625
2023-02-27,145.5478973388672,322.32000732421875,93.76000213623047,227.7061767578125,89.08010864257812,270.4226989746094,141.51388549804688,131.1436309814453,53.937679290771484,348.1446228027344,168.0641326904297,243.386474609375,32.303001403808594,23.44889259338379,156.2729949951172,126.97431182861328,207.6300048828125,214.55909729003906,45.16562271118164,98.50553894042969,3982.239990234375
2023-02-28,145.04611206054688,323.95001220703125,94.2300033569336,227.29818725585938,89.2684326171875,270.906982421875,139.35885620117188,132.2413787841797,53.658164978027344,347.9585266113281,173.41714477539062,242.6664581298828,32.2130012512207,23.16452980041504,154.15866088867188,125.5324478149414,205.7100067138672,214.15985107421875,45.38596725463867,97.93526458740234,3970.14990234375
2023-03-01,142.97976684570312,323.3800048828125,92.16999816894531,235.95175170898438,89.5657958984375,265.6539611816406,138.7314453125,131.50341796875,53.072078704833984,346.2054138183594,171.9103546142578,239.601806640625,31.347999572753906,22.64767837524414,152.2042694091797,125.62373352050781,202.77000427246094,212.62135314941406,44.753700256347656,98.8084945678711,3951.389892578125
2023-03-02,143.57015991210938,333.5,92.12999725341797,239.28221130371094,91.1913833618164,267.691162109375,138.62234497070312,130.1381072998047,53.847511291503906,348.2327575683594,173.0106964111328,244.31069946289062,31.187999725341797,23.262311935424805,155.0125732421875,127.69520568847656,190.89999389648438,213.30299377441406,44.86545944213867,99.26292419433594,3981.35009765625
2023-03-03,148.6080780029297,344.0400085449219,94.9000015258789,242.25213623046875,92.82688903808594,272.65185546875,140.0499267578125,132.52737426757812,53.59504318237305,354.04034423828125,183.63735961914062,248.37753295898438,31.51799964904785,23.8370361328125,154.86053466796875,128.62606811523438,197.7899932861328,217.8892059326172,44.91974639892578,100.51929473876953,4045.639892578125
2023-03-06,151.36314392089844,347.0199890136719,93.75,240.9901580810547,94.29386138916016,272.4325866699219,141.45022583007812,131.7524871826172,54.42457962036133,359.3583068847656,183.29042053222656,249.91477966308594,31.202999114990234,23.501785278320312,155.17356872558594,128.07850646972656,193.80999755859375,220.79087829589844,44.913360595703125,101.41034698486328,4048.419921875
2023-03-07,149.16891479492188,344.79998779296875,93.55000305175781,233.55113220214844,93.0350341796875,265.5717468261719,140.11355590820312,127.8779525756836,54.10899353027344,352.5125732421875,182.90382385253906,247.26841735839844,30.847000122070312,23.24031639099121,154.4044189453125,125.5324478149414,187.7100067138672,217.3049774169922,44.466304779052734,99.45003509521484,3986.3701171875
2023-03-08,150.41851806640625,345.8399963378906,93.91999816894531,235.9991912841797,93.42161560058594,268.22186279296875,139.08607482910156,127.12149810791016,54.136043548583984,351.6213684082031,183.35983276367188,246.83058166503906,31.179000854492188,24.131486892700195,154.82481384277344,125.55072021484375,182.0,216.35072326660156,44.09907150268555,97.99763488769531,3992.010009765625
2023-03-09,148.17507934570312,338.3699951171875,92.25,228.63609313964844,91.5085678100586,265.01043701171875,137.52207946777344,120.23959350585938,53.61308288574219,347.12603759765625,180.1083526611328,245.4879608154297,29.777999877929688,23.38801383972168,153.65313720703125,124.62902069091797,172.9199981689453,214.22801208496094,43.802101135253906,97.24024963378906,3918.320068359375
2023-03-10,146.11863708496094,329.29998779296875,90.7300033569336,215.3995361328125,89.83342742919922,263.455322265625,137.85848999023438,123.29308319091797,53.38766098022461,339.9472961425781,177.9473419189453,241.8589630126953,29.275999069213867,22.917972564697266,153.8588409423828,125.19479370117188,173.44000244140625,210.45973205566406,43.73823928833008,96.03732299804688,3861.590087890625
2023-03-13,148.05706787109375,324.2699890136719,92.43000030517578,213.20767211914062,90.30921173095703,263.6485900878906,139.177001953125,121.07907104492188,53.92866134643555,337.596923828125,179.3252410888672,247.04464721679688,29.35099983215332,22.91897201538086,155.36141967773438,126.06173706054688,174.47999572753906,208.83363342285156,43.865962982177734,94.93240356445312,3855.760009765625
2023-03-14,150.14300537109375,333.3299865722656,94.87999725341797,214.1280975341797,93.1440658569336,262.7744445800781,139.95896911621094,124.18791961669922,54.12702560424805,345.53955078125,192.33103942871094,253.72866821289062,29.493999481201172,24.013729095458984,155.2003936767578,127.62223815917969,183.25999450683594,212.9134979248047,44.09907150268555,95.2888412475586,3919.2900390625
2023-03-15,150.53662109375,333.6099853515625,96.19999694824219,206.14820861816406,95.26525115966797,264.9828796386719,140.34999084472656,118.32076263427734,54.487693786621094,340.8973083496094,196.028564453125,258.2527770996094,30.378999710083008,24.178390502929688,157.97296142578125,129.4291229248047,180.4499969482422,210.68365478515625,44.5908317565918,90.54845428466797,3891.929931640625
2023-03-16,153.3507537841797,353.2900085449219,100.04000091552734,207.52407836914062,99.43826293945312,263.84185791015625,140.05902099609375,120.61781311035156,54.78752899169922,340.8189697265625,203.1460418701172,268.7214050292969,31.006000518798828,25.488704681396484,157.8656463623047,130.3964080810547,184.1300048828125,211.73529052734375,44.33753204345703,90.02273559570312,3960.280029296875
2023-03-17,152.51438903808594,358.1400146484375,98.94999694824219,204.01329040527344,100.72683715820312,265.3693542480469,138.5586700439453,116.06060791015625,54.53312683105469,342.4446716308594,193.90719604492188,271.8638916015625,30.350000381469727,25.67232322692871,156.6313934326172,130.43289184570312,180.1300048828125,211.67684936523438,44.6966552734375,88.96238708496094,3916.639892578125
2023-03-20,154.87586975097656,362.8800048828125,97.70999908447266,209.04220581054688,100.3303451538086,266.16986083984375,139.9317169189453,117.28756713867188,55.06010055541992,342.1117248535156,196.08802795410156,264.85888671875,30.51300048828125,25.846967697143555,158.83154296875,132.44058227539062,183.25,212.41688537597656,45.17760467529297,91.28803253173828,3951.570068359375
2023-03-21,156.7257537841797,374.2200012207031,100.61000061035156,213.41647338867188,103.99783325195312,266.3262939453125,139.9317169189453,120.43330383300781,54.80569839477539,347.25341796875,200.40017700195312,266.3668518066406,30.57900047302246,26.145357131958008,159.20718383789062,131.4823760986328,197.5800018310547,216.11703491210938,45.02369689941406,95.37794494628906,4002.8701171875
2023-03-22,155.2989959716797,361.7099914550781,98.69999694824219,208.7006378173828,102.46146392822266,260.0506591796875,137.3493194580078,117.32447814941406,54.56039047241211,343.7864074707031,198.0706329345703,264.9172668457031,29.389999389648438,26.413801193237305,157.8656463623047,131.40025329589844,191.14999389648438,214.25721740722656,44.7351188659668,93.19486236572266,3936.969970703125
2023-03-23,156.38134765625,369.0,98.70999908447266,208.2167510986328,104.6718521118164,261.2469177246094,137.42205810546875,117.01081848144531,54.4422607421875,347.0574645996094,202.50172424316406,270.1418762207031,32.0369987487793,27.135324478149414,157.096435546875,131.21771240234375,192.22000122070312,216.74021911621094,45.097442626953125,92.1434326171875,3948.719970703125
2023-03-24,157.68019104003906,374.9599914550781,98.12999725341797,205.91099548339844,104.51325225830078,260.4279479980469,138.80416870117188,115.2303695678711,55.33267593383789,344.3740539550781,204.2166748046875,272.97308349609375,32.8390007019043,26.724166870117188,160.17311096191406,133.89157104492188,190.41000366210938,215.23092651367188,45.46617889404297,92.25037384033203,3970.989990234375
2023-03-27,155.74180603027344,373.1499938964844,98.04000091552734,206.85037231445312,101.5594482421875,258.817626953125,139.39523315429688,118.532958984375,55.741539001464844,347.30230712890625,201.0742645263672,268.8965148925781,32.76599884033203,26.476675033569336,160.5308837890625,133.18885803222656,191.80999755859375,215.980712890625,46.22607421875,94.27303314208984,3977.530029296875
2023-03-28,155.12188720703125,373.3999938964844,97.23999786376953,208.89987182617188,100.14202880859375,258.4035949707031,138.0494842529297,118.8927230834961,55.80514144897461,347.0183410644531,198.9330596923828,267.7777099609375,32.35200119018555,26.355924606323242,160.4771728515625,133.5630645751953,189.19000244140625,214.53961181640625,46.0465202331543,95.4492416381836,3971.27001953125
2023-03-29,158.19186401367188,379.1600036621094,100.25,211.5946502685547,100.49886322021484,260.74078369140625,139.40431213378906,119.132568359375,56.204917907714844,352.1109924316406,203.56240844726562,272.9147033691406,33.202999114990234,26.928749084472656,161.58621215820312,133.97369384765625,193.8800048828125,217.43154907226562,46.24532699584961,97.08876037597656,4027.81005859375
2023-03-30,159.7563934326172,381.8999938964844,102.0,213.05587768554688,100.00325775146484,262.5811462402344,139.513427734375,118.77278900146484,56.19582748413086,351.8466491699219,206.03073120117188,276.3587951660156,33.84299850463867,27.326929092407227,161.72933959960938,134.55775451660156,195.27999877929688,216.51625061035156,46.70703887939453,97.5610122680664,4050.830078125
2023-03-31,162.25563049316406,385.3699951171875,103.29000091552734,217.13595581054688,102.81829071044922,271.56207275390625,140.94102478027344,120.21192169189453,56.35936737060547,355.9109191894531,210.09503173828125,280.4937438964844,34.54800033569336,27.720125198364258,163.04403686523438,135.68930053710938,207.4600067138672,219.5347900390625,47.277774810791016,97.71249389648438,4109.31005859375
2023-04-03,163.50521850585938,380.0799865722656,102.41000366210938,218.11328125,103.4427490234375,273.9637145996094,142.62319946289062,120.07355499267578,56.6955451965332,358.9078063964844,211.21519470214844,279.4526672363281,34.827999114990234,27.907737731933594,163.22293090820312,136.4375762939453,194.77000427246094,222.9817657470703,47.675357818603516,103.47757720947266,4124.509765625
2023-04-04,162.9739227294922,385.1499938964844,103.94999694824219,206.3284912109375,103.79959869384766,271.41485595703125,144.11447143554688,118.46836853027344,56.522918701171875,356.39080810546875,212.850830078125,279.404052734375,34.67499923706055,27.396787643432617,162.6416015625,137.09463500976562,192.5800018310547,221.677001953125,47.20722961425781,102.48851776123047,4100.60009765625
2023-04-05,161.13389587402344,382.0199890136719,101.0999984741211,202.60899353027344,103.55179595947266,265.626953125,150.5886688232422,118.64502716064453,57.058982849121094,356.8421325683594,209.63902282714844,276.64093017578125,34.23500061035156,26.825960159301758,164.2425079345703,138.0345916748047,185.52000427246094,222.17356872558594,47.98957824707031,104.24388122558594,4090.3798828125
2023-04-06,162.0194854736328,380.6000061035156,102.05999755859375,198.4719696044922,107.4670639038086,265.5717468261719,150.17039489746094,118.51486206054688,57.0953254699707,354.5663757324219,214.21881103515625,283.70440673828125,33.93299865722656,26.981639862060547,164.88644409179688,138.91067504882812,185.05999755859375,220.0508575439453,48.35190200805664,102.51526641845703,4105.02001953125
2023-04-10,159.43162536621094,376.25,102.16999816894531,204.50665283203125,105.50447082519531,267.9273986816406,149.41571044921875,118.90535736083984,56.95903396606445,353.2617492675781,212.8805694580078,281.5542907714844,33.89899826049805,27.522531509399414,163.84896850585938,137.76084899902344,184.50999450683594,220.47927856445312,48.258914947509766,102.0608139038086,4109.10986328125
2023-04-11,158.2213592529297,371.1099853515625,99.91999816894531,209.31739807128906,104.42404174804688,270.31988525390625,149.37020874023438,119.4910888671875,56.859092712402344,357.1755676269531,211.98841857910156,275.17181396484375,33.82099914550781,27.11336898803711,163.5985565185547,137.487060546875,186.7899932861328,222.44618225097656,48.117835998535156,102.78256225585938,4108.93994140625
2023-04-12,157.5325927734375,369.8900146484375,97.83000183105469,209.2225341796875,103.72027587890625,267.2557067871094,149.05197143554688,119.47249603271484,56.95903396606445,354.8704833984375,212.13710021972656,275.8139953613281,33.10300064086914,26.440752029418945,163.27659606933594,137.86122131347656,180.5399932861328,221.82302856445312,47.88376998901367,102.67565155029297,4091.949951171875
2023-04-13,162.90504455566406,378.79998779296875,102.4000015258789,210.33265686035156,106.48576354980469,268.8290710449219,151.0433349609375,119.92808532714844,57.37698745727539,362.59014892578125,218.43182373046875,281.9920349121094,34.61899948120117,26.408809661865234,164.9043731689453,138.5,185.89999389648438,226.57479858398438,47.93186950683594,103.15681457519531,4146.22021484375
2023-04-14,162.56065368652344,379.3800048828125,102.51000213623047,212.23983764648438,107.91310119628906,268.8659973144531,150.79779052734375,128.9838104248047,57.28612518310547,365.3170471191406,219.56190490722656,278.3923034667969,33.862998962402344,26.70320701599121,164.12620544433594,137.7973175048828,185.0,227.8697967529297,47.60801696777344,103.40630340576172,4137.64013671875
2023-04-17,162.580322265625,377.9200134277344,102.73999786376953,213.7200927734375,105.03858947753906,271.8197326660156,150.6432342529297,130.00653076171875,57.65864944458008,365.6407165527344,216.95480346679688,280.9802551269531,33.27199935913086,26.946712493896484,164.9669647216797,137.84295654296875,187.0399932861328,227.34402465820312,47.94148254394531,102.2033920288086,4151.31982421875
2023-04-18,163.80047607421875,377.54998779296875,102.30000305175781,213.68211364746094,103.5815200805664,275.0863037109375,146.40589904785156,131.4662322998047,57.749507904052734,365.2091369628906,215.9932403564453,280.5618591308594,33.369998931884766,27.610349655151367,165.30679321289062,137.9889678955078,184.30999755859375,227.46087646484375,48.047298431396484,104.1993408203125,4154.8701171875
2023-04-19,164.9418487548828,380.1099853515625,104.30000305175781,213.16026306152344,103.26434326171875,273.20916748046875,147.7880401611328,131.2989044189453,57.8585319519043,365.67999267578125,213.82229614257812,280.6397399902344,32.3120002746582,27.873809814453125,165.20843505859375,138.01634216308594,180.58999633789062,226.4579315185547,48.09859085083008,103.86964416503906,4154.52001953125
2023-04-20,163.97755432128906,380.260009765625,103.80999755859375,210.90196228027344,104.36457824707031,274.7366943359375,148.7427978515625,130.91770935058594,58.112937927246094,367.83795166015625,211.21519470214844,278.3630676269531,32.53499984741211,27.048503875732422,165.7539825439453,138.52232360839844,162.99000549316406,228.43460083007812,48.40640640258789,103.04096984863281,4129.7900390625
2023-04-21,162.3737335205078,377.6700134277344,106.95999908447266,210.13877868652344,104.4835433959961,276.0893859863281,147.93353271484375,130.6666717529297,58.1947135925293,368.0733947753906,211.03675842285156,278.02252197265625,32.79800033569336,27.06346893310547,165.82554626464844,143.3157501220703,165.0800018310547,227.89903259277344,48.650089263916016,103.37065887451172,4133.52001953125
2023-04-24,162.67874145507812,377.3399963378906,106.20999908447266,213.15342712402344,105.03858947753906,277.5616149902344,148.833740234375,130.84332275390625,58.10385513305664,367.5731201171875,210.93760681152344,274.14056396484375,32.902000427246094,26.986629486083984,165.906005859375,143.57284545898438,162.5500030517578,226.64292907714844,48.980342864990234,105.32205200195312,4137.0400390625
2023-04-25,161.14373779296875,369.5899963378906,102.56999969482422,208.57421875,102.9372329711914,272.6754455566406,150.19766235351562,127.99827575683594,58.01299285888672,361.4915466308594,205.7432403564453,267.9625244140625,32.255001068115234,26.187267303466797,169.67135620117188,143.60960388183594,160.6699981689453,223.5562744140625,48.598793029785156,103.82511138916016,4071.6298828125
2023-04-26,161.13389587402344,363.05999755859375,104.9800033569336,206.2464141845703,102.7984619140625,265.0748596191406,147.869873046875,125.72972869873047,57.74041748046875,359.75531005859375,207.57713317871094,287.372314453125,32.1150016784668,26.900802612304688,168.62490844726562,141.94752502441406,153.75,222.15408325195312,48.387168884277344,102.87167358398438,4055.989990234375
2023-04-27,165.70936584472656,371.4200134277344,109.81999969482422,204.4720001220703,106.64435577392578,270.467041015625,148.2154083251953,127.4218521118164,57.8585319519043,366.53338623046875,236.48330688476562,296.5761413574219,32.584999084472656,27.170251846313477,169.65342712402344,143.6830291748047,160.19000244140625,222.9915008544922,48.53786087036133,104.101318359375,4135.35009765625
2023-04-28,166.958984375,377.55999755859375,105.44999694824219,208.73638916015625,106.39655303955078,276.5494079589844,148.85189819335938,128.52825927734375,58.28556442260742,372.7718505859375,238.2279815673828,298.9403991699219,32.99300003051758,27.692182540893555,170.7267303466797,143.60040283203125,164.30999755859375,226.61373901367188,48.40640640258789,105.4468002319336,4169.47998046875
2023-05-01,166.8704376220703,374.1499938964844,102.05000305175781,207.27674865722656,106.25778198242188,273.9361267089844,148.76097106933594,131.28028869628906,58.42185974121094,372.6051330566406,241.06307983398438,297.28643798828125,32.4119987487793,28.850801467895508,171.43324279785156,143.77488708496094,161.8300018310547,226.39950561523438,48.605201721191406,102.17665100097656,4167.8701171875
2023-05-02,165.83726501464844,368.6600036621094,103.62999725341797,205.2542266845703,104.3943099975586,270.7890930175781,150.061279296875,129.16046142578125,58.158363342285156,368.8482971191406,237.15740966796875,297.1404113769531,31.7549991607666,28.152236938476562,171.94305419921875,143.64630126953125,160.30999755859375,221.0148162841797,48.47373962402344,98.10455322265625,4119.580078125
2023-05-03,164.76470947265625,345.25,103.6500015258789,205.7217254638672,104.4835433959961,269.68487548828125,148.09716796875,126.427001953125,57.83128356933594,367.7398986816406,234.9666290283203,296.1578369140625,31.93000030517578,27.745071411132812,171.8804168701172,143.46263122558594,160.61000061035156,220.04112243652344,48.294185638427734,96.17098999023438,4090.75
2023-05-04,163.13134765625,335.8299865722656,104.0,200.70364379882812,103.76985931396484,262.9400939941406,147.42431640625,124.69770050048828,57.89487838745117,368.93658447265625,231.48716735839844,297.1404113769531,32.077999114990234,27.505563735961914,172.95370483398438,142.8014678955078,161.1999969482422,219.67111206054688,48.429359436035156,94.48688507080078,4061.219970703125
2023-05-05,170.78659057617188,348.3999938964844,105.66000366210938,205.19700622558594,104.6421127319336,266.5011291503906,147.92442321777344,127.13362121582031,58.16745376586914,377.3134460449219,230.7536163330078,302.23858642578125,32.2760009765625,28.621278762817383,173.7496795654297,143.27899169921875,170.05999755859375,225.6886749267578,48.84777069091797,96.83926391601562,4136.25
2023-05-08,170.71768188476562,344.05999755859375,105.83000183105469,204.91079711914062,106.82278442382812,264.9460144042969,147.58798217773438,127.4404296875,58.076595306396484,378.14727783203125,231.23934936523438,300.292724609375,33.12099838256836,29.091306686401367,172.9268798828125,142.608642578125,171.7899932861328,226.12686157226562,49.153533935546875,97.22241973876953,4138.1201171875
2023-05-09,169.0154571533203,342.6499938964844,106.62000274658203,203.67059326171875,106.40646362304688,267.3844909667969,146.44227600097656,126.8268051147461,57.59504318237305,375.6263122558594,231.33847045898438,298.6874694824219,33.2140007019043,28.512496948242188,173.6334228515625,141.14859008789062,169.14999389648438,227.1298065185547,49.237213134765625,97.24916076660156,4119.169921875
2023-05-10,170.77676391601562,344.0199890136719,110.19000244140625,203.3653106689453,110.7677993774414,265.9581604003906,146.98785400390625,126.89186096191406,57.69498825073242,375.2339782714844,231.05101013183594,303.8536071777344,33.54199981689453,28.825855255126953,173.7496795654297,141.4424591064453,168.5399932861328,225.19210815429688,49.09882354736328,96.00166320800781,4137.64013671875
2023-05-11,170.96371459960938,341.5799865722656,112.18000030517578,200.36973571777344,115.5454330444336,264.7251892089844,146.3877410888672,126.49211120605469,58.02207565307617,376.0677795410156,233.73744201660156,301.7131652832031,34.47600173950195,28.51948356628418,174.70664978027344,141.7730255126953,172.0800018310547,225.37745666503906,49.28227996826172,94.2641372680664,4130.6201171875
2023-05-12,170.03750610351562,335.45001220703125,110.26000213623047,199.9022674560547,116.47718048095703,267.2832946777344,146.19676208496094,124.6791000366211,58.24922561645508,374.6258239746094,231.77464294433594,300.60406494140625,33.98899841308594,28.28196907043457,175.40426635742188,143.21473693847656,167.97999572753906,225.73843383789062,49.26618576049805,94.2552261352539,4124.080078125
2023-05-15,169.54486083984375,345.6700134277344,111.19999694824219,201.57179260253906,115.48595428466797,265.5072937011719,145.0783233642578,125.72972869873047,58.094764709472656,376.0873718261719,236.78070068359375,301.0807800292969,33.5890007019043,28.893714904785156,173.7496795654297,143.26063537597656,166.35000610351562,227.13356018066406,48.88317108154297,94.43497467041016,4136.27978515625
2023-05-16,169.54486083984375,345.1099853515625,113.4000015258789,197.669921875,118.4595947265625,259.7930603027344,144.88735961914062,124.88360595703125,57.440589904785156,372.9779052734375,236.7410430908203,303.2991027832031,33.375,29.153182983398438,172.9984130859375,143.01271057128906,166.52000427246094,224.8506317138672,48.20728302001953,92.1430892944336,4109.89990234375
2023-05-17,170.15574645996094,356.6300048828125,115.5,202.34454345703125,119.77791595458984,269.050048828125,144.56915283203125,128.72348022460938,57.37698745727539,379.6087646484375,240.37908935546875,306.1656799316406,33.99599838256836,30.116209030151367,171.77310180664062,142.40663146972656,173.86000061035156,226.97747802734375,48.1268196105957,94.21028137207031,4158.77001953125
2023-05-18,172.48109436035156,360.42999267578125,118.1500015258789,204.84405517578125,121.75040435791016,271.598876953125,144.1053924560547,129.69972229003906,57.058982849121094,384.5328674316406,244.70114135742188,310.5729064941406,37.12900161743164,31.613140106201172,171.325927734375,140.06503295898438,176.88999938964844,227.90432739257812,48.751216888427734,95.06413269042969,4198.0498046875
2023-05-19,172.58949279785156,371.25,116.25,204.90126037597656,121.68103790283203,267.6605529785156,144.49636840820312,129.40219116210938,57.086238861083984,378.20611572265625,243.50167846679688,310.39739990234375,36.5359992980957,31.199983596801758,171.57632446289062,140.65269470214844,180.13999938964844,227.6213836669922,48.249122619628906,95.50453186035156,4191.97998046875
2023-05-22,171.64356994628906,372.04998779296875,115.01000213623047,204.4051971435547,123.9509048461914,267.4581298828125,143.71763610839844,128.3330078125,55.88691329956055,377.18597412109375,246.15835571289062,313.16656494140625,36.30099868774414,31.112167358398438,166.92562866210938,136.97042846679688,188.8699951171875,225.64089965820312,47.824275970458984,94.3450927734375,4192.6298828125
2023-05-23,169.0422821044922,370.4200134277344,114.98999786376953,202.926513671875,121.48277282714844,271.3964538574219,143.6626739501953,126.99414825439453,55.78697204589844,366.61181640625,244.59210205078125,307.3942565917969,35.5989990234375,30.625165939331055,166.4158172607422,135.49200439453125,185.77000427246094,219.104248046875,47.734161376953125,95.63036346435547,4145.580078125
2023-05-24,169.31822204589844,365.760009765625,116.75,200.05494689941406,119.8373794555664,267.86285400390625,143.52525329589844,125.83197784423828,55.31450653076172,361.4621276855469,247.0406036376953,306.0194091796875,36.48500061035156,30.475467681884766,165.36050415039062,134.37168884277344,182.89999389648438,216.83103942871094,47.51530075073242,96.69989013671875,4115.240234375
2023-05-25,170.45135498046875,392.05999755859375,115.0,200.32205200195312,122.39471435546875,263.8602600097656,141.46392822265625,126.13877868652344,54.887474060058594,362.97271728515625,250.49029541015625,317.7882080078125,35.900001525878906,37.9022331237793,164.38560485839844,133.50852966308594,184.47000122070312,217.93350219726562,47.042179107666016,94.96524810791016,4151.27978515625
2023-05-26,172.85552978515625,415.3900146484375,120.11000061035156,202.058349609375,123.5147705078125,269.4548645019531,141.408935546875,127.3195571899414,54.75117874145508,367.2200012207031,259.7588806152344,324.58447265625,37.88800048828125,38.86625289916992,164.1888427734375,133.5177001953125,193.1699981689453,219.5237579345703,47.1258544921875,94.3450927734375,4205.4501953125
2023-05-30,174.69808959960938,417.2099914550781,121.66000366210938,200.2457275390625,122.5830307006836,269.0592041015625,141.42723083496094,127.80304718017578,54.31505584716797,360.481201171875,260.2347717285156,322.94622802734375,39.29800033569336,40.028865814208984,162.42694091796875,131.47914123535156,201.16000366210938,216.2359619140625,47.00998306274414,93.50923919677734,4205.52001953125
2023-05-31,174.64881896972656,417.7900085449219,120.58000183105469,196.28660583496094,121.79006958007812,262.70135498046875,142.0594024658203,126.17597961425781,54.20603561401367,358.048583984375,262.41552734375,320.19671630859375,39.52299880981445,37.756534576416016,163.08877563476562,130.8546600341797,203.92999267578125,215.64080810546875,47.270687103271484,91.83749389648438,4179.830078125
2023-06-01,177.44712829589844,426.75,122.7699966430664,199.4539031982422,122.6325912475586,267.27978515625,141.58299255371094,127.91460418701172,54.51495361328125,363.7966613769531,270.2368469238281,324.2821044921875,40.3129997253418,39.68856430053711,164.08396911621094,132.19540405273438,207.52000427246094,220.9774169921875,47.444488525390625,92.89806365966797,4221.02001953125
2023-06-02,178.2945556640625,436.3699951171875,124.25,216.20623779296875,123.5742416381836,274.2770690917969,143.8092803955078,130.60159301757812,55.568912506103516,366.59222412109375,270.2368469238281,327.03179931640625,40.047000885009766,39.24647521972656,165.76812744140625,134.54617309570312,213.97000122070312,223.2115936279297,47.89830017089844,95.05513763427734,4282.3701171875
2023-06-05,176.94464111328125,434.17999267578125,125.30000305175781,212.23757934570312,124.90245819091797,271.6449279785156,145.04608154296875,129.3185272216797,55.196388244628906,363.4435119628906,269.0274963378906,327.55828857421875,40.354000091552734,39.09079360961914,165.88519287109375,134.01356506347656,217.61000061035156,221.24087524414062,48.213722229003906,94.6327133178711,4273.7900390625
2023-06-06,176.580078125,432.8900146484375,126.61000061035156,216.2539520263672,126.19103240966797,274.3326721191406,144.91778564453125,129.55096435546875,54.79661178588867,372.7032470703125,268.75982666015625,325.3546142578125,39.92900085449219,38.574859619140625,163.51657104492188,132.68209838867188,221.30999755859375,222.65550231933594,48.20728302001953,95.40567016601562,4283.85009765625
2023-06-07,175.2104949951172,418.32000732421875,121.2300033569336,224.71597290039062,121.42330932617188,279.615478515625,145.22930908203125,130.80612182617188,54.714847564697266,364.29693603515625,261.3053283691406,315.3116455078125,39.97700119018555,37.402130126953125,162.21066284179688,132.96673583984375,224.57000732421875,219.77740478515625,48.2780876159668,97.54475402832031,4267.52001953125
2023-06-08,177.9201202392578,439.0299987792969,124.25,223.66656494140625,121.06647491455078,279.05010986328125,146.8234405517578,130.84332275390625,54.85112380981445,360.56951904296875,262.27679443359375,317.144775390625,40.9370002746582,38.43512725830078,164.0028839111328,134.4727325439453,234.86000061035156,217.611572265625,48.97651290893555,97.23917388916016,4293.93017578125
2023-06-09,178.3043975830078,454.0,123.43000030517578,224.2198944091797,121.15569305419922,275.5838928222656,146.59439086914062,131.10362243652344,54.941986083984375,362.16827392578125,262.6435241699219,318.6366271972656,42.00199890136719,38.69461441040039,164.22805786132812,134.5828857421875,244.39999389648438,218.10911560058594,49.272621154785156,96.52015686035156,4298.85986328125
2023-06-12,181.0928497314453,474.6300048828125,126.56999969482422,226.95790100097656,122.55328369140625,278.8369445800781,146.49359130859375,131.0943603515625,54.705753326416016,368.1419982910156,268.69049072265625,323.57037353515625,42.39699935913086,39.405235290527344,163.82276916503906,133.52687072753906,249.8300018310547,220.6554412841797,49.597694396972656,95.64832305908203,4338.93017578125
2023-06-13,180.619873046875,478.989990234375,126.66000366210938,234.15110778808594,122.74161529541016,278.114013671875,147.26318359375,132.04269409179688,54.92382049560547,364.287109375,268.9580993652344,325.9494934082031,43.573001861572266,40.942237854003906,163.49855041503906,133.20547485351562,258.7099914550781,217.95297241210938,49.983917236328125,95.66631317138672,4369.009765625
2023-06-14,181.25048828125,479.5299987792969,126.41999816894531,232.12864685058594,122.5830307006836,277.7711181640625,148.014404296875,131.5499267578125,55.29633331298828,367.6025085449219,270.970458984375,328.9233703613281,44.08599853515625,42.91340255737305,164.96653747558594,134.454345703125,256.7900085449219,217.99205017089844,50.48923110961914,94.51587677001953,4372.58984375
2023-06-15,183.28025817871094,490.9100036621094,127.11000061035156,236.2785186767578,123.99054718017578,279.9119873046875,150.00250244140625,133.03750610351562,56.05619812011719,371.8008117675781,279.37664794921875,339.4149169921875,44.527000427246094,42.5700798034668,167.25411987304688,136.31845092773438,255.89999389648438,220.6554412841797,50.76602554321289,95.1719741821289,4425.83984375
2023-06-16,182.2062530517578,495.17999267578125,125.48999786376953,233.98890686035156,122.44425964355469,278.39208984375,150.4605712890625,133.195556640625,56.459022521972656,369.3387756347656,278.5538635253906,333.7888488769531,43.19599914550781,42.60899353027344,167.55133056640625,137.3193359375,260.5400085449219,223.3286590576172,50.05793762207031,94.4889144897461,4409.58984375
2023-06-20,182.29493713378906,485.8599853515625,125.77999877929688,230.05841064453125,122.0180435180664,279.34661865234375,150.36895751953125,132.516845703125,56.08366775512695,367.4652404785156,281.8548583984375,329.6156311035156,43.470001220703125,43.722816467285156,166.89389038085938,136.05215454101562,274.45001220703125,220.94818115234375,49.617000579833984,92.32283782958984,4388.7099609375
2023-06-21,181.2603759765625,477.4800109863281,124.83000183105469,230.37322998046875,119.4904556274414,278.6886901855469,150.13992309570312,132.32162475585938,56.23929977416992,368.9562683105469,279.1883239746094,325.2377014160156,42.44499969482422,42.961307525634766,167.001953125,137.22752380371094,259.4599914550781,221.7091522216797,49.71355438232422,93.3564453125,4365.68994140625
2023-06-22,184.25575256347656,477.5799865722656,130.14999389648438,226.42361450195312,122.06759643554688,279.133544921875,151.73402404785156,129.7740936279297,56.62380599975586,370.5845031738281,282.40008544921875,331.2342529296875,42.24800109863281,42.941349029541016,168.7311553955078,137.6958465576172,264.6099853515625,222.82135009765625,50.128746032714844,92.84414672851562,4381.89013671875
2023-06-23,183.94046020507812,484.7200012207031,129.3300018310547,223.65701293945312,121.26470947265625,278.7905578613281,151.60577392578125,129.0954132080078,56.02872848510742,372.55615234375,286.216552734375,326.6612854003906,42.402000427246094,42.126930236816406,167.57835388183594,136.32763671875,256.6000061035156,223.95306396484375,50.0354118347168,92.03524017333984,4348.330078125
2023-06-26,182.5511016845703,479.510009765625,127.33000183105469,226.0515594482422,117.29988098144531,285.35235595703125,149.91087341308594,129.41148376464844,56.04704284667969,370.2117919921875,276.0459289550781,320.4014587402344,41.59400177001953,40.55298614501953,166.51564025878906,136.4653778076172,241.0500030517578,220.7823028564453,49.90345764160156,93.73392486572266,4328.81982421875
2023-06-27,185.30020141601562,489.2699890136719,129.17999267578125,229.6195526123047,117.28997039794922,290.77410888671875,149.59934997558594,129.42080688476562,55.928035736083984,374.4983215332031,284.5512390136719,326.22247314453125,41.70800018310547,41.79458236694336,167.71343994140625,137.76014709472656,250.2100067138672,221.79693603515625,49.723209381103516,93.96761322021484,4378.41015625
2023-06-28,186.47271728515625,482.42999267578125,129.0399932861328,230.74525451660156,119.12371063232422,284.0733337402344,149.29705810546875,128.85366821289062,55.40618896484375,372.96807861328125,282.8065185546875,327.4705505371094,42.98400115966797,41.03705978393555,165.44387817382812,137.7325897216797,256.239990234375,222.40185546875,49.99357604980469,94.73158264160156,4376.85986328125
2023-06-29,186.80772399902344,483.7699890136719,127.9000015258789,233.00628662109375,118.05319213867188,285.2874755859375,150.34149169921875,133.3535919189453,54.94844436645508,380.26605224609375,279.0792541503906,326.6904602050781,42.82400131225586,40.74263000488281,165.6060028076172,137.17247009277344,257.5,228.60678100585938,49.655616760253906,95.89997100830078,4396.43994140625
2023-06-30,191.12344360351562,488.989990234375,130.36000061035156,234.7330322265625,118.6479263305664,287.90106201171875,151.6424102783203,135.22239685058594,55.13154983520508,385.7884826660156,284.4817810058594,332.0434875488281,44.04899978637695,42.21975326538086,166.81285095214844,139.33956909179688,261.7699890136719,231.68971252441406,50.58900451660156,96.39432525634766,4450.3798828125
2023-07-03,189.63558959960938,485.2099914550781,130.22000122070312,235.9541473388672,118.8461685180664,287.326416015625,149.6543731689453,136.3102264404297,55.46113204956055,386.43585205078125,283.5301208496094,329.55718994140625,44.14400100708008,42.33053207397461,167.15509033203125,140.0374755859375,279.82000732421875,232.16773986816406,50.91730499267578,96.58307647705078,4455.58984375
2023-07-05,188.52220153808594,487.260009765625,130.3800048828125,233.5691375732422,120.67990112304688,288.04931640625,149.15960693359375,135.4021453857422,55.87309646606445,387.1911315917969,291.8074645996094,329.7131042480469,44.59000015258789,42.2347297668457,168.0376739501953,139.7987518310547,282.4800109863281,233.61167907714844,50.88833236694336,96.08873748779297,4446.81982421875
2023-07-06,188.9951629638672,481.2900085449219,128.36000061035156,229.5146026611328,119.0543212890625,279.9119873046875,148.0510711669922,134.06350708007812,55.44282150268555,386.1892395019531,289.4482116699219,332.7553405761719,43.88399887084961,42.021148681640625,168.05569458007812,139.56915283203125,276.5400085449219,233.05557250976562,50.566471099853516,92.50260162353516,4411.58984375
2023-07-07,187.88172912597656,485.2699890136719,129.77999877929688,233.90301513671875,118.42986297607422,280.6441955566406,145.8980712890625,135.1212921142578,54.71041488647461,381.80804443359375,288.0008850097656,328.806396484375,43.810001373291016,42.420352935791016,164.88552856445312,136.6398468017578,274.42999267578125,230.684814453125,49.40135955810547,92.71830749511719,4398.9501953125
2023-07-10,185.8420867919922,496.3500061035156,127.12999725341797,237.36607360839844,115.4264907836914,287.5674133300781,146.1362762451172,135.8795928955078,54.29844284057617,385.2265319824219,291.5398254394531,323.5508117675781,44.17100143432617,42.097991943359375,165.98426818847656,136.69493103027344,269.6099853515625,232.3531036376953,49.848731994628906,94.09345245361328,4409.52978515625
2023-07-11,185.3199005126953,504.739990234375,128.77999877929688,241.2202606201172,116.11042022705078,290.6999816894531,145.33010864257812,138.00462341308594,54.490692138671875,390.7666931152344,295.693359375,324.1748962402344,44.020999908447266,42.32254409790039,165.69606018066406,135.9787139892578,269.7900085449219,234.6848602294922,49.77471160888672,95.24388885498047,4439.259765625
2023-07-12,186.985107421875,507.3599853515625,130.8000030517578,241.93577575683594,117.88469696044922,294.2774963378906,144.82620239257812,138.68800354003906,54.78365707397461,393.6057434082031,306.6470947265625,328.7868347167969,44.404998779296875,43.8166389465332,164.96653747558594,136.6857452392578,271.989990234375,236.30438232421875,49.90022659301758,95.71125030517578,4472.16015625
2023-07-13,187.7437744140625,517.280029296875,134.3000030517578,244.09181213378906,123.44538879394531,291.5711669921875,145.4949951171875,139.36199951171875,55.25055694580078,393.4779968261719,310.68170166015625,334.1106262207031,45.03799819946289,45.88760757446289,168.8932647705078,136.77761840820312,277.8999938964844,237.37759399414062,49.60735321044922,93.9586181640625,4510.0400390625
2023-07-14,187.8916015625,514.8300170898438,134.67999267578125,243.8628387451172,124.31763458251953,293.33209228515625,146.4661102294922,140.20452880859375,55.754085540771484,395.3935241699219,306.1812438964844,336.6262512207031,44.191001892089844,45.38059997558594,169.5056915283203,137.78768920898438,281.3800048828125,237.23123168945312,49.777923583984375,90.7230224609375,4505.419921875
2023-07-17,191.14317321777344,522.0,133.55999755859375,245.6182403564453,123.5544204711914,292.9150085449219,145.7332000732422,143.583984375,55.671688079833984,395.0889892578125,307.9159851074219,337.10406494140625,45.005001068115234,46.37066650390625,167.1820831298828,136.8143310546875,290.3800048828125,238.04098510742188,49.83908462524414,91.11846160888672,4522.7900390625
2023-07-18,190.88697814941406,532.22998046875,132.8300018310547,251.67616271972656,122.67223358154297,293.5730895996094,145.7240447998047,143.8461151123047,55.451969146728516,391.1204528808594,309.33355712890625,350.5207214355469,47.47999954223633,47.40165328979492,166.11935424804688,137.0714111328125,293.3399963378906,234.89950561523438,49.748966217041016,90.70503997802734,4554.97998046875
2023-07-19,192.2368621826172,527.1699829101562,135.36000061035156,251.90628051757812,120.95744323730469,296.0939636230469,145.43087768554688,144.39840698242188,56.43155288696289,391.2284240722656,313.25909423828125,346.2207336425781,47.75899887084961,46.9854621887207,167.7494659423828,138.008056640625,291.260009765625,235.53366088867188,49.765052795410156,91.33418273925781,4565.72021484375
2023-07-20,190.29579162597656,516.8800048828125,129.9600067138672,250.31472778320312,118.1523208618164,295.732421875,154.2626190185547,146.17703247070312,57.11818313598633,391.022216796875,299.8865051269531,338.21563720703125,43.742000579833984,45.431495666503906,170.48736572265625,139.1271209716797,262.8999938964844,233.7775115966797,50.68556213378906,92.94300079345703,4534.8701171875
2023-07-21,189.12326049804688,520.22998046875,130.0,247.01673889160156,118.9651107788086,297.0115051269531,155.92086791992188,145.0537109375,57.16395950317383,390.4622497558594,291.69842529296875,335.1929016113281,42.75,44.22285079956055,171.26190185546875,141.31715393066406,260.0199890136719,233.4165496826172,50.972007751464844,93.3744125366211,4536.33984375
2023-07-24,189.92132568359375,523.8599853515625,128.8000030517578,248.66575622558594,120.46183776855469,301.3118591308594,156.7362518310547,147.9088897705078,57.18227005004883,397.63323974609375,289.0715026855469,336.4995422363281,42.83700180053711,44.52526092529297,171.94639587402344,141.76995849609375,269.05999755859375,234.87022399902344,51.271324157714844,94.83942413330078,4554.64013671875
2023-07-25,190.77859497070312,525.3400268554688,129.1300048828125,251.2447967529297,121.13584899902344,301.33038330078125,157.9364013671875,146.8042449951172,56.99000930786133,394.1852722167969,291.9065856933594,342.22308349609375,42.77000045776367,45.59019470214844,172.34263610839844,142.10260009765625,265.2799987792969,232.87022399902344,51.229488372802734,94.98324584960938,4567.4599609375
2023-07-26,191.6457061767578,514.5499877929688,128.14999389648438,247.6591033935547,128.13380432128906,305.4638671875,158.23875427246094,147.68421936035156,57.722412109375,395.2953186035156,295.9709167480469,329.3426513671875,42.266998291015625,45.363624572753906,172.55877685546875,142.25048828125,264.3500061035156,231.31900024414062,51.4129524230957,94.45293426513672,4566.75
2023-07-27,190.38446044921875,513.969970703125,128.25,247.63992309570312,128.2626495361328,305.57513427734375,159.12744140625,146.05532836914062,57.16395950317383,387.52508544921875,308.9964904785156,322.4684753417969,41.31700134277344,45.810760498046875,169.79388427734375,140.5594024658203,255.7100067138672,228.7238311767578,51.22626876831055,94.74954986572266,4537.41015625
2023-07-28,192.9561309814453,528.8699951171875,132.2100067138672,249.68202209472656,131.41470336914062,307.1135559082031,159.85121154785156,146.8885040283203,57.20057678222656,386.0123596191406,322.6466369628906,329.9277038574219,42.577999114990234,46.65910339355469,171.39698791503906,144.5329132080078,266.44000244140625,230.00189208984375,51.46767044067383,93.61709594726562,4582.22998046875
2023-07-31,193.5670623779297,546.1699829101562,133.67999267578125,254.2263641357422,131.55348205566406,309.4028015136719,153.48387145996094,147.8714599609375,56.697052001953125,387.30902099609375,315.8265380859375,327.53875732421875,43.89699935913086,46.63814163208008,168.83023071289062,144.4312744140625,267.42999267578125,231.93362426757812,51.45157241821289,96.38533020019531,4588.9599609375
2023-08-01,192.73941040039062,549.0999755859375,131.69000244140625,276.73736572265625,130.39376831054688,307.7623291015625,154.7298583984375,147.14125061035156,56.550567626953125,390.0497131347656,319.9007873535156,327.94830322265625,43.86199951171875,46.41657638549805,168.25384521484375,144.3850555419922,261.07000732421875,233.93362426757812,51.21018600463867,95.8281021118164,4576.72998046875
2023-08-02,189.75384521484375,530.2999877929688,128.2100067138672,275.7019348144531,127.25163269042969,304.4536437988281,155.6643524169922,145.47494506835938,56.724517822265625,383.1243591308594,311.5738525390625,319.328857421875,42.970001220703125,44.18293380737305,169.59576416015625,144.69923400878906,254.11000061035156,231.76776123046875,51.245582580566406,94.6327133178711,4513.39013671875
2023-08-03,188.36453247070312,523.760009765625,128.91000366210938,269.8345642089844,127.32101440429688,305.704833984375,156.3331298828125,146.36428833007812,56.43155288696289,386.0615234375,310.4636535644531,318.5097961425781,43.099998474121094,44.4284553527832,168.5239715576172,145.0780792236328,259.32000732421875,232.9384765625,51.258453369140625,96.27747344970703,4501.89013671875
2023-08-04,179.3192596435547,526.8800048828125,139.57000732421875,265.03125,126.9840087890625,302.53521728515625,154.86724853515625,146.05532836914062,55.580142974853516,384.4307861328125,308.0250244140625,319.6018981933594,43.15999984741211,44.5931282043457,166.2544403076172,143.4886932373047,253.86000061035156,233.16290283203125,50.96234893798828,96.547119140625,4478.02978515625
2023-08-07,176.225341796875,529.72998046875,142.22000122070312,270.0262756347656,130.3739471435547,305.0746154785156,158.58688354492188,146.7480926513672,56.01957702636719,389.85321044921875,313.8042907714844,321.87371826171875,44.07600021362305,45.32868957519531,168.31686401367188,145.00416564941406,251.4499969482422,235.6214599609375,51.654335021972656,96.34938049316406,4518.43994140625
2023-08-08,177.16140747070312,520.5999755859375,139.94000244140625,271.215087890625,130.2450714111328,303.814208984375,158.66015625,145.92431640625,55.77238845825195,386.23822021484375,309.9184265136719,317.9150695800781,43.83000183105469,44.57715606689453,166.1103515625,145.1612548828125,249.6999969482422,233.45556640625,51.705841064453125,96.82575225830078,4499.3798828125
2023-08-09,175.5750274658203,513.780029296875,137.85000610351562,272.78741455078125,128.5203857421875,304.1849365234375,158.55938720703125,143.96778869628906,55.90056610107422,386.7098083496094,302.5531005859375,314.19036865234375,42.88999938964844,42.47126388549805,165.69606018066406,144.97642517089844,242.19000244140625,233.91412353515625,51.789520263671875,98.47049713134766,4467.7099609375
2023-08-10,175.3582763671875,515.8300170898438,138.55999755859375,272.1067199707031,128.55014038085938,305.2878112792969,157.73486328125,143.75245666503906,55.77238845825195,390.1184997558594,303.0785217285156,314.8728332519531,42.99800109863281,42.30559158325195,165.48890686035156,144.2556610107422,245.33999633789062,234.7449493408203,51.763671875,98.97383117675781,4468.830078125
2023-08-11,175.41744995117188,508.45001220703125,138.41000366210938,273.44891357421875,128.42124938964844,306.87261962890625,159.27401733398438,144.5856170654297,56.00127029418945,387.9966735839844,299.0141906738281,313.0008239746094,42.16600036621094,40.77555847167969,165.75009155273438,145.0966033935547,242.64999389648438,234.62765502929688,52.067291259765625,100.51074981689453,4464.0498046875
2023-08-14,177.06517028808594,522.25,140.57000732421875,272.7969970703125,130.17572021484375,305.7975158691406,158.8983917236328,144.8852081298828,55.73577880859375,391.53302001953125,303.5245666503906,315.9552307128906,42.77799987792969,43.66792678833008,165.371826171875,143.9599609375,239.75999450683594,237.42318725585938,51.67969512939453,100.59163665771484,4489.72021484375
2023-08-15,175.0819854736328,518.7000122070312,137.6699981689453,265.9228820800781,128.63931274414062,307.8272705078125,158.4403076171875,141.1968231201172,55.36042022705078,387.4761047363281,299.3215026855469,313.8295593261719,42.369998931884766,43.85456848144531,163.32745361328125,143.03591918945312,232.9600067138672,234.42242431640625,51.41484069824219,98.00910186767578,4437.85986328125
2023-08-16,174.21372985839844,514.489990234375,135.07000732421875,263.1809387207031,127.56881713867188,308.6520690917969,157.9364013671875,140.59771728515625,55.36956787109375,387.3974304199219,291.7281494140625,313.0674743652344,41.54499816894531,43.401458740234375,163.20135498046875,141.57591247558594,225.60000610351562,233.8945770263672,51.440673828125,96.35990905761719,4404.330078125
2023-08-17,171.6780548095703,511.6700134277344,133.97999572753906,263.813720703125,128.77806091308594,303.3229675292969,159.4205780029297,139.13735961914062,55.488590240478516,385.67840576171875,282.6082763671875,309.6280212402344,40.29999923706055,43.259727478027344,160.7156219482422,140.5594024658203,219.22000122070312,232.01785278320312,50.287567138671875,98.2265853881836,4370.35986328125
2023-08-18,172.16151428222656,508.1300048828125,133.22000122070312,262.50018310546875,126.33970642089844,303.4064025878906,158.0280303955078,139.4556121826172,55.79986572265625,385.236328125,280.7843017578125,309.2371520996094,40.452999114990234,43.21481704711914,160.47244262695312,140.95675659179688,215.49000549316406,232.79983520507812,51.011085510253906,99.7126693725586,4369.7099609375
2023-08-21,173.4934844970703,520.469970703125,134.67999267578125,261.4935607910156,127.24171447753906,300.3387145996094,153.31898498535156,139.9330291748047,55.323795318603516,386.2481994628906,287.3763427734375,314.51361083984375,40.82899856567383,46.87568664550781,159.45477294921875,140.2452392578125,231.27999877929688,234.0607452392578,50.87543487548828,98.50748443603516,4399.77001953125
2023-08-22,174.8649139404297,519.47998046875,134.25,259.048828125,127.94550323486328,300.7279357910156,152.10049438476562,137.0310516357422,54.98506546020508,390.8060607910156,285.096435546875,315.0802917480469,41.31700134277344,45.57920837402344,158.2389373779297,140.30068969726562,233.19000244140625,235.14572143554688,50.71393585205078,97.95472717285156,4387.5498046875
2023-08-23,178.70301818847656,530.7100219726562,135.52000427246094,261.7619934082031,131.2065887451172,302.22015380859375,150.73541259765625,137.95779418945312,55.17731475830078,393.9691467285156,291.6786193847656,319.5163879394531,42.755001068115234,47.02439880371094,160.41842651367188,141.61285400390625,236.86000061035156,236.8367156982422,51.06600570678711,97.09390258789062,4436.009765625
2023-08-24,174.0262908935547,512.4299926757812,131.83999633789062,258.18585205078125,128.63931274414062,298.97625732421875,151.2484588623047,137.8267364501953,55.03083419799805,390.6390686035156,284.2537841796875,312.6473388671875,40.69300079345703,47.0713005065918,159.5718231201172,140.95675659179688,230.0399932861328,234.0705108642578,50.6751594543457,96.36897277832031,4376.31005859375
2023-08-25,176.2265167236328,525.0599975585938,133.25999450683594,261.3114013671875,128.7384490966797,299.22650146484375,153.4170379638672,137.65826416015625,55.28718185424805,395.76678466796875,283.01470947265625,315.58837890625,41.60300064086914,45.92852783203125,161.58924865722656,141.8808135986328,238.58999633789062,237.10060119628906,50.975555419921875,98.09066009521484,4405.7099609375
2023-08-28,177.78543090820312,529.9199829101562,133.13999938964844,263.4493408203125,129.8585205078125,302.0533142089844,151.60833740234375,138.1356964111328,55.44282150268555,400.2363586425781,287.7332458496094,316.29193115234375,41.805999755859375,46.74394607543945,162.33673095703125,142.10260009765625,238.82000732421875,238.3322296142578,51.266258239746094,98.9152603149414,4433.31005859375
2023-08-29,181.66299438476562,540.5700073242188,134.91000366210938,268.4731140136719,133.38723754882812,305.269287109375,151.6268310546875,139.259033203125,55.387882232666016,404.37188720703125,295.39593505859375,320.8941345214844,42.999000549316406,48.68914794921875,162.9491729736328,142.18577575683594,257.17999267578125,239.8081512451172,51.69584655761719,99.5042495727539,4497.6298828125
2023-08-30,185.1458740234375,545.3599853515625,135.07000732421875,270.6781921386719,134.6857147216797,308.38458251953125,151.0915985107422,138.69735717773438,55.36042022705078,406.5919494628906,292.5311279296875,321.26544189453125,43.46699905395508,49.168212890625,163.08424377441406,142.34286499023438,256.8999938964844,240.67811584472656,52.067291259765625,100.47383117675781,4514.8701171875
2023-08-31,185.3629608154297,559.3400268554688,138.00999450683594,269.52777099609375,134.97315979003906,308.07672119140625,149.19981384277344,136.98423767089844,54.77450180053711,405.34442138671875,293.31427001953125,320.259033203125,43.36800003051758,49.259033203125,161.3655548095703,142.6200714111328,258.0799865722656,240.14048767089844,52.52272415161133,100.75475311279297,4507.66015625
2023-09-01,186.93173217773438,563.2100219726562,138.1199951171875,274.4364318847656,134.4676513671875,310.669677734375,148.09242248535156,137.4429168701172,54.29844284057617,408.22265625,293.7999572753906,321.1384582519531,43.987998962402344,48.4146842956543,159.00750732421875,142.77719116210938,245.00999450683594,242.5157012939453,52.186798095703125,102.8660659790039,4515.77001953125
2023-09-05,187.1685333251953,564.8800048828125,137.27000427246094,270.00714111328125,134.57666015625,305.726318359375,148.2770233154297,135.92637634277344,53.84983444213867,404.22454833984375,297.5372009277344,325.9164733886719,44.86800003051758,48.45360565185547,157.95545959472656,140.8643798828125,256.489990234375,239.8081512451172,51.766902923583984,102.87512969970703,4496.830078125
2023-09-06,180.46914672851562,561.9400024414062,135.36000061035156,271.2246398925781,133.27821350097656,304.06610107421875,145.81309509277344,135.70176696777344,53.8132209777832,405.8748779296875,296.565673828125,325.2618408203125,44.57600021362305,46.97336196899414,158.47238159179688,140.58714294433594,251.9199981689453,240.60968017578125,52.154502868652344,103.76313781738281,4465.47998046875
2023-09-07,175.1905059814453,560.4600219726562,137.85000610351562,269.8153381347656,134.07118225097656,306.3232116699219,147.67718505859375,134.54092407226562,53.401248931884766,407.2894287109375,296.07000732421875,322.3598327636719,44.31399917602539,46.15489196777344,159.98699951171875,141.927001953125,251.49000549316406,241.56761169433594,52.80050277709961,103.25570678710938,4451.14013671875
2023-09-08,175.80223083496094,560.3599853515625,138.22999572753906,270.63031005859375,135.18130493164062,306.59368896484375,148.166259765625,134.64390563964844,53.401248931884766,407.5054931640625,295.2968444824219,326.6199951171875,44.279998779296875,45.48713684082031,159.8690948486328,141.31715393066406,248.5,241.71420288085938,52.897403717041016,104.75991821289062,4457.490234375
2023-09-11,176.96652221679688,564.5,143.10000610351562,270.4097595214844,135.71656799316406,306.2765808105469,150.1041717529297,135.23365783691406,53.9047737121582,409.3227844238281,304.8826599121094,330.2060546875,44.5359992980957,45.09387969970703,162.28160095214844,142.99896240234375,273.5799865722656,241.64576721191406,53.081504821777344,103.44599914550781,4487.4599609375
2023-09-12,173.94735717773438,542.2100219726562,141.22999572753906,270.1796569824219,134.15048217773438,304.3272399902344,150.9531707763672,136.9936065673828,53.373779296875,408.91021728515625,299.03399658203125,324.1772155761719,43.46900177001953,44.78644561767578,161.6830291748047,140.48550415039062,267.4800109863281,241.72396850585938,53.1396484375,106.46345520019531,4461.89990234375
2023-09-13,171.88522338867188,553.5599975585938,144.85000610351562,264.5327453613281,135.5084228515625,303.9541320800781,151.33151245117188,137.0591278076172,53.501949310302734,408.93975830078125,302.4044189453125,328.36907958984375,41.2239990234375,45.400306701660156,162.96185302734375,141.46499633789062,271.29998779296875,242.2420196533203,53.15257263183594,105.51201629638672,4467.43994140625
2023-09-14,173.3948211669922,552.1599731445312,144.72000122070312,270.89874267578125,136.88621520996094,307.45184326171875,151.10081481933594,139.7177276611328,53.94487762451172,406.0320739746094,309.0064392089844,330.9486999511719,40.04899978637695,45.496124267578125,164.36761474609375,143.01744079589844,276.0400085449219,236.05477905273438,53.375431060791016,107.39679718017578,4505.10009765625
2023-09-15,172.67457580566406,528.8900146484375,140.38999938964844,267.62945556640625,136.19235229492188,299.77557373046875,148.98756408691406,139.3058319091797,53.46503448486328,406.98486328125,297.6957702636719,322.6627502441406,39.694000244140625,43.8182487487793,163.10691833496094,141.81613159179688,274.3900146484375,235.63442993164062,53.178401947021484,105.74762725830078,4450.31982421875
2023-09-18,175.59507751464844,532.4199829101562,139.97999572753906,269.34552001953125,136.99520874023438,295.9140930175781,149.92881774902344,139.5960235595703,53.7972297668457,409.7550354003906,299.9162292480469,321.5292663574219,39.439998626708984,43.884124755859375,162.68972778320312,142.3521270751953,265.2799987792969,239.14349365234375,52.78435134887695,106.59939575195312,4453.52978515625
2023-09-19,176.6803436279297,541.6900024414062,137.6300048828125,268.12799072265625,136.82672119140625,293.4424133300781,149.6796875,139.4181365966797,53.68650817871094,406.2186584472656,302.4143371582031,321.128662109375,39.619998931884766,43.438968658447266,161.72837829589844,141.93630981445312,266.5,238.0682830810547,52.77143478393555,106.31849670410156,4443.9501953125
2023-09-20,173.14816284179688,535.780029296875,135.2899932861328,267.11175537109375,132.5645294189453,289.9447021484375,150.3348846435547,138.82843017578125,53.92642593383789,403.2618408203125,297.06134033203125,313.4289245605469,38.630001068115234,42.16034698486328,161.78277587890625,141.81613159179688,262.5899963378906,236.40660095214844,52.9426155090332,105.47577667236328,4402.2001953125
2023-09-21,171.6089630126953,513.8800048828125,129.3300018310547,260.8031921386719,129.2935028076172,286.12060546875,149.18136596679688,137.7425079345703,53.09593200683594,396.2284851074219,293.1556396484375,312.21734619140625,38.415000915527344,40.94062042236328,159.06192016601562,140.58714294433594,255.6999969482422,231.27499389648438,52.29985427856445,103.98967742919922,4330.0
2023-09-22,172.45748901367188,512.9000244140625,129.1199951171875,261.790771484375,129.10519409179688,285.15985107421875,148.11090087890625,136.4225311279297,53.15129470825195,395.1086730957031,296.47650146484375,309.7550964355469,37.98099899291992,41.532527923583984,158.962158203125,140.0696563720703,244.8800048828125,229.77951049804688,52.43874740600586,104.1528091430664,4320.06005859375
2023-09-25,173.7302703857422,511.6000061035156,131.27000427246094,262.9508361816406,129.95765686035156,285.8687744140625,147.8894500732422,137.09657287597656,52.59764099121094,395.3739013671875,298.21124267578125,310.2729187011719,38.47999954223633,42.14338302612305,158.109619140625,139.2195281982422,246.99000549316406,228.09829711914062,52.671302795410156,105.32173919677734,4337.43994140625
2023-09-26,169.665283203125,506.29998779296875,125.9800033569336,258.3968200683594,127.43997192382812,282.18450927734375,146.74514770507812,135.6736602783203,52.163944244384766,388.3896179199219,296.3575439453125,304.99652099609375,37.92499923706055,41.83295822143555,156.46800231933594,137.98129272460938,244.1199951171875,224.47193908691406,52.4871940612793,105.48483276367188,4273.52978515625
2023-09-27,168.1556854248047,502.6000061035156,125.9800033569336,261.4552917480469,129.3926544189453,281.5129089355469,144.9825897216797,136.46937561035156,51.62873458862305,388.4878845214844,295.1481018066406,305.6316223144531,37.75899887084961,42.388916015625,153.79251098632812,136.151611328125,240.5,224.32528686523438,52.235252380371094,108.91912078857422,4274.509765625
2023-09-28,168.41221618652344,504.6700134277344,125.9800033569336,264.8395080566406,131.1470947265625,283.0705871582031,144.77035522460938,138.16378784179688,51.49954605102539,392.3778076171875,301.31396484375,306.46221923828125,37.63600158691406,43.008766174316406,153.72900390625,135.22756958007812,246.3800048828125,226.43663024902344,52.500118255615234,108.25765991210938,4299.7001953125
2023-09-29,168.92526245117188,509.8999938964844,127.12000274658203,261.7332763671875,129.70982360839844,281.8300476074219,143.72756958007812,135.75790405273438,51.65642166137695,388.91021728515625,297.5966491699219,308.5239562988281,37.7599983215332,43.41799545288086,153.67459106445312,134.78399658203125,250.22000122070312,224.82382202148438,51.65708541870117,106.5450210571289,4288.0498046875
2023-10-02,171.43136596679688,521.1300048828125,129.4600067138672,260.5060729980469,132.99073791503906,279.6568298339844,143.1738739013672,134.58773803710938,51.19503402709961,388.8512878417969,304.1490783691406,314.4353942871094,38.03300094604492,44.69861602783203,153.42971801757812,134.1649169921875,251.60000610351562,226.05538940429688,51.711997985839844,104.77804565429688,4288.39013671875
2023-10-03,170.099365234375,507.0299987792969,124.72000122070312,257.8695983886719,131.26600646972656,272.2976989746094,143.3491973876953,133.59542846679688,50.641380310058594,384.1459655761719,298.3202819824219,306.2178955078125,37.67499923706055,43.435970306396484,152.0964813232422,134.44210815429688,246.52999877929688,223.65086364746094,51.38576889038086,104.95927429199219,4229.4501953125
2023-10-04,171.34259033203125,518.4199829101562,127.0,254.0921630859375,134.05133056640625,272.7174377441406,143.51528930664062,134.19456481933594,50.78902053833008,386.7982177734375,302.91986083984375,311.6603698730469,37.689998626708984,43.95899200439453,153.19390869140625,134.8856658935547,261.1600036621094,226.0065155029297,52.0026969909668,101.03564453125,4263.75
2023-10-05,172.57589721679688,516.4400024414062,125.95999908447266,250.0367431640625,133.88282775878906,272.0738525390625,145.01026916503906,134.76036071777344,48.334468841552734,387.79180908203125,302.13677978515625,312.0512390136719,37.25899887084961,44.604793548583984,145.20361328125,132.88046264648438,260.04998779296875,228.21556091308594,51.382537841796875,98.76119232177734,4258.18994140625
2023-10-06,175.12144470214844,526.6799926757812,127.95999908447266,255.0605010986328,136.3707733154297,273.11846923828125,145.47166442871094,136.8350830078125,49.035762786865234,391.5005187988281,312.6841735839844,319.7704772949219,38.1510009765625,45.67679214477539,145.37594604492188,133.14840698242188,260.5299987792969,229.7404022216797,50.5201301574707,97.11201477050781,4308.5
2023-10-09,176.60145568847656,529.2899780273438,128.25999450683594,260.1034240722656,137.203369140625,275.48760986328125,146.3022003173828,136.52389526367188,48.79584884643555,388.32305908203125,315.588623046875,322.27191162109375,38.595001220703125,45.188690185546875,146.3463897705078,132.47386169433594,259.6700134277344,229.15394592285156,50.336029052734375,100.51007080078125,4335.66015625
2023-10-10,176.0094451904297,532.719970703125,129.47999572753906,261.9345703125,136.84654235839844,279.087890625,146.13609313964844,137.35372924804688,49.85702133178711,393.8614501953125,319.038330078125,320.87457275390625,37.332000732421875,45.71272277832031,149.10354614257812,133.78602600097656,263.6199951171875,231.26524353027344,50.90450668334961,100.08416748046875,4358.240234375
2023-10-11,177.40061950683594,549.9099731445312,131.8300018310547,261.5702819824219,139.31468200683594,277.99658203125,144.12437438964844,137.8252716064453,49.56174087524414,393.3106384277344,324.96630859375,324.8123779296875,36.59299850463867,46.71884536743164,147.48916625976562,132.1411895751953,262.989990234375,230.36595153808594,51.10798645019531,96.49584197998047,4376.9501953125
2023-10-12,178.2985076904297,559.6300048828125,132.3300018310547,258.4831237792969,137.74856567382812,273.3050231933594,144.26278686523438,137.50460815429688,48.73125457763672,393.39910888671875,321.338134765625,323.5811767578125,36.119998931884766,46.857582092285156,143.37159729003906,132.43690490722656,258.8699951171875,231.441162109375,51.340545654296875,96.47770690917969,4349.60986328125
2023-10-13,176.4633331298828,548.760009765625,129.7899932861328,256.8821105957031,136.15269470214844,272.279052734375,144.74264526367188,139.56988525390625,48.80506896972656,391.5595397949219,311.9505920410156,320.2297058105469,35.56800079345703,45.376346588134766,145.11293029785156,133.702880859375,251.1199951171875,232.31109619140625,51.62479019165039,99.55862426757812,4327.77978515625
2023-10-16,176.33502197265625,550.739990234375,132.5500030517578,259.6144104003906,137.87742614746094,277.3250427246094,145.37014770507812,139.42845153808594,49.30336380004883,394.6387023925781,318.35430908203125,325.0273742675781,36.082000732421875,46.0091667175293,146.09242248535156,134.97808837890625,253.9199981689453,234.65701293945312,52.070526123046875,99.63109588623047,4373.6298828125
2023-10-17,174.78599548339844,560.0900268554688,131.47000122070312,261.397705078125,138.49192810058594,276.0285949707031,144.04132080078125,139.12667846679688,49.89393997192383,395.23870849609375,321.17950439453125,324.4605712890625,35.571998596191406,43.8561897277832,145.44850158691406,135.15367126464844,254.85000610351562,235.76150512695312,52.13835906982422,100.93595886230469,4373.2001953125
2023-10-18,173.4934844970703,557.8699951171875,128.1300048828125,248.52197265625,136.7474365234375,270.7120666503906,140.94064331054688,137.59893798828125,49.8754768371582,386.81787109375,314.21075439453125,322.55523681640625,34.61899948120117,42.1174201965332,146.9540557861328,138.63739013671875,242.67999267578125,232.11563110351562,52.177120208740234,102.34956359863281,4314.60009765625
2023-10-19,173.1185760498047,555.739990234375,128.39999389648438,242.45318603515625,136.53927612304688,267.47552490234375,140.56234741210938,137.0142364501953,50.152305603027344,381.5646667480469,310.0869445800781,323.737548828125,40.176998138427734,42.022613525390625,145.6208038330078,137.857177734375,220.11000061035156,228.53811645507812,51.92839813232422,102.41299438476562,4278.0
2023-10-20,170.57298278808594,540.9600219726562,125.16999816894531,240.1499786376953,134.40818786621094,267.1397705078125,141.18984985351562,134.8075408935547,50.355316162109375,378.16094970703125,305.9631652832031,319.1939392089844,40.09600067138672,41.309940338134766,145.11293029785156,137.67117309570312,211.99000549316406,228.1178436279297,51.27918243408203,100.65505981445312,4224.16015625
2023-10-23,170.69137573242188,540.4099731445312,126.55999755859375,238.33828735351562,135.30027770996094,265.8899230957031,139.7041015625,132.9686279296875,49.90316390991211,377.4330749511719,311.2764892578125,321.7832946777344,40.683998107910156,42.89497756958008,145.1855010986328,137.7642059326172,212.0800018310547,226.30953979492188,52.00592041015625,99.17803955078125,4217.0400390625
2023-10-24,171.12550354003906,539.5599975585938,128.55999755859375,240.4873046875,137.5899658203125,264.248291015625,139.55645751953125,133.12893676757812,51.34267807006836,380.6202697753906,309.8291931152344,322.9656066894531,41.37300109863281,43.581687927246094,147.09918212890625,139.39151000976562,216.52000427246094,229.35919189453125,52.72943878173828,98.217529296875,4247.68017578125
2023-10-25,168.8167266845703,521.1400146484375,121.38999938964844,236.04469299316406,124.5059814453125,262.02838134765625,139.87022399902344,132.40277099609375,51.785606384277344,380.03009033203125,296.9225158691406,332.87359619140625,41.125,41.70119857788086,147.24429321289062,140.04244995117188,212.4199981689453,231.5095977783203,52.5711669921875,98.39874267578125,4186.77001953125
2023-10-26,164.6629180908203,514.280029296875,119.56999969482422,233.62586975097656,121.20523834228516,259.2955627441406,137.49859619140625,132.74227905273438,51.471866607666016,358.6631164550781,285.83984375,320.3860778808594,40.354000091552734,40.250911712646484,146.39173889160156,139.29852294921875,205.75999450683594,226.065185546875,52.251399993896484,97.50164794921875,4137.22998046875
2023-10-27,165.97520446777344,508.1199951171875,127.73999786376953,229.89639282226562,121.09622192382812,257.8592529296875,134.36106872558594,127.96107482910156,50.97357940673828,358.1614685058594,294.1469421386719,322.2621154785156,39.7869987487793,40.424583435058594,144.76829528808594,136.84361267089844,207.3000030517578,224.10049438476562,52.05760955810547,95.64405822753906,4117.3701171875
2023-10-30,168.0175323486328,526.9400024414062,132.7100067138672,233.3656463623047,123.36608123779297,262.54144287109375,135.68064880371094,129.592529296875,51.813289642333984,366.3658752441406,300.0252990722656,329.5904846191406,41.007999420166016,41.08435821533203,147.18081665039062,138.79637145996094,197.36000061035156,227.82460021972656,52.6551513671875,95.9430923461914,4166.81982421875
2023-10-31,168.4911346435547,532.0599975585938,133.08999633789062,217.84071350097656,122.98942565917969,265.5355224609375,136.88955688476562,131.13912963867188,52.12702560424805,370.23199462890625,298.6474304199219,330.37213134765625,41.16899871826172,40.704063415527344,148.08773803710938,139.5124053955078,200.83999633789062,229.799072265625,52.78112030029297,95.91590118408203,4193.7998046875
2023-11-01,171.6484375,544.5,137.0,223.41078186035156,125.33859252929688,267.3450012207031,137.21253967285156,131.02593994140625,52.08089065551758,371.6780700683594,309.13531494140625,338.1500244140625,42.01900100708008,42.24618911743164,149.52980041503906,139.12185668945312,205.66000366210938,233.2006072998047,53.25270080566406,95.72560119628906,4237.85986328125
2023-11-02,175.20040893554688,558.7100219726562,138.07000732421875,230.43606567382812,126.36945343017578,274.7134094238281,138.6428985595703,133.36468505859375,52.68069076538086,376.4689025878906,308.16387939453125,340.3485107421875,42.47100067138672,43.424983978271484,151.3074493408203,140.8235626220703,218.50999450683594,237.7652587890625,53.462642669677734,98.86994934082031,4317.77978515625
2023-11-03,174.29266357421875,563.6599731445312,138.60000610351562,232.00686645507812,127.96531677246094,275.7207336425781,139.65797424316406,134.85470581054688,52.35771942138672,379.7742919921875,311.86138916015625,344.7259521484375,43.236000061035156,44.921199798583984,151.27117919921875,139.54962158203125,219.9600067138672,238.10740661621094,53.18487548828125,97.6647720336914,4358.33984375
2023-11-06,176.83824157714844,565.4500122070312,139.74000549316406,229.62657165527344,129.10519409179688,274.7507629394531,139.99017333984375,135.87315368652344,52.5699577331543,379.8824768066406,313.0508728027344,348.3705749511719,43.4739990234375,45.66580581665039,151.1895294189453,140.3585968017578,219.27000427246094,237.99989318847656,53.25592803955078,95.93402099609375,4365.97998046875
2023-11-07,179.39370727539062,585.2000122070312,142.7100067138672,226.38858032226562,129.81887817382812,274.937255859375,139.25193786621094,135.80715942382812,52.76374053955078,382.54840087890625,316.04461669921875,352.2790832519531,43.46099853515625,45.86943054199219,151.6248779296875,140.0331573486328,222.17999267578125,239.2510223388672,53.504638671875,94.4298095703125,4378.3798828125
2023-11-08,180.44940185546875,585.3099975585938,142.0800018310547,226.29222106933594,130.68124389648438,276.00994873046875,138.74440002441406,136.47669982910156,52.68069076538086,383.36492919921875,316.99627685546875,354.887939453125,43.665000915527344,46.487266540527344,151.81533813476562,139.49378967285156,222.11000061035156,238.91795349121094,53.06858825683594,93.26994323730469,4382.77978515625
2023-11-09,179.975830078125,577.739990234375,140.60000610351562,225.64654541015625,129.09527587890625,268.50152587890625,136.04055786132812,136.07119750976562,52.28390121459961,381.6532287597656,317.7595520019531,352.4354248046875,43.51499938964844,46.862579345703125,150.6997833251953,139.80995178222656,209.97999572753906,236.6944122314453,52.94584655761719,93.29712677001953,4347.35009765625
2023-11-10,184.15484619140625,597.219970703125,143.55999755859375,230.9757080078125,131.42462158203125,271.97125244140625,135.88368225097656,138.08932495117188,52.339263916015625,387.96893310546875,325.9080505371094,361.20989990234375,44.7239990234375,48.2449951171875,151.3890380859375,140.795654296875,214.64999389648438,240.2305450439453,53.67905044555664,94.01299285888672,4415.240234375
2023-11-13,182.5741424560547,590.3400268554688,142.58999633789062,232.89346313476562,130.9290313720703,268.6880798339844,136.23435974121094,137.47634887695312,52.533050537109375,387.9393615722656,326.3243713378906,358.2882995605469,44.46200180053711,48.52946090698242,152.1599578857422,141.7720489501953,223.7100067138672,239.66241455078125,54.16032409667969,95.00068664550781,4411.5498046875
2023-11-14,185.18234252929688,604.3300170898438,145.8000030517578,238.85865783691406,132.44557189941406,283.2012023925781,136.2620391845703,139.98483276367188,52.689910888671875,391.1856994628906,333.3824157714844,361.7961120605469,44.8650016784668,49.563533782958984,152.4683380126953,141.4558868408203,237.41000366210938,241.88595581054688,54.15062713623047,95.36647033691406,4495.7001953125
2023-11-15,185.7454833984375,595.3099975585938,143.1999969482422,241.97132873535156,133.43679809570312,287.45440673828125,137.31405639648438,141.21078491210938,52.791419982910156,390.3790588378906,329.813720703125,361.9429931640625,46.194000244140625,48.796958923339844,151.6883544921875,140.804931640625,242.83999633789062,243.031982421875,54.838626861572266,94.79037475585938,4502.8798828125
2023-11-16,187.42498779296875,602.0599975585938,142.8300018310547,239.1959228515625,135.7264862060547,285.8221130371094,138.513671875,142.8233642578125,52.736053466796875,390.6446533203125,331.2808532714844,368.30718994140625,46.69499969482422,49.38787078857422,152.10557556152344,142.11611938476562,233.58999633789062,243.48260498046875,50.40062713623047,93.69303894042969,4508.240234375
2023-11-17,187.4052276611328,602.6599731445312,145.17999267578125,243.87945556640625,134.12071228027344,286.59625244140625,138.2276153564453,144.1153564453125,52.83755874633789,393.7926330566406,332.1234436035156,362.1192932128906,46.590999603271484,49.206207275390625,151.2439422607422,140.47950744628906,234.3000030517578,244.45233154296875,50.17776107788086,95.97913360595703,4514.02001953125
2023-11-20,189.14402770996094,612.7000122070312,146.1300048828125,241.35458374023438,135.0524444580078,287.45440673828125,139.44618225097656,144.55856323242188,52.96674728393555,397.82598876953125,337.0105895996094,369.5506286621094,47.446998596191406,50.31513595581055,151.02626037597656,139.735595703125,235.60000610351562,244.85394287109375,50.16160583496094,95.55850219726562,4547.3798828125
2023-11-21,188.34378051757812,610.989990234375,143.89999389648438,240.3523712158203,135.76612854003906,284.7961730957031,140.5717315673828,144.2567901611328,53.54808807373047,402.30206298828125,334.0466003417969,365.2719421386719,47.494998931884766,49.85100173950195,152.1871795654297,139.12185668945312,241.1999969482422,247.0677032470703,50.34247970581055,95.52191162109375,4538.18994140625
2023-11-22,189.00572204589844,619.719970703125,146.7100067138672,237.07583618164062,137.2727508544922,288.39642333984375,140.2926483154297,144.59628295898438,53.90796661376953,403.6595764160156,338.5172424316406,369.9520263671875,47.79999923706055,48.625282287597656,153.47508239746094,140.43301391601562,234.2100067138672,248.52719116210938,49.9581184387207,95.11043548583984,4556.6201171875
2023-11-24,187.68185424804688,619.4299926757812,146.74000549316406,238.37680053710938,135.4886016845703,289.79547119140625,141.8553924560547,144.7943115234375,54.046382904052734,405.7943115234375,335.2856750488281,369.5408020019531,47.95600128173828,47.68703842163086,153.61109924316406,140.76776123046875,235.4499969482422,249.0953369140625,50.40708541870117,95.62250518798828,4559.33984375
2023-11-27,187.50401306152344,619.27001953125,147.72999572753906,238.4057159423828,135.2110595703125,290.000732421875,140.72055053710938,144.4642791748047,53.94487762451172,402.3216857910156,331.7864074707031,370.6961364746094,47.91699981689453,48.15216827392578,152.65879821777344,140.63758850097656,236.0800018310547,248.93858337402344,50.63642120361328,95.06471252441406,4550.43017578125
2023-11-28,188.10667419433594,623.3200073242188,147.02999877929688,238.51173400878906,135.9940948486328,292.2578125,141.04611206054688,144.7943115234375,54.05561065673828,402.36102294921875,336.0390319824219,374.70068359375,47.900001525878906,47.73195266723633,153.14854431152344,141.6139678955078,246.72000122070312,247.76315307617188,51.24042510986328,95.00983428955078,4554.89013671875
2023-11-29,187.08909606933594,617.3900146484375,146.32000732421875,240.3909149169922,133.8035430908203,292.0418701171875,141.4926300048828,145.52993774414062,53.73263931274414,403.1578674316406,329.3082275390625,370.93115234375,47.71900177001953,48.050357818603516,151.60675048828125,140.53529357910156,244.13999938964844,249.0267333984375,50.413543701171875,93.58330535888672,4550.580078125
2023-11-30,187.662109375,611.010009765625,146.08999633789062,241.6147918701172,131.36514282226562,294.36114501953125,143.86463928222656,147.1896514892578,54.35581588745117,407.1026916503906,324.30206298828125,370.9898986816406,47.39699935913086,46.68291091918945,153.79544067382812,142.75775146484375,240.0800018310547,251.42660522460938,50.287567138671875,93.94908905029297,4567.7998046875
2023-12-01,188.9365692138672,612.469970703125,147.02999877929688,247.4354705810547,130.70103454589844,300.1170959472656,147.32498168945312,147.90635681152344,54.54184341430664,407.6240539550781,321.9924621582031,366.6818542480469,46.57400131225586,46.67792510986328,154.16099548339844,141.95803833007812,238.8300018310547,251.2013397216797,49.851531982421875,94.17769622802734,4594.6298828125
2023-12-04,187.14834594726562,604.5599975585938,144.83999633789062,245.4984588623047,128.13380432128906,304.2486267089844,147.79005432128906,148.9908447265625,54.47673034667969,401.5937194824219,317.2341613769531,361.4241027832031,45.38999938964844,45.42525100708008,154.57223510742188,141.40008544921875,235.5800018310547,249.23248291015625,49.8386116027832,93.66561889648438,4569.77978515625
2023-12-05,191.09031677246094,602.219970703125,146.8800048828125,245.9224853515625,129.8386993408203,303.7603454589844,147.48309326171875,148.9720001220703,54.56044006347656,402.0462646484375,315.5192565917969,364.7333984375,45.51499938964844,46.48337936401367,153.47560119628906,136.47161865234375,238.72000122070312,249.3989715576172,50.30049133300781,91.84590148925781,4567.18017578125
2023-12-06,190.0035858154297,595.7000122070312,144.52000427246094,246.67413330078125,128.87721252441406,306.2110900878906,145.6878204345703,147.40655517578125,54.504634857177734,403.7087707519531,314.6865539550781,361.0911865234375,44.67300033569336,45.42225646972656,153.08265686035156,136.36935424804688,239.3699951171875,249.08551025390625,49.75463104248047,90.62969207763672,4549.33984375
2023-12-07,191.9300537109375,608.780029296875,146.8800048828125,248.06185913085938,135.7264862060547,306.2674560546875,144.552978515625,147.8592071533203,54.634857177734375,406.4337158203125,323.7469787597656,363.1962585449219,45.20000076293945,46.51332473754883,153.03695678710938,136.22984313964844,242.63999938964844,250.584228515625,49.427181243896484,89.99872589111328,4585.58984375
2023-12-08,193.35272216796875,610.010009765625,147.4199981689453,250.07594299316406,133.8035430908203,306.54913330078125,143.64138793945312,149.49066162109375,54.51393127441406,405.4598388671875,329.8533630371094,366.4076843261719,45.375999450683594,47.42171096801758,151.4102325439453,134.97450256347656,243.83999633789062,250.50584411621094,48.908470153808594,91.03205108642578,4604.3701171875
2023-12-11,190.85317993164062,625.2000122070312,145.88999938964844,251.4443359375,132.1184844970703,311.112548828125,144.23672485351562,150.0376434326172,54.913883209228516,408.9521179199219,322.4484558105469,363.5389099121094,45.98899841308594,46.54426956176758,153.36595153808594,135.59754943847656,239.74000549316406,251.2698516845703,49.03166580200195,91.09606170654297,4622.43994140625
2023-12-12,192.36477661132812,633.6599731445312,147.47999572753906,251.9358367919922,131.35525512695312,312.86846923828125,144.2460479736328,151.37677001953125,55.26732635498047,413.9101867675781,331.31060791015625,366.5545654296875,46.29999923706055,47.572444915771484,153.95994567871094,135.7091064453125,237.00999450683594,254.24765014648438,49.07057189941406,89.66039276123047,4643.7001953125
2023-12-13,195.57562255859375,624.260009765625,148.83999633789062,258.23828125,131.4048309326172,322.446044921875,144.91574096679688,151.88600158691406,55.74168395996094,417.7762451171875,331.8260192871094,366.5447692871094,47.99800109863281,48.00267791748047,157.1950225830078,138.16404724121094,239.2899932861328,257.0099792480469,49.94266128540039,90.4559555053711,4707.08984375
2023-12-14,195.7238006591797,584.6400146484375,147.4199981689453,274.8136901855469,130.7803497314453,330.3429260253906,145.9203643798828,154.64907836914062,54.913883209228516,411.75579833984375,330.2697448730469,358.2811584472656,46.983001708984375,48.26420593261719,153.7589111328125,134.51885986328125,251.0500030517578,253.4346466064453,49.333168029785156,92.88835144042969,4719.5498046875
2023-12-15,195.19032287597656,584.6799926757812,149.97000122070312,275.3630065917969,131.43453979492188,332.3992919921875,144.32972717285156,155.81846618652344,54.504634857177734,411.765625,332.00445556640625,362.9808654785156,47.20600128173828,48.80324935913086,152.6165771484375,133.86795043945312,253.5,252.74896240234375,49.51795959472656,92.26652526855469,4719.18994140625
2023-12-18,193.53057861328125,599.1300048828125,154.07000732421875,275.3341064453125,134.60641479492188,329.4039306640625,144.5902099609375,156.76150512695312,54.89528274536133,417.53033447265625,341.6200256347656,364.8607482910156,48.61199951171875,49.98815155029297,154.36209106445312,135.9229736328125,252.0800018310547,253.08204650878906,50.24092483520508,92.95235443115234,4740.56005859375
2023-12-19,194.56790161132812,604.6400146484375,153.7899932861328,282.32073974609375,135.44894409179688,330.5870666503906,145.5389862060547,158.85504150390625,54.718563079833984,418.5534362792969,347.3100891113281,365.4579772949219,49.50199890136719,49.51598358154297,153.48472595214844,135.9229736328125,257.2200012207031,254.66885375976562,50.422481536865234,94.17769622802734,4768.3701171875
2023-12-20,192.48333740234375,596.0599975585938,152.1199951171875,279.1888122558594,137.12408447265625,327.3851623535156,142.5716552734375,157.0632781982422,53.58381652832031,412.6313171386719,346.23944091796875,362.8731384277344,48.926998138427734,48.02562713623047,151.41940307617188,133.8214569091797,247.13999938964844,251.84776306152344,49.83243942260742,92.6048812866211,4698.35009765625
2023-12-21,192.33514404296875,600.1400146484375,153.83999633789062,279.5357360839844,139.18580627441406,327.6762390136719,144.03204345703125,157.9591827392578,53.9372673034668,416.5564880371094,351.0075988769531,365.73211669921875,49.1609992980957,48.903072357177734,152.58914184570312,134.1468963623047,254.5,254.22804260253906,50.18580627441406,93.02552032470703,4746.75
2023-12-22,191.26815795898438,598.75,153.4199981689453,279.815185546875,140.24639892578125,327.3194274902344,144.60879516601562,157.86483764648438,54.24420166015625,417.20574951171875,350.313720703125,366.7503662109375,48.67599868774414,48.74335861206055,153.23800659179688,135.0953826904297,252.5399932861328,253.14077758789062,50.785579681396484,93.19010925292969,4754.6298828125
2023-12-26,190.72474670410156,598.260009765625,153.41000366210938,284.8939208984375,140.27613830566406,327.9954528808594,145.2413330078125,158.79847717285156,54.46743392944336,416.7827453613281,351.74114990234375,366.8287048339844,49.11899948120117,49.19156265258789,154.31634521484375,135.7091064453125,256.6099853515625,253.85581970214844,50.707763671875,93.40042877197266,4774.75
2023-12-27,190.82354736328125,596.0800170898438,153.33999633789062,287.29339599609375,139.13623046875,327.2630920410156,145.43667602539062,159.7509307861328,54.60694885253906,417.4615173339844,354.71502685546875,366.2510681152344,49.17900085449219,49.329322814941406,154.80984497070312,135.82070922851562,261.44000244140625,253.6305389404297,51.184349060058594,92.96150207519531,4781.580078125
2023-12-28,191.2483673095703,595.52001953125,153.3800048828125,286.0984191894531,138.9974822998047,326.1644592285156,145.65060424804688,160.5996551513672,54.64414978027344,419.3896484375,355.2007751464844,367.4358215332031,49.05099868774414,49.43412780761719,154.80072021484375,135.5138397216797,253.17999267578125,255.07044982910156,51.08384323120117,91.61727905273438,4783.35009765625
2023-12-29,190.2110137939453,596.5999755859375,151.94000244140625,284.9323425292969,138.4622344970703,325.40386962890625,145.7994384765625,160.4110870361328,54.81156921386719,419.5766296386719,350.8787536621094,368.1798400878906,48.6879997253418,49.43412780761719,155.21194458007812,136.26707458496094,248.47999572753906,255.02149963378906,51.10976791381836,91.42524719238281,4769.830078125
2024-01-02,183.4040069580078,580.0700073242188,149.92999267578125,282.0798645019531,136.95558166503906,324.0235595703125,148.80397033691406,162.2782745361328,55.63936996459961,415.03167724609375,343.2755126953125,363.1178894042969,46.849998474121094,48.08253479003906,158.01756286621094,138.31285095214844,248.4199981689453,253.57179260253906,51.641456604003906,93.60161590576172,4742.830078125
2024-01-03,182.03074645996094,571.7899780273438,148.47000122070312,273.9752502441406,137.69900512695312,317.6197814941406,149.7341766357422,161.5709991455078,55.76958465576172,411.9623718261719,341.4713134765625,362.85357666015625,47.0260009765625,47.484596252441406,158.05410766601562,137.47592163085938,238.4499969482422,252.70001220703125,51.64469909667969,94.38803100585938,4704.81005859375
2024-01-04,179.71893310546875,567.0499877929688,144.57000732421875,275.70989990234375,135.1912078857422,317.9295349121094,149.41790771484375,162.64320373535156,55.58356857299805,412.94610595703125,344.0982971191406,360.2491455078125,47.46699905395508,47.912845611572266,156.70156860351562,138.22914123535156,237.92999267578125,254.296630859375,51.14543533325195,93.56501770019531,4688.68017578125
2024-01-05,178.9977264404297,564.5999755859375,145.24000549316406,278.4371337890625,134.53700256347656,322.0141296386719,149.8830108642578,163.45924377441406,55.499855041503906,412.6018371582031,348.88629150390625,360.06317138671875,47.40599822998047,49.0098876953125,154.38946533203125,137.08538818359375,237.49000549316406,254.37503051757812,50.80502700805664,93.8485107421875,4697.240234375
2024-01-08,183.32498168945312,580.5499877929688,149.10000610351562,281.6365661621094,137.61972045898438,326.69970703125,150.25511169433594,163.2220001220703,55.90910339355469,415.7745056152344,355.5378723144531,366.8580627441406,48.50299835205078,52.1602897644043,154.54481506347656,138.26634216308594,240.4499969482422,257.16668701171875,51.304290771484375,92.28482055664062,4763.5400390625
2024-01-09,182.91001892089844,586.2000122070312,151.3699951171875,281.67510986328125,139.71115112304688,325.06585693359375,150.34814453125,161.9315643310547,55.806793212890625,416.3853454589844,354.3184509277344,367.9351806640625,48.20899963378906,53.04571533203125,152.7719268798828,138.83360290527344,234.9600067138672,257.9405212402344,51.64794158935547,91.14176940917969,4756.5
2024-01-10,183.94737243652344,591.030029296875,153.72999572753906,282.69659423828125,141.02944946289062,335.0284729003906,150.5713653564453,162.2731475830078,55.992820739746094,421.971923828125,367.2449951171875,374.7691345214844,47.83300018310547,54.25356674194336,152.5434112548828,139.4287109375,233.94000244140625,259.1452941894531,52.28985595703125,90.2456283569336,4783.4501953125
2024-01-11,183.35459899902344,597.489990234375,155.17999267578125,281.4534912109375,140.83120727539062,334.7748718261719,149.901611328125,161.58998107910156,55.630069732666016,420.4447937011719,366.45196533203125,376.5903015136719,49.222999572753906,54.72472381591797,151.8214874267578,139.95870971679688,227.22000122070312,258.6261901855469,52.231502532958984,90.22732543945312,4780.240234375
2024-01-12,183.6806182861328,596.5399780273438,154.6199951171875,279.8633728027344,141.3961944580078,334.00494384765625,151.05506896972656,160.40390014648438,56.16953659057617,422.7897644042969,371.2300109863281,380.3500671386719,49.215999603271484,54.61292266845703,152.86329650878906,140.04244995117188,218.88999938964844,258.76336669921875,52.29957962036133,91.39779663085938,4783.830078125
2024-01-16,181.418212890625,597.6799926757812,153.16000366210938,276.7989501953125,141.2376251220703,336.5589294433594,149.31561279296875,159.3981475830078,55.797489166259766,422.0507507324219,364.26123046875,382.1124267578125,48.124000549316406,56.281959533691406,151.85804748535156,139.2892303466797,219.91000366210938,259.8114013671875,52.46492385864258,89.3311996459961,4765.97998046875
2024-01-17,180.47964477539062,596.0999755859375,151.7100067138672,268.51123046875,140.22657775878906,333.9955749511719,149.2318572998047,158.54415893554688,55.797489166259766,421.13446044921875,365.1632385253906,381.3291320800781,48.03300094604492,55.95354080200195,152.1047821044922,139.4287109375,215.5500030517578,261.1729736328125,52.21853256225586,88.68194580078125,4739.2099609375
2024-01-18,186.3580322265625,593.7000122070312,153.5,271.6624755859375,142.21888732910156,336.0613098144531,149.95742797851562,158.8572998046875,55.95561599731445,424.3858947753906,372.85577392578125,385.63720703125,48.53099822998047,57.00567626953125,152.7719268798828,138.62489318847656,211.8800048828125,262.652099609375,52.92204666137695,88.51734924316406,4780.93994140625
2024-01-19,189.2527313232422,611.5499877929688,155.33999633789062,276.1933898925781,145.09341430664062,340.296142578125,150.39463806152344,161.5994873046875,55.648677825927734,430.3567810058594,380.1120910644531,390.33685302734375,48.29499816894531,59.38544464111328,151.50164794921875,138.09153747558594,212.19000244140625,265.3555908203125,52.643226623535156,88.65448760986328,4839.81005859375
2024-01-22,191.55462646484375,603.5900268554688,154.77999877929688,279.4754333496094,144.70684814453125,334.9251708984375,151.12948608398438,161.40969848632812,55.40684509277344,433.28314208984375,378.4565124511719,388.22198486328125,48.57099914550781,59.548160552978516,150.8893585205078,138.3628692626953,208.8000030517578,265.6494445800781,52.64646911621094,88.53563690185547,4850.43017578125
2024-01-23,192.8291015625,597.1799926757812,156.02000427246094,279.63031005859375,145.7476043701172,329.3757629394531,148.65513610839844,160.3470001220703,55.667274475097656,432.3077392578125,381.84686279296875,390.56195068359375,49.21900177001953,59.76676940917969,153.20143127441406,144.08975219726562,209.13999938964844,265.7082214355469,52.77939224243164,89.53237915039062,4864.60009765625
2024-01-24,192.1573028564453,606.47998046875,156.8699951171875,281.42138671875,147.3930206298828,326.0799255371094,147.86448669433594,161.7797393798828,54.792972564697266,432.24859619140625,387.2989501953125,394.1455383300781,54.48699951171875,61.25312805175781,151.337158203125,142.34925842285156,207.8300018310547,266.09027099609375,52.03373718261719,91.0777587890625,4868.5498046875
2024-01-25,191.83126831054688,622.5800170898438,157.75,291.19000244140625,150.53515625,329.5541687011719,148.422607421875,164.09495544433594,55.02549743652344,430.3764953613281,389.75732421875,396.40728759765625,56.20000076293945,61.50767135620117,152.21446228027344,145.62442016601562,182.6300048828125,267.0305480957031,52.7923583984375,93.39129638671875,4894.16015625
2024-01-26,190.1023406982422,613.9299926757812,159.1199951171875,289.8927001953125,150.8523406982422,333.6199951171875,148.36679077148438,163.46875,55.22081756591797,432.08111572265625,390.7089538574219,395.4869079589844,57.04199981689453,60.92271041870117,153.40249633789062,146.1110382080078,183.25,262.4561767578125,53.25596237182617,94.18683624267578,4890.97021484375
2024-01-29,189.42063903808594,630.22998046875,161.25999450683594,293.5909729003906,152.16075134277344,333.9955749511719,148.23655700683594,163.8957061767578,55.55565643310547,434.1009216308594,397.5290832519531,401.1558837890625,57.57899856567383,62.35417175292969,153.66749572753906,146.1297607421875,190.92999267578125,268.0590515136719,53.505592346191406,94.30571746826172,4927.93017578125
2024-01-30,185.77511596679688,627.9600219726562,159.0,295.05291748046875,150.12876892089844,335.3101501464844,147.68775939941406,167.254638671875,55.71378707885742,438.6431579589844,396.577392578125,400.0494384765625,56.28499984741211,62.66261672973633,155.0109100341797,147.37432861328125,191.58999633789062,271.4776611328125,53.68391036987305,95.87855529785156,4924.97021484375
2024-01-31,182.17893981933594,617.780029296875,155.1999969482422,290.74456787109375,138.86863708496094,331.4227600097656,147.8086700439453,165.4423370361328,55.332435607910156,442.6237487792969,386.7438049316406,389.2696533203125,56.4109992980957,61.41783142089844,154.0147705078125,147.04681396484375,187.2899932861328,267.66729736328125,53.57367706298828,94.01310729980469,4845.64990234375
2024-02-01,184.60931396484375,627.9099731445312,159.27999877929688,297.88958740234375,139.9193115234375,338.0989074707031,147.30638122558594,164.84454345703125,56.71830368041992,454.14178466796875,391.3433532714844,395.34002685546875,56.750999450683594,62.915164947509766,156.91175842285156,148.95578002929688,188.86000061035156,271.37969970703125,54.56571578979492,93.62903594970703,4906.18994140625
2024-02-02,183.61146545410156,634.760009765625,171.80999755859375,305.0538635253906,141.12860107421875,335.43212890625,145.67852783203125,165.79339599609375,56.30904769897461,453.80682373046875,470.8550720214844,402.62451171875,56.4640007019043,66.0426025390625,156.24462890625,147.93580627441406,187.91000366210938,271.50701904296875,54.974212646484375,93.24496459960938,4958.60986328125
2024-02-05,185.41944885253906,630.5,170.30999755859375,311.16290283203125,142.41714477539062,333.4697570800781,144.92506408691406,165.57518005371094,55.843994140625,450.0429992675781,455.4107666015625,397.17095947265625,56.20600128173828,69.20899200439453,156.1989288330078,148.048095703125,181.05999755859375,269.9397888183594,54.679195404052734,92.86090850830078,4942.81005859375
2024-02-06,187.01995849609375,607.1400146484375,169.14999389648438,312.4408874511719,142.83346557617188,334.5119934082031,147.0272979736328,166.1444854736328,55.75098419189453,453.72802734375,450.7615966796875,397.0142517089844,55.5880012512207,68.10195922851562,156.6558837890625,148.74990844726562,185.10000610351562,271.09564208984375,55.0520133972168,93.50101470947266,4954.22998046875
2024-02-07,187.1285858154297,615.8499755859375,170.52999877929688,313.2831726074219,144.26080322265625,340.5589904785156,146.95291137695312,166.4575958251953,55.797489166259766,455.1172790527344,465.50213623046875,405.39532470703125,55.93000030517578,69.97461700439453,156.70156860351562,148.89962768554688,187.5800018310547,273.671875,54.9126091003418,93.47358703613281,4995.06005859375
2024-02-08,186.05174255371094,615.8599853515625,169.83999633789062,311.74383544921875,144.62757873535156,341.5261535644531,145.48313903808594,165.85983276367188,55.648677825927734,451.5209045410156,465.90863037109375,405.4541320800781,55.85300064086914,69.5174331665039,158.87657165527344,148.45046997070312,189.55999755859375,270.639404296875,54.90937805175781,95.07384490966797,4997.91015625
2024-02-09,186.81344604492188,627.2100219726562,174.4499969482422,307.05792236328125,147.69039916992188,340.990966796875,145.81805419921875,166.05911254882812,55.39754104614258,451.14654541015625,464.0350341796875,411.759521484375,56.13199996948242,72.00502014160156,153.22885131835938,147.30885314941406,193.57000732421875,271.2773132324219,54.88019561767578,93.06208801269531,5026.60986328125
2024-02-12,185.13174438476562,611.8400268554688,172.33999633789062,311.3855895996094,146.23333740234375,343.1506652832031,146.8319549560547,166.79917907714844,55.52775955200195,451.96435546875,464.81817626953125,406.580078125,55.78499984741211,72.11980438232422,155.91561889648438,147.01876831054688,188.1300048828125,269.942626953125,55.210872650146484,94.34230041503906,5021.83984375
2024-02-13,183.04452514648438,601.8900146484375,168.63999938964844,302.87554931640625,143.8643035888672,335.7702331542969,145.54830932617188,165.34744262695312,55.202213287353516,453.6885986328125,456.1146240234375,397.8269348144531,55.45199966430664,72.00003051757812,154.33465576171875,146.23268127441406,184.02000427246094,270.66888427734375,54.834808349609375,93.53012084960938,4953.169921875
2024-02-14,182.1641082763672,604.6599731445312,170.97999572753906,306.6222839355469,144.6572723388672,336.37115478515625,144.86927795410156,167.0269317626953,55.14641571044922,458.3490295410156,469.16009521484375,401.6720886230469,57.93299865722656,73.76889038085938,153.091796875,145.6337890625,188.7100067138672,272.38623046875,54.65974807739258,93.06864166259766,5000.6201171875
2024-02-15,181.87725830078125,590.4400024414062,169.8000030517578,312.7797546386719,141.51513671875,339.0472412109375,146.89707946777344,170.6705322265625,55.24872970581055,464.3494873046875,479.81646728515625,398.79803466796875,59.34600067138672,72.52908325195312,153.40249633789062,146.9251251220703,200.4499969482422,275.7424621582031,54.8834342956543,95.7359390258789,5029.72998046875
2024-02-16,180.3439483642578,546.6599731445312,169.50999450683594,311.6566467285156,139.28492736816406,340.2397766113281,146.7283477783203,169.8734893798828,55.239418029785156,461.245849609375,469.19964599609375,396.3457336425781,58.39500045776367,72.4841537475586,151.99514770507812,147.39303588867188,199.9499969482422,273.3675842285156,55.23032760620117,95.7359390258789,5005.56982421875
2024-02-20,179.60203552246094,541.9099731445312,167.0800018310547,303.7469177246094,139.87965393066406,340.4463806152344,147.9561767578125,170.53770446777344,56.4578742980957,445.1066589355469,467.643310546875,395.10009765625,57.51300048828125,69.32877349853516,154.12445068359375,148.32879638671875,193.75999450683594,270.0211486816406,57.01340866088867,94.8314437866211,4975.509765625
2024-02-21,180.35382080078125,538.52001953125,168.58999633789062,307.0386047363281,141.29710388183594,341.9111633300781,148.7247314453125,171.6478271484375,56.96013259887695,452.2992858886719,464.4480285644531,394.50164794921875,57.334999084472656,67.35228729248047,154.28895568847656,150.09739685058594,194.77000427246094,271.6011962890625,56.313148498535156,96.76960754394531,4981.7998046875
2024-02-22,182.3817138671875,537.5700073242188,174.5800018310547,311.8309020996094,142.82354736328125,348.68121337890625,150.38369750976562,173.7068634033203,56.87641906738281,464.6253662109375,482.4095153808594,403.7908935546875,58.84700012207031,78.3986587524414,153.7589111328125,150.24713134765625,197.41000366210938,278.46087646484375,56.867523193359375,96.6865463256836,5087.02978515625
2024-02-23,180.5516815185547,553.4400024414062,174.99000549316406,313.56390380859375,142.6947021484375,349.2633361816406,151.68649291992188,174.57980346679688,56.92293167114258,466.4580993652344,480.3255920410156,402.505859375,58.35599899291992,78.67715454101562,154.99261474609375,150.68695068359375,191.97000122070312,278.3136901855469,56.91615295410156,95.83743286132812,5088.7998046875
2024-02-26,179.2063751220703,560.47998046875,174.72999572753906,315.0161437988281,136.3608856201172,348.92535400390625,150.70233154296875,173.98204040527344,56.4671745300293,467.531982421875,478.0530700683594,399.7593688964844,58.76499938964844,78.95167541503906,153.76803588867188,149.92898559570312,199.39999389648438,278.8534240722656,57.966556549072266,96.21585083007812,5069.52978515625
2024-02-27,180.66049194335938,552.489990234375,173.5399932861328,317.1944885253906,137.65936279296875,352.6436767578125,150.8804168701172,174.06741333007812,56.12303161621094,467.76849365234375,483.32244873046875,399.700439453125,60.16699981689453,78.56135559082031,153.67662048339844,149.06808471679688,199.72999572753906,277.8916931152344,57.95682907104492,96.01280212402344,5078.18017578125
2024-02-28,179.4635772705078,551.8200073242188,173.16000366210938,319.06298828125,135.18130493164062,354.5685729980469,151.41468811035156,174.94985961914062,56.1788444519043,471.80816650390625,480.3156433105469,399.9358825683594,59.64799880981445,77.52520751953125,152.6439666748047,149.76991271972656,202.0399932861328,280.3057861328125,57.98600387573242,96.28044891357422,5069.759765625
2024-02-29,178.80079650878906,560.280029296875,176.75999450683594,323.3228759765625,137.2430419921875,357.3855285644531,151.25535583496094,176.54393005371094,55.825401306152344,467.7782897949219,486.3788757324219,405.742919921875,60.29199981689453,78.97163391113281,152.2526092529297,148.73118591308594,201.8800048828125,277.3715515136719,57.00368881225586,96.46503448486328,5096.27001953125
2024-03-01,177.7225341796875,570.9299926757812,178.22000122070312,325.9755554199219,135.9346466064453,360.99127197265625,151.9489288330078,175.8132781982422,55.36963653564453,469.6208190917969,498.4556579589844,407.5674133300781,61.933998107910156,82.13300323486328,151.5619659423828,148.64698791503906,202.63999938964844,277.8818359375,57.14957046508789,97.68331909179688,5137.080078125
2024-03-04,173.21173095703125,567.9400024414062,177.5800018310547,327.86346435546875,132.17794799804688,357.16021728515625,149.81195068359375,177.13223266601562,55.630069732666016,461.6004943847656,494.3772277832031,406.9983825683594,61.58300018310547,85.08574676513672,152.2802734375,149.31137084960938,188.13999938964844,275.3008728027344,57.67477798461914,96.31737518310547,5130.9501953125
2024-03-05,168.285400390625,544.8400268554688,174.1199951171875,322.9065246582031,131.50390625,355.357421875,149.9337921142578,178.9065704345703,55.36033630371094,460.64471435546875,486.4681701660156,394.9626770019531,59.849998474121094,85.81550598144531,149.21383666992188,149.08677673339844,180.74000549316406,274.17230224609375,58.39449691772461,97.49873352050781,5078.64990234375
2024-03-06,167.29623413085938,543.0900268554688,173.50999450683594,324.93963623046875,130.2450714111328,356.5287170410156,149.34332275390625,179.83645629882812,55.388240814208984,464.6648254394531,492.2932434082031,394.41339111328125,59.76900100708008,88.54676055908203,150.09783935546875,149.32073974609375,176.5399932861328,275.20269775390625,58.90997314453125,98.5416488647461,5104.759765625
2024-03-07,167.177490234375,556.0399780273438,176.82000732421875,329.3834533691406,133.1988983154297,355.68798828125,148.90280151367188,178.26133728027344,55.285926818847656,460.6644287109375,508.2700500488281,401.3287658691406,60.85100173950195,92.50891876220703,150.19912719726562,150.3032684326172,178.64999389648438,273.0732116699219,58.70573425292969,99.09541320800781,5157.35986328125
2024-03-08,168.8888397216797,551.6900024414062,175.35000610351562,328.3862609863281,134.2198486328125,352.665283203125,149.51205444335938,178.5934600830078,55.36033630371094,462.35919189453125,502.0778503417969,398.46453857421875,60.481998443603516,87.37679290771484,150.14389038085938,150.05062866210938,175.33999633789062,274.82000732421875,58.47230529785156,100.02755737304688,5123.68994140625
2024-03-11,170.88705444335938,560.4199829101562,171.9600067138672,324.3006591796875,136.4599609375,350.9366760253906,151.11477661132812,178.65988159179688,56.030025482177734,462.26068115234375,479.8889465332031,396.7969665527344,60.09299850463867,85.62582397460938,151.69088745117188,151.17356872558594,177.77000427246094,275.3303527832031,58.99750518798828,100.61824035644531,5117.93994140625
2024-03-12,171.36184692382812,579.1400146484375,175.38999938964844,326.4984130859375,137.28268432617188,353.7893371582031,152.52999877929688,180.13059997558594,56.2718505859375,465.9161071777344,495.92523193359375,407.3515930175781,61.108001708984375,91.75422668457031,151.51593017578125,151.52915954589844,177.5399932861328,278.6277160644531,59.72695541381836,99.97217559814453,5175.27001953125
2024-03-13,169.28451538085938,573.5499877929688,176.55999755859375,330.6420593261719,138.56134033203125,357.9927978515625,150.99293518066406,181.59185791015625,56.84851837158203,468.61578369140625,491.7772521972656,407.1750793457031,60.94499969482422,90.73098754882812,152.2157745361328,151.87538146972656,169.47999572753906,279.8249816894531,59.60051345825195,101.08894348144531,5165.31005859375
2024-03-14,171.1343536376953,570.4500122070312,178.75,331.0293273925781,141.84226989746094,354.4788818359375,149.2215118408203,178.35626220703125,56.721954345703125,472.4289245605469,488.0658874511719,417.101806640625,61.30099868774414,87.79208374023438,151.73692321777344,151.1267547607422,162.5,281.0711975097656,59.54976272583008,102.87944030761719,5150.47998046875
2024-03-15,170.75845336914062,492.4599914550781,174.4199981689453,335.91845703125,139.93911743164062,352.5519104003906,148.25608825683594,180.56707763671875,56.14066696166992,468.8325500488281,480.3949890136719,408.4698181152344,60.5880012512207,87.68526458740234,151.6264190673828,151.0144805908203,163.57000732421875,277.7640686035156,59.21795654296875,102.69483184814453,5117.08984375
2024-03-18,171.84658813476562,513.8599853515625,174.47999572753906,340.69140625,146.38198852539062,351.3050842285156,146.92518615722656,182.80636596679688,56.37506103515625,471.84759521484375,493.17645263671875,409.3526306152344,61.8390007019043,88.30219268798828,157.7040252685547,150.8553924560547,173.8000030517578,279.736572265625,59.39362335205078,103.64546203613281,5149.419921875
2024-03-19,174.18112182617188,521.1900024414062,175.89999389648438,342.62774658203125,145.73773193359375,358.3895263671875,146.4097137451172,183.87857055664062,56.468807220458984,476.8823547363281,492.4421081542969,413.3645324707031,62.07400131225586,89.24356842041016,158.20127868652344,151.43557739257812,171.32000732421875,281.9937438964844,59.403377532958984,104.37458801269531,5178.509765625
2024-03-20,176.7432098388672,519.1400146484375,178.14999389648438,345.0965576171875,147.43267822265625,363.112548828125,145.9879150390625,186.28868103027344,56.956336975097656,480.863037109375,501.6510925292969,417.1116027832031,62.76900100708008,90.21588134765625,158.25653076171875,151.5852813720703,175.66000366210938,283.8878173828125,59.774227142333984,104.28229522705078,5224.6201171875
2024-03-21,169.5219268798828,511.25,178.14999389648438,352.9482116699219,146.30271911621094,373.3047180175781,145.97857666015625,188.8790740966797,56.69383239746094,481.4542236328125,503.87396240234375,421.1725769042969,62.270999908447266,91.27704620361328,158.79983520507812,151.463623046875,172.82000732421875,284.9574279785156,59.969398498535156,104.7437515258789,5241.52978515625
2024-03-22,170.422119140625,499.5199890136719,178.8699951171875,346.70361328125,149.44485473632812,368.65728759765625,145.49118041992188,186.5638427734375,56.71257400512695,474.5867004394531,505.6799621582031,420.5545959472656,62.80099868774414,94.1261215209961,158.4038848876953,151.27650451660156,170.8300018310547,277.97998046875,59.403377532958984,104.7437515258789,5234.18017578125
2024-03-25,169.00755310058594,507.2300109863281,179.7100067138672,344.6124267578125,148.7509765625,362.2623596191406,145.48182678222656,184.8559112548828,56.628196716308594,469.0395202636719,499.1701965332031,414.786865234375,62.74599838256836,94.837890625,158.93797302246094,149.90090942382812,172.6300048828125,275.96820068359375,59.11061096191406,105.81436157226562,5218.18994140625
2024-03-26,167.8798370361328,507.6000061035156,178.3000030517578,345.0384521484375,149.34571838378906,358.8807373046875,145.99729919433594,185.7193603515625,56.75945281982422,469.78826904296875,492.0948181152344,413.59991455078125,62.92399978637695,92.4011001586914,159.0576629638672,150.23777770996094,177.6699981689453,275.3695983886719,59.052059173583984,105.02063751220703,5203.580078125
2024-03-27,171.44100952148438,504.3999938964844,179.8300018310547,353.0353088378906,149.5439453125,364.5105285644531,148.0499267578125,189.31553649902344,57.21885299682617,470.9214172363281,490.0802917480469,413.3841247558594,61.35300064086914,90.09410095214844,159.8312225341797,152.16546630859375,179.8300018310547,273.8190612792969,59.25699996948242,106.10971069335938,5248.490234375
2024-03-28,169.63075256347656,504.6000061035156,180.3800048828125,354.75860595703125,149.60342407226562,362.34747314453125,148.26548767089844,190.0556182861328,57.35948944091797,474.4881286621094,481.8636779785156,412.6877136230469,60.733001708984375,90.19992065429688,161.15719604492188,151.82859802246094,175.7899932861328,273.8778991699219,58.72024154663086,107.28182983398438,5254.35009765625
2024-04-01,168.19635009765625,502.0899963378906,180.97000122070312,352.154296875,154.1233673095703,347.64007568359375,147.88119506835938,188.7651824951172,56.890708923339844,471.36474609375,487.58953857421875,416.4642028808594,61.430999755859375,90.20690155029297,159.28785705566406,150.26585388183594,175.22000122070312,273.0927734375,58.554344177246094,107.97402954101562,5243.77001953125
2024-04-02,167.0192108154297,499.2099914550781,180.69000244140625,353.2095947265625,153.20152282714844,342.8887023925781,147.83433532714844,188.68927001953125,56.3938102722168,472.3796081542969,493.5634460449219,413.3939514160156,61.42100143432617,89.29747009277344,157.86978149414062,150.2565155029297,166.6300048828125,273.2498474121094,57.73458480834961,110.0875473022461,5205.81005859375
2024-04-03,167.8204803466797,497.010009765625,182.41000366210938,363.82049560546875,153.55833435058594,339.9604797363281,144.58203125,188.15794372558594,56.09379577636719,470.3992614746094,502.86175537109375,412.4228515625,63.007999420166016,88.81031036376953,156.24908447265625,146.1204071044922,168.3800048828125,271.7973937988281,57.998069763183594,110.10601806640625,5211.490234375
2024-04-04,166.99942016601562,487.1099853515625,180.0,358.0116271972656,149.2069549560547,337.8634338378906,142.93246459960938,186.72633361816406,55.59688186645508,462.8617248535156,507.009765625,409.9018859863281,61.7140007019043,85.756591796875,156.22145080566406,145.46536254882812,171.11000061035156,268.8926086425781,58.06638717651367,110.49364471435547,5147.2099609375
2024-04-05,167.75125122070312,485.1199951171875,185.07000732421875,367.2186584472656,151.15963745117188,338.04290771484375,142.829345703125,188.44422912597656,55.79377746582031,470.1331787109375,523.3040771484375,417.39605712890625,63.61800003051758,87.8559799194336,155.75181579589844,146.07362365722656,164.89999389648438,271.9740295410156,58.40795135498047,112.01648712158203,5204.33984375
2024-04-08,166.63343811035156,484.2799987792969,185.19000244140625,361.57440185546875,153.48899841308594,341.9913024902344,142.0795440673828,189.42726135253906,55.56875991821289,472.4616394042969,515.2760009765625,416.4838562011719,62.840999603271484,86.98247528076172,156.15699768066406,146.01747131347656,172.97999572753906,272.58251953125,58.339637756347656,111.25968933105469,5202.39013671875
2024-04-09,167.84027099609375,492.54998779296875,185.6699981689453,360.0544128417969,155.22357177734375,341.3962707519531,142.73561096191406,188.15792846679688,55.990657806396484,465.8609313964844,512.9440307617188,418.1416320800781,61.81999969482422,85.20654296875,157.10546875,146.59762573242188,176.8800048828125,271.5619201660156,58.349403381347656,111.84113311767578,5209.91015625
2024-04-10,165.97064208984375,487.2200012207031,185.9499969482422,360.2190246582031,154.7676544189453,331.13787841796875,140.77676391601562,186.55455017089844,55.24060821533203,462.91082763671875,515.8516235351562,415.17926025390625,61.858001708984375,86.88864135742188,155.5768585205078,147.140380859375,171.75999450683594,269.3636474609375,59.159400939941406,112.78251647949219,5160.64013671875
2024-04-11,173.15234375,484.2799987792969,189.0500030517578,360.1318359375,158.00889587402344,328.1246337890625,139.45521545410156,186.516357421875,55.36250305175781,462.062255859375,519.1560668945312,419.7600402832031,62.87799835205078,90.45945739746094,155.03358459472656,145.83029174804688,174.60000610351562,270.541259765625,58.64216613769531,112.40412139892578,5199.06005859375
2024-04-12,174.64608764648438,474.0899963378906,186.1300048828125,353.9841003417969,156.3436737060547,323.8739929199219,138.26490783691406,174.452880859375,54.64058303833008,459.17138671875,507.98223876953125,413.84515380859375,62.28300094604492,88.03366088867188,154.79415893554688,145.3530731201172,171.0500030517578,270.8160400390625,58.69096755981445,111.09356689453125,5123.41015625
2024-04-15,170.82769775390625,470.1000061035156,183.6199951171875,352.3188781738281,153.4989013671875,319.20758056640625,138.3304901123047,174.54833984375,54.50933074951172,453.65594482421875,496.40155029296875,405.742919921875,60.71500015258789,85.85242462158203,153.73516845703125,145.46536254882812,161.47999572753906,266.2232666015625,58.48602294921875,110.45672607421875,5061.81982421875
2024-04-16,167.55337524414062,476.2200012207031,183.32000732421875,348.417236328125,153.0429229736328,316.2793884277344,135.38748168945312,172.5536651611328,54.43431854248047,453.6855163574219,495.9351501464844,406.6649169921875,61.75199890136719,87.26399230957031,154.24163818359375,145.93325805664062,157.11000061035156,266.2919921875,58.398197174072266,109.54301452636719,5051.41015625
2024-04-17,166.18826293945312,474.45001220703125,181.27999877929688,346.906982421875,154.10353088378906,314.3901672363281,135.6874237060547,171.86648559570312,54.85622024536133,454.0210266113281,490.387939453125,403.9772033691406,61.36899948120117,83.88983154296875,156.06491088867188,146.87840270996094,155.4499969482422,267.6070251464844,58.212772369384766,109.4876480102539,5022.2099609375
2024-04-18,165.2386016845703,473.17999267578125,179.22000122070312,346.52935791015625,154.63876342773438,314.4468994140625,136.59658813476562,172.98313903808594,55.23124694824219,448.63385009765625,497.95953369140625,396.5517578125,61.055999755859375,84.52471923828125,158.63409423828125,148.13755798339844,149.92999267578125,266.31158447265625,57.83216857910156,109.3861083984375,5011.1201171875
2024-04-19,163.2206268310547,465.0199890136719,174.6300048828125,344.6151428222656,152.73565673828125,316.78009033203125,138.6304473876953,177.3256072998047,56.41255569458008,449.3146667480469,477.3882141113281,391.50006103515625,55.50400161743164,76.068359375,160.34686279296875,148.9381103515625,147.0500030517578,264.7512512207031,58.09566116333008,110.64130401611328,4967.22998046875
2024-04-22,164.05154418945312,466.8900146484375,177.22999572753906,347.4815673828125,154.9064178466797,317.4884948730469,139.76451110839844,180.77093505859375,56.76882553100586,450.6564636230469,478.0431213378906,393.3049621582031,55.459999084472656,79.38063049316406,162.49241638183594,151.1984405517578,142.0500030517578,267.2536926269531,58.69096755981445,111.26890563964844,5010.60009765625
2024-04-23,165.10011291503906,472.8999938964844,179.5399932861328,352.9619140625,156.86898803710938,320.2183837890625,140.17691040039062,183.37644958496094,56.853206634521484,456.64556884765625,492.30316162109375,399.7887878417969,57.775001525878906,82.2806167602539,157.6671905517578,152.10260009765625,144.67999267578125,269.0005187988281,57.66626739501953,111.70269012451172,5070.5498046875
2024-04-24,167.19728088378906,477.1199951171875,176.58999633789062,353.2242736816406,157.73138427734375,314.56024169921875,139.21151733398438,184.27354431152344,57.706382751464844,456.32977294921875,489.7230529785156,401.2503356933594,55.512001037597656,79.53936004638672,163.36720275878906,153.1385955810547,162.1300048828125,269.8935546875,58.42747116088867,111.72114562988281,5071.6298828125
2024-04-25,168.05789184570312,473.44000244140625,173.6699981689453,328.4270324707031,154.6288604736328,313.58734130859375,137.60882568359375,184.55032348632812,57.884517669677734,455.9449768066406,438.001953125,391.421630859375,56.47999954223633,82.4892578125,162.69500732421875,153.09152221679688,170.17999267578125,270.031005859375,58.759281158447266,111.97956085205078,5048.419921875
2024-04-26,167.4742431640625,477.55999755859375,179.6199951171875,333.6546630859375,170.4386749267578,316.5250549316406,136.97146606445312,184.66485595703125,57.884517669677734,456.2508544921875,439.8973693847656,398.56268310546875,56.12300109863281,87.58345031738281,161.6820831298828,151.90481567382812,168.2899932861328,269.4029235839844,58.710487365722656,108.86927795410156,5099.9599609375
2024-04-29,171.6289520263672,473.07000732421875,180.9600067138672,339.8927917480469,164.6896514892578,318.1402893066406,137.60882568359375,184.46444702148438,58.16577911376953,451.0018310546875,429.3089904785156,394.5703430175781,55.94900131225586,87.60540008544922,162.19775390625,152.25331115722656,194.0500030517578,266.7728576660156,58.78855514526367,110.41980743408203,5116.169921875
2024-04-30,168.4931640625,462.8299865722656,175.0,325.09417724609375,161.34927368164062,315.70318603515625,135.5187225341797,182.9947052001953,57.91263961791992,445.1805419921875,426.8777770996094,381.89697265625,55.06399917602539,86.25274658203125,161.9859619140625,153.7036895751953,183.27999877929688,263.6030578613281,57.92000198364258,109.15538787841797,5035.68994140625
2024-05-01,167.4742431640625,469.3900146484375,179.0,321.6933288574219,162.41978454589844,313.577880859375,141.6952667236328,183.10919189453125,58.062652587890625,436.17236328125,435.8287353515625,387.39984130859375,55.17100143432617,82.89754486083984,161.28611755371094,153.8920440673828,179.99000549316406,262.3371276855469,57.43205261230469,107.08800506591797,5018.39013671875
2024-05-02,171.16404724121094,476.57000732421875,184.72000122070312,325.9395446777344,165.155517578125,316.94061279296875,140.5143280029297,182.91835021972656,58.11890411376953,435.2153015136719,438.2996826171875,390.2444763183594,56.51499938964844,85.66874694824219,161.5623779296875,154.3064422607422,180.00999450683594,262.6217041015625,58.27132797241211,107.28182983398438,5064.2001953125
2024-05-03,181.40240478515625,486.17999267578125,186.2100067138672,327.21246337890625,165.77008056640625,323.8550720214844,139.9051055908203,181.82077026367188,58.287662506103516,437.66217041015625,448.5009765625,398.8961486816406,57.933998107910156,88.63561248779297,162.20693969726562,154.890380859375,181.19000244140625,263.48529052734375,58.3786735534668,107.0603256225586,5127.7900390625
2024-05-06,179.7504119873047,493.5899963378906,188.6999969482422,332.410888671875,166.62252807617188,323.32611083984375,139.2583770751953,183.24282836914062,58.4564208984375,443.37493896484375,462.115966796875,405.6447448730469,59.696998596191406,91.98082733154297,161.903076171875,154.87152099609375,184.75999450683594,267.58734130859375,58.42747116088867,107.75252532958984,5180.740234375
2024-05-07,180.4329833984375,492.2699890136719,188.75999450683594,335.228759765625,169.74484252929688,321.8147277832031,139.3896026611328,183.00424194335938,58.70956039428711,447.01568603515625,464.6563720703125,401.52490234375,60.599998474121094,90.3975601196289,163.92893981933594,156.11473083496094,177.80999755859375,271.3067321777344,59.159400939941406,107.21721649169922,5187.7001953125
2024-05-08,180.7693328857422,488.1000061035156,188.0,334.742919921875,167.89126586914062,320.0577392578125,139.60519409179688,186.72633361816406,58.925193786621094,448.702880859375,468.9830322265625,402.7020568847656,60.946998596191406,90.25582122802734,163.36720275878906,155.46487426757812,174.72000122070312,272.0231018066406,58.84710693359375,107.19876861572266,5187.669921875
2024-05-09,182.57958984375,482.6499938964844,189.5,341.8167419433594,168.46620178222656,328.1907958984375,140.44873046875,188.49197387695312,58.953330993652344,449.41326904296875,471.7814636230469,404.4480895996094,61.20899963378906,88.59369659423828,163.9657745361328,156.37840270996094,171.97000122070312,273.3479919433594,59.187904357910156,109.31229400634766,5214.080078125
2024-05-10,181.32156372070312,482.2900085449219,187.47999572753906,344.7414855957031,167.1676788330078,327.2366943359375,140.50494384765625,189.70407104492188,59.309593200683594,450.88348388671875,472.55548095703125,406.82183837890625,61.08700180053711,89.72272491455078,165.55885314941406,157.14129638671875,168.47000122070312,275.5069580078125,59.227081298828125,108.86927795410156,5222.68017578125
2024-05-13,184.52110290527344,483.1099853515625,186.57000732421875,346.5779724121094,167.6533660888672,322.0697937011719,141.73277282714844,189.6658477783203,59.609615325927734,451.65301513671875,464.42816162109375,405.82135009765625,61.659000396728516,90.24283599853516,166.58096313476562,156.21832275390625,171.88999938964844,274.18212890625,59.15852737426758,108.82312774658203,5221.419921875
2024-05-14,185.6602325439453,475.95001220703125,187.07000732421875,348.0354919433594,168.8428192138672,321.6352844238281,141.88270568847656,192.3190460205078,59.159584045410156,448.14056396484375,468.2388000488281,408.6071472167969,61.36600112915039,91.19818878173828,165.63250732421875,156.11473083496094,177.5500030517578,272.5628662109375,58.61992263793945,109.48372650146484,5246.68017578125
2024-05-15,187.92860412597656,485.3500061035156,185.99000549316406,349.8428039550781,170.99374389648438,329.3526611328125,143.09176635742188,192.89169311523438,59.187721252441406,451.8898010253906,477.8546142578125,415.75115966796875,61.35200119018555,94.46653747558594,165.25498962402344,156.82107543945312,173.99000549316406,276.2528076171875,58.590545654296875,110.33042907714844,5308.14990234375
2024-05-16,188.0474395751953,482.8800048828125,183.6300048828125,340.7867431640625,172.64906311035156,323.7417297363281,144.6007843017578,193.2353057861328,59.36585235595703,452.74822998046875,469.6081848144531,413.6974182128906,61.051998138427734,94.19599914550781,168.61605834960938,158.092529296875,174.83999633789062,275.1319580078125,62.68395233154297,109.66983032226562,5297.10009765625
2024-05-17,188.07716369628906,483.42999267578125,184.6999969482422,346.1795654296875,174.51255798339844,325.13970947265625,144.93820190429688,195.44944763183594,59.09395980834961,454.1295166015625,468.29833984375,412.9308776855469,62.11000061035156,92.3192367553711,167.76889038085938,157.88534545898438,177.4600067138672,275.3876037597656,63.31069564819336,111.31669616699219,5303.27001953125
2024-05-20,189.2361297607422,484.69000244140625,183.5399932861328,352.47607421875,175.364990234375,319.103759765625,142.92567443847656,186.65953063964844,58.66268539428711,453.5276794433594,465.25177001953125,417.9720764160156,64.08200073242188,94.61627197265625,166.03768920898438,157.5745391845703,174.9499969482422,273.8539123535156,62.850425720214844,110.4141616821289,5308.1298828125
2024-05-21,190.5337677001953,481.8500061035156,183.14999389648438,348.9002685546875,176.28684997558594,317.5262756347656,142.89732360839844,190.41983032226562,58.981449127197266,452.9751281738281,461.0740661621094,421.60791015625,65.06099700927734,95.2212142944336,166.74673461914062,158.5540313720703,186.60000610351562,271.3074645996094,63.800323486328125,109.65122985839844,5321.41015625
2024-05-22,189.09744262695312,483.92999267578125,183.1300048828125,345.85894775390625,174.8297576904297,312.2742919921875,145.03268432617188,189.2650146484375,59.06583023071289,450.4295349121094,464.199951171875,423.06231689453125,64.0469970703125,94.78596496582031,167.67678833007812,158.0454559326172,180.11000061035156,270.9436340332031,63.898250579833984,107.44610595703125,5307.009765625
2024-05-23,185.1154327392578,483.30999755859375,181.0500030517578,340.7673034667969,172.02462768554688,308.77935791015625,141.4423065185547,187.9384002685547,58.21266174316406,445.1903991699219,462.2151794433594,419.6033020019531,63.56700134277344,103.61970520019531,165.0800018310547,155.86044311523438,173.74000549316406,269.6164245605469,63.496742248535156,105.6131362915039,5267.83984375
2024-05-24,188.18609619140625,475.42999267578125,180.75,339.0182800292969,173.4519500732422,307.0884704589844,138.86288452148438,191.55555725097656,58.12828063964844,445.1607971191406,474.5600280761719,422.7085266113281,64.67500305175781,106.28507232666016,163.90133666992188,155.709716796875,179.24000549316406,269.87200927734375,64.02555084228516,105.52940368652344,5304.72021484375
2024-05-28,188.19607543945312,478.42999267578125,182.14999389648438,336.6571044921875,174.84957885742188,310.4890441894531,136.41575622558594,190.4007568359375,57.95951843261719,439.1422119140625,476.24700927734375,422.8658142089844,64.9000015258789,113.70423889160156,159.65623474121094,153.61891174316406,176.75,266.4210510253906,63.6926155090332,106.8692398071289,5306.0400390625
2024-05-29,188.4932098388672,477.6000061035156,182.02000427246094,328.53387451171875,174.35398864746094,307.8536071777344,136.4724578857422,189.0741424560547,57.847015380859375,436.5669860839844,470.7295837402344,421.7357177734375,65.46199798583984,114.62663269042969,157.6027069091797,152.24388122558594,176.19000244140625,264.33673095703125,63.575103759765625,105.72479248046875,5266.9501953125
2024-05-30,189.48377990722656,445.8699951171875,179.32000732421875,329.64166259765625,170.59727478027344,313.10400390625,137.26609802246094,190.23849487304688,58.10015869140625,436.20196533203125,463.4754943847656,407.4868469238281,64.76599884033203,110.3091049194336,156.98574829101562,153.1197509765625,178.7899932861328,266.73565673828125,63.54572677612305,106.05974578857422,5235.47998046875
2024-05-31,190.43470764160156,444.760009765625,176.44000244140625,328.9322509765625,170.9838409423828,318.5161437988281,138.57943725585938,193.3879852294922,59.00020980834961,441.10565185546875,463.2572021484375,407.9389343261719,64.16200256347656,109.44361877441406,159.2141876220703,154.96571350097656,178.0800018310547,267.8761291503906,64.39769744873047,109.10225677490234,5277.509765625
2024-06-03,192.19789123535156,439.0199890136719,178.33999633789062,321.9750671386719,171.64797973632812,311.9912109375,139.59042358398438,192.61495971679688,59.00020980834961,437.2773742675781,473.8355712890625,406.3567810058594,63.37900161743164,114.80133819580078,157.6763916015625,155.06930541992188,176.2899932861328,265.8311767578125,64.45645141601562,106.48774719238281,5283.39990234375
2024-06-04,192.51487731933594,448.3699951171875,179.33999633789062,318.2924499511719,172.26251220703125,312.2289733886719,139.64710998535156,190.07626342773438,59.9471321105957,438.8363037109375,473.33935546875,408.86260986328125,63.1619987487793,116.23585510253906,160.12586975097656,157.29196166992188,174.77000427246094,267.8368225097656,65.22029876708984,104.83158111572266,5291.33984375
2024-06-05,194.02052307128906,455.79998779296875,181.27999877929688,320.11920166015625,173.86827087402344,314.1313171386719,137.9180450439453,188.26287841796875,59.928375244140625,440.70111083984375,491.2711486816406,416.6650695800781,65.0270004272461,122.22848510742188,159.75750732421875,156.3878631591797,175.0,269.8818054199219,65.70013427734375,105.25028228759766,5354.02978515625
2024-06-06,192.6436309814453,458.1300048828125,185.0,318.9920654296875,175.17666625976562,314.9302673339844,138.34320068359375,187.9288787841797,60.144020080566406,442.69415283203125,489.9810485839844,417.1662292480469,64.85199737548828,120.78897857666016,159.49046325683594,158.6670379638672,177.94000244140625,272.3790588378906,65.75890350341797,106.04114532470703,5352.9599609375
2024-06-07,195.0308837890625,465.42999267578125,184.3000030517578,319.6236572265625,172.9266357421875,311.05902099609375,138.96681213378906,190.83021545410156,59.919010162353516,443.7893981933594,489.1871643066406,416.50787353515625,64.14700317382812,120.6791763305664,158.74331665039062,157.3390655517578,177.47999572753906,273.9816589355469,64.51519012451172,104.90602111816406,5346.990234375
2024-06-10,191.29649353027344,459.94000244140625,187.05999755859375,320.2746276855469,173.67086791992188,316.3189392089844,139.01405334472656,190.5057373046875,59.61899185180664,443.2565612792969,498.75341796875,420.4582214355469,64.44999694824219,121.57960510253906,153.9728546142578,157.61221313476562,173.7899932861328,270.4127197265625,65.57282257080078,105.21305847167969,5360.7900390625
2024-06-11,205.19398498535156,462.69000244140625,187.22999572753906,318.039794921875,175.2685546875,319.3246765136719,138.66445922851562,185.4951934814453,59.581485748291016,443.0493469238281,503.58612060546875,425.1849060058594,64.8550033569336,120.71105194091797,153.20252990722656,157.734619140625,170.66000366210938,270.0489807128906,65.34758758544922,104.3663558959961,5375.31982421875
2024-06-12,211.05813598632812,459.8699951171875,186.88999938964844,319.41961669921875,176.42959594726562,327.33349609375,137.38893127441406,182.79425048828125,58.953330993652344,437.0899353027344,504.9456481933594,433.41973876953125,65.00599670410156,124.99397277832031,152.05172729492188,155.5684814453125,177.2899932861328,265.7720947265625,64.9363021850586,103.21263122558594,5421.02978515625
2024-06-13,212.2170867919922,458.739990234375,183.8300018310547,317.1166687011719,173.8197479248047,330.89080810546875,137.4267120361328,184.82711791992188,59.056453704833984,439.063232421875,500.241943359375,433.9307556152344,65.32599639892578,129.39674377441406,151.58763122558594,156.72689819335938,182.47000122070312,266.6275329589844,65.31822204589844,102.38456726074219,5433.740234375
2024-06-14,210.48358154296875,525.3099975585938,183.66000366210938,312.3652038574219,175.437255859375,329.90155029296875,137.51173400878906,184.94163513183594,59.098968505859375,438.6982116699219,500.7981872558594,434.9035949707031,66.93800354003906,131.6630096435547,152.03311157226562,157.08474731445312,178.00999450683594,266.1064453125,65.63159942626953,101.51925659179688,5431.60009765625
2024-06-17,214.62413024902344,518.739990234375,184.05999755859375,313.26885986328125,175.88381958007812,332.43170166015625,137.89913940429688,186.08688354492188,59.16510772705078,442.1317138671875,503.2517395019531,440.6031188964844,67.58300018310547,130.76446533203125,154.1956024169922,157.7534942626953,187.44000244140625,266.6078796386719,66.02330780029297,100.82142639160156,5473.22998046875
2024-06-18,212.26658630371094,522.25,182.80999755859375,315.9312744140625,173.75025939941406,336.5882263183594,137.61570739746094,188.01475524902344,59.174556732177734,444.1051025390625,496.1593933105469,438.6082763671875,68.56700134277344,135.35690307617188,154.5111541748047,158.7517852783203,184.86000061035156,269.0166015625,66.19956970214844,101.77047729492188,5487.02978515625
2024-06-20,207.70013427734375,522.9500122070312,186.10000610351562,319.8082580566406,174.95103454589844,336.1792907714844,139.62818908691406,189.60858154296875,58.749385833740234,446.4730529785156,498.3546142578125,437.9793701171875,67.90299987792969,130.5648193359375,154.69677734375,157.91360473632812,181.57000732421875,272.162841796875,66.60108947753906,103.96627044677734,5473.169921875
2024-06-21,205.53082275390625,533.4400024414062,189.0800018310547,318.5548095703125,178.25550842285156,338.4239807128906,140.54469299316406,187.3466796875,59.30683135986328,448.7818603515625,491.480712890625,441.98870849609375,68.61199951171875,126.3617172241211,155.25364685058594,158.46925354003906,183.00999450683594,270.58966064453125,66.5031509399414,103.0544662475586,5464.6201171875
2024-06-24,206.17466735839844,524.1699829101562,185.57000732421875,320.6535949707031,177.84866333007812,333.7442932128906,140.894287109375,189.8090362548828,60.44063186645508,450.86370849609375,495.58319091796875,439.9152526855469,66.9020004272461,117.91564178466797,155.9961395263672,158.64817810058594,182.5800018310547,271.6515197753906,67.47264099121094,106.11558532714844,5447.8701171875
2024-06-25,207.09591674804688,526.8800048828125,186.33999633789062,318.1272277832031,182.6218719482422,321.79766845703125,139.0707550048828,189.0359649658203,60.317806243896484,449.5711975097656,507.19525146484375,443.1384582519531,67.24099731445312,125.88251495361328,155.3186492919922,157.14129638671875,187.35000610351562,268.9281311035156,66.02330780029297,106.41331481933594,5469.2998046875
2024-06-26,211.23641967773438,528.6599731445312,193.61000061035156,317.4761962890625,182.47303771972656,325.1267395019531,138.72117614746094,188.42514038085938,60.51622009277344,446.34478759765625,509.698486328125,444.3274230957031,67.76899719238281,126.1920166015625,154.7524871826172,157.7063751220703,196.3699951171875,268.9969787597656,66.87528228759766,106.45053100585938,5477.89990234375
2024-06-27,212.0784149169922,546.760009765625,197.85000610351562,318.185546875,183.99130249023438,324.8128662109375,137.75743103027344,190.0857696533203,60.383941650390625,436.84332275390625,516.0955810546875,445.0055236816406,68.43399810791016,123.78598022460938,154.30699157714844,156.9246826171875,197.4199981689453,262.1048889160156,66.47378540039062,106.90644836425781,5482.8701171875
2024-06-28,208.63124084472656,555.5399780273438,193.25,323.6658630371094,180.75625610351562,327.4285583496094,138.09756469726562,193.03485107421875,60.138282775878906,435.27447509765625,500.85784912109375,439.207763671875,67.48799896240234,123.33672332763672,153.07261657714844,155.3236083984375,197.8800048828125,258.0542297363281,66.30728912353516,107.11114501953125,5460.47998046875
2024-07-01,214.703369140625,560.010009765625,197.1999969482422,319.7596130371094,181.58981323242188,319.7716979980469,138.36212158203125,196.079345703125,59.7886962890625,431.7718200683594,501.31475830078125,448.8183288574219,67.36100006103516,124.09546661376953,151.1792755126953,153.25161743164062,209.86000061035156,258.8112487792969,66.08206176757812,106.96227264404297,5475.08984375
2024-07-02,218.19012451171875,567.7100219726562,200.0,318.4770812988281,183.82261657714844,318.61126708984375,137.97474670410156,199.30520629882812,59.66586685180664,438.7178955078125,506.1026611328125,451.3241271972656,67.95800018310547,122.46814727783203,151.81967163085938,154.36294555664062,231.25999450683594,263.71728515625,66.65982818603516,106.23654174804688,5509.009765625
2024-07-03,219.4580535888672,570.1500244140625,197.58999633789062,321.24627685546875,184.39816284179688,317.3462829589844,137.6534881591797,199.1715850830078,59.835941314697266,442.20086669921875,506.5596008300781,452.78826904296875,68.2509994506836,128.0689239501953,150.91014099121094,154.29701232910156,246.38999938964844,264.46453857421875,66.8263168334961,106.77616882324219,5537.02001953125
2024-07-05,224.2028045654297,578.3400268554688,200.0,319.0503234863281,189.14161682128906,318.24029541015625,138.39990234375,196.53245544433594,60.242218017578125,443.4933166503906,536.309814453125,459.4606628417969,69.06500244140625,125.6229476928711,152.5714111328125,155.59674072265625,251.52000427246094,265.81146240234375,68.58902740478516,105.4828872680664,5567.18994140625
2024-07-08,225.66883850097656,575.4000244140625,199.2899932861328,319.740234375,187.58360290527344,323.0151672363281,137.45506286621094,196.89712524414062,59.486351013183594,440.28668212890625,525.7904663085938,458.1635437011719,68.5739974975586,127.98902130126953,150.46461486816406,156.8304901123047,252.94000244140625,261.9180603027344,68.23648071289062,104.37568664550781,5572.85009765625
2024-07-09,226.52073669433594,566.02001953125,199.33999633789062,316.8251647949219,187.5339813232422,320.6277160644531,138.93846130371094,199.25796508789062,59.23125076293945,439.4171447753906,526.4658813476562,451.57965087890625,68.5739974975586,131.16384887695312,150.2604217529297,156.0205535888672,262.3299865722656,260.9742431640625,68.45191955566406,103.22193908691406,5576.97998046875
2024-07-10,230.7801055908203,564.5499877929688,199.7899932861328,319.1766662597656,189.7171630859375,327.37152099609375,141.18719482421875,199.42108154296875,59.363529205322266,428.488525390625,531.1246337890625,458.17340087890625,67.76499938964844,134.68800354003906,151.82894897460938,157.09420776367188,263.260009765625,258.5752868652344,68.95136260986328,104.13375854492188,5633.91015625
2024-07-11,225.42120361328125,557.6300048828125,195.0500030517578,321.7515869140625,184.1501007080078,336.51214599609375,141.4423065185547,199.085205078125,59.61862564086914,431.23553466796875,509.2812805175781,446.8234558105469,65.2750015258789,127.19036865234375,152.16307067871094,155.9075164794922,241.02999877929688,258.13287353515625,68.35400390625,105.37123107910156,5584.5400390625
2024-07-12,228.36314392089844,559.0499877929688,194.49000549316406,326.0852966308594,183.6538848876953,342.2001037597656,141.61236572265625,196.6764373779297,60.18552017211914,434.8817138671875,495.54345703125,445.693359375,64.76000213623047,129.02734375,154.4183807373047,156.91526794433594,248.22999572753906,261.2691955566406,67.80560302734375,105.38983917236328,5615.35009765625
2024-07-15,232.18670654296875,565.7100219726562,192.72000122070312,335.9769592285156,185.10272216796875,340.9541015625,141.00767517089844,201.5803680419922,59.911521911621094,438.7254638671875,492.8515930175781,446.0962829589844,65.6449966430664,128.2286376953125,152.0795440673828,155.00338745117188,252.63999938964844,263.9336242675781,68.16793823242188,107.19488525390625,5631.22021484375
2024-07-16,232.60276794433594,566.5399780273438,193.02000427246094,350.36749267578125,182.5126953125,351.093505859375,142.6800537109375,205.0064239501953,60.72407531738281,438.26104736328125,486.5240783691406,441.73321533203125,65.63200378417969,126.15206146240234,152.9148406982422,157.23548889160156,256.55999755859375,264.72015380859375,68.54006958007812,107.9671401977539,5667.2001953125
2024-07-17,226.71884155273438,563.0900268554688,187.92999267578125,347.6662292480469,179.6348876953125,353.7282409667969,147.94277954101562,208.12538146972656,61.612220764160156,445.8004150390625,458.9093933105469,435.83709716796875,64.74600219726562,117.79583740234375,157.67604064941406,159.58059692382812,248.5,268.1120910644531,69.55850982666016,109.45581817626953,5588.27001953125
2024-07-18,222.06320190429688,556.8499755859375,183.75,345.94635009765625,176.33038330078125,348.20196533203125,146.8467559814453,201.51321411132812,61.59331512451172,443.389404296875,472.677001953125,432.7416687011719,64.30400085449219,120.89073181152344,158.12149047851562,158.6387939453125,249.22999572753906,264.6217956542969,69.35285949707031,110.53511810302734,5544.58984375
2024-07-19,222.1919708251953,551.0,183.1300048828125,337.7843017578125,176.30059814453125,345.6147766113281,146.15704345703125,201.32127380371094,61.687801361083984,438.41912841796875,473.6106872558594,429.5381164550781,63.33399963378906,117.73595428466797,157.18409729003906,159.13812255859375,239.1999969482422,260.993896484375,69.28431701660156,107.99504852294922,5505.0
2024-07-22,221.8452911376953,554.8200073242188,182.5500030517578,339.39410400390625,180.27992248535156,345.5101623535156,145.7318878173828,201.8011016845703,61.19648361206055,442.61865234375,484.1499328613281,435.26715087890625,64.75,123.33672332763672,155.60635375976562,159.41285705566406,251.50999450683594,263.2060241699219,68.92198181152344,107.25070190429688,5564.41015625
2024-07-23,222.88536071777344,546.010009765625,186.41000366210938,335.78424072265625,180.3990020751953,342.05743408203125,143.94610595703125,201.8490753173828,61.376007080078125,436.4725646972656,485.4313659667969,437.14410400390625,64.2760009765625,122.38829040527344,154.32554626464844,157.8684539794922,246.3800048828125,260.335205078125,69.18639373779297,105.52010345458984,5555.740234375
2024-07-24,216.47645568847656,531.0399780273438,180.8300018310547,327.852294921875,171.30908203125,333.2021484375,147.6593475341797,200.1792449951172,62.179115295410156,427.31268310546875,458.1942138671875,421.4704284667969,63.5989990234375,114.06200408935547,156.0796661376953,159.17601013183594,215.99000549316406,249.89385986328125,69.1374282836914,107.00878143310547,5427.1298828125
2024-07-25,215.43638610839844,532.1500244140625,179.85000610351562,335.9111022949219,166.0000457763672,336.0366516113281,150.83396911621094,200.25601196289062,62.42475891113281,424.4965515136719,450.38665771484375,411.1522521972656,63.409000396728516,112.09524536132812,158.7247772216797,158.13377380371094,220.25,249.47108459472656,68.56944274902344,109.26042938232422,5399.22021484375
2024-07-26,215.90194702148438,542.4400024414062,182.5,341.9405212402344,165.72215270996094,341.9528503417969,151.77882385253906,203.6820831298828,63.350704193115234,432.9746398925781,462.5946350097656,417.9032287597656,63.137001037597656,112.87394714355469,160.33041381835938,160.22769165039062,219.8000030517578,255.09486389160156,68.33441925048828,109.16738891601562,5459.10009765625
2024-07-29,216.1792755126953,536.6099853515625,183.1999969482422,336.13543701171875,168.23281860351562,344.00732421875,149.8135528564453,202.34812927246094,63.14283752441406,436.0575256347656,462.6046142578125,419.3379821777344,62.69599914550781,111.40638732910156,160.75732421875,161.00460815429688,232.10000610351562,257.1988220214844,68.177734375,108.02295684814453,5463.5400390625
2024-07-30,216.73402404785156,538.7100219726562,181.7100067138672,333.3939208984375,168.9869842529297,345.9286804199219,152.43075561523438,206.51312255859375,63.945945739746094,442.1344909667969,460.1014099121094,415.59393310546875,62.257999420166016,103.55931091308594,160.72946166992188,153.20689392089844,222.6199951171875,258.67364501953125,67.75663757324219,109.94893646240234,5436.43994140625
2024-07-31,219.98304748535156,551.6500244140625,186.97999572753906,337.7647399902344,170.2274169921875,350.1803894042969,149.14273071289062,204.21949768066406,63.05780029296875,458.20135498046875,471.6637878417969,411.1031188964844,62.834999084472656,116.82743835449219,160.2561492919922,152.31625366210938,232.07000732421875,261.20037841796875,67.21802520751953,110.3397445678711,5522.2998046875
2024-08-01,216.29818725585938,546.4099731445312,184.07000732421875,323.4424133300781,169.45339965820312,341.0682373046875,151.8921661376953,199.5746612548828,64.21047973632812,456.91680908203125,494.4210205078125,409.8845520019531,62.48500061035156,109.03028869628906,162.38153076171875,156.98733520507812,216.86000061035156,261.4560241699219,68.34420776367188,108.8138198852539,5446.68017578125
2024-08-02,217.7839813232422,526.1699829101562,167.89999389648438,313.0519104003906,165.38478088378906,338.07208251953125,155.08575439453125,191.11029052734375,65.50492095947266,456.5314025878906,484.8850402832031,401.4139099121094,61.36399841308594,107.0934829711914,165.24005126953125,161.14674377441406,207.6699981689453,262.0950622558594,67.04175567626953,108.74869537353516,5346.56005859375
2024-08-05,207.2940216064453,509.32000732421875,161.02000427246094,309.0810241699219,158.03147888183594,332.9167785644531,152.3551788330078,187.0412139892578,64.34275817871094,436.749267578125,472.5577697753906,388.30499267578125,59.85499954223633,100.28470611572266,161.5276641845703,159.23287963867188,198.8800048828125,252.12567138671875,66.18978118896484,106.78547668457031,5186.330078125
2024-08-06,205.2732391357422,514.2000122070312,161.92999267578125,318.4862365722656,157.0788116455078,336.62628173828125,150.20094299316406,192.26190185546875,64.29552459716797,442.97442626953125,490.79534912109375,392.687744140625,60.957000732421875,104.07846069335938,160.08909606933594,159.2612762451172,200.63999938964844,253.9150390625,66.33668518066406,106.2179183959961,5240.02978515625
2024-08-07,207.8387908935547,513.6199951171875,162.77000427246094,317.86181640625,157.7238311767578,325.6783752441406,150.13479614257812,192.31947326660156,64.68289947509766,444.4961242675781,485.65985107421875,391.5281982421875,61.14799880981445,98.74724578857422,159.4394073486328,161.08990478515625,191.75999450683594,252.2042999267578,65.52387237548828,107.63217163085938,5199.5
2024-08-08,211.2958526611328,530.239990234375,165.8000030517578,327.9693908691406,160.79017639160156,331.3283386230469,151.38197326660156,195.8319091796875,64.93801879882812,450.1679382324219,506.23175048828125,395.7144470214844,63.03499984741211,104.79727172851562,159.9777069091797,161.89524841308594,198.83999633789062,255.4586181640625,66.25833892822266,109.68842315673828,5319.31005859375
2024-08-09,214.1981964111328,536.2999877929688,166.94000244140625,330.01824951171875,162.41763305664062,331.6136779785156,151.7599334716797,197.5017547607422,64.8907699584961,451.3536682128906,514.3174438476562,398.98675537109375,63.39400100708008,104.57762908935547,159.9962921142578,161.5825653076172,200.0,255.9019775390625,66.54232025146484,110.5816421508789,5344.16015625
2024-08-12,215.72540283203125,530.9299926757812,166.8000030517578,327.8425598144531,161.04818725585938,328.9218444824219,151.0607452392578,197.87603759765625,64.40890502929688,450.276611328125,512.5097045898438,399.7630310058594,63.31399917602539,108.84061431884766,159.0960235595703,158.04849243164062,197.49000549316406,256.0299987792969,67.27677154541016,110.72120666503906,5344.39013671875
2024-08-13,219.43438720703125,535.219970703125,170.22999572753906,330.5450744628906,162.9038848876953,332.973876953125,149.65292358398438,199.55545043945312,64.68289947509766,453.9029846191406,525.015625,406.8383483886719,64.802001953125,115.94889831542969,159.9777069091797,158.5032958984375,207.8300018310547,256.2664489746094,66.71858215332031,109.66051483154297,5434.43017578125
2024-08-14,219.8806610107422,539.7899780273438,170.10000610351562,329.36456298828125,159.14288330078125,338.29083251953125,149.7379608154297,201.76272583007812,64.7962875366211,454.69354248046875,523.2474975585938,409.6389465332031,66.16799926757812,117.88570404052734,161.22137451171875,159.93397521972656,201.3800048828125,257.2614440917969,67.23762512207031,110.6746826171875,5455.2099609375
2024-08-15,222.8557586669922,554.1599731445312,177.58999633789062,337.21844482421875,160.0657958984375,342.4855041503906,150.31431579589844,203.01991271972656,64.8624267578125,463.1419677734375,533.7470703125,414.482421875,66.3219985961914,122.6578369140625,160.11695861816406,159.10020446777344,214.13999938964844,262.8373718261719,71.66398620605469,111.35936737060547,5543.22021484375
2024-08-16,224.17474365234375,553.4600219726562,177.05999755859375,335.1110534667969,161.7130889892578,344.37823486328125,150.59776306152344,205.34231567382812,65.3631820678711,463.3099060058594,523.9031982421875,411.9622497558594,67.40699768066406,124.37500762939453,160.20974731445312,159.07176208496094,216.1199951171875,263.40875244140625,72.13340759277344,110.83412170410156,5554.25
2024-08-19,224.0160369873047,563.1199951171875,178.22000122070312,336.25250244140625,165.3946990966797,345.3389892578125,150.8245391845703,206.76263427734375,65.17420959472656,461.4324645996094,525.7506713867188,414.974609375,68.85299682617188,129.78610229492188,161.323486328125,159.57395935058594,222.72000122070312,262.51226806640625,72.39857482910156,111.17178344726562,5608.25
2024-08-20,224.6309051513672,562.25,178.8800048828125,334.9354248046875,165.9008026123047,349.3338623046875,151.32528686523438,205.8701171875,65.55213165283203,463.54705810546875,523.2177124023438,418.19378662109375,69.85399627685547,127.04061889648438,163.20753479003906,161.4594268798828,221.10000610351562,264.0589294433594,73.203857421875,107.46700286865234,5597.1201171875
2024-08-21,224.5218505859375,565.7899780273438,180.11000061035156,334.61346435546875,164.58096313476562,352.3680419921875,152.5252227783203,205.94691467285156,65.73167419433594,462.4403381347656,531.5914916992188,417.5440673828125,69.71199798583984,128.28855895996094,162.61355590820312,161.2225341796875,223.27000427246094,264.21661376953125,73.89132690429688,106.78231811523438,5620.85009765625
2024-08-22,222.66734313964844,557.4400024414062,176.1300048828125,334.018310546875,162.54664611816406,347.51715087890625,153.39450073242188,207.89505004882812,65.50492095947266,463.2506408691406,528.3829956054688,409.087646484375,68.89600372314453,123.536376953125,163.10545349121094,161.21307373046875,210.66000366210938,263.9604797363281,74.22522735595703,107.60768127441406,5570.64013671875
2024-08-23,224.9581756591797,558.2999877929688,177.0399932861328,339.92095947265625,164.35272216796875,357.24755859375,155.07630920410156,209.50730895996094,65.93951416015625,460.8988952636719,524.479248046875,410.308349609375,68.6729965209961,129.15711975097656,163.22608947753906,160.2845458984375,220.32000732421875,263.4678649902344,74.34308624267578,109.09899139404297,5634.60986328125
2024-08-26,225.29534912109375,559.4400024414062,175.5,342.60394287109375,164.88858032226562,355.8398132324219,155.5298309326172,210.3326416015625,66.93160247802734,463.07281494140625,517.6451416015625,407.0596923828125,68.84400177001953,126.25189208984375,163.31890869140625,161.40255737304688,213.2100067138672,264.2264099121094,74.66716003417969,111.43439483642578,5616.83984375
2024-08-27,226.1383056640625,567.8200073242188,173.1199951171875,342.56488037109375,163.41990661621094,354.9552307128906,155.12998962402344,211.30189514160156,67.55518341064453,469.3472900390625,515.6385498046875,407.4042663574219,69.5719985961914,128.08889770507812,162.6970672607422,160.36033630371094,209.2100067138672,266.6991882324219,74.76536560058594,110.37454986572266,5625.7998046875
2024-08-28,224.61106872558594,560.5399780273438,170.8000030517578,339.716064453125,161.60391235351562,354.48919677734375,156.0534210205078,212.3671417236328,67.79138946533203,466.1952209472656,513.3341064453125,404.2146301269531,68.38400268554688,125.40330505371094,161.4163055419922,160.18031311035156,205.75,265.19189453125,74.71627807617188,109.28655242919922,5592.18017578125
2024-08-29,227.88369750976562,569.6300048828125,172.1199951171875,343.0722351074219,160.54212951660156,351.2546691894531,156.3485565185547,213.2500457763672,68.07483673095703,475.08831787109375,514.764404296875,406.6954345703125,69.24800109863281,117.39649963378906,159.7178192138672,161.099365234375,206.27999877929688,270.24566650390625,75.05017852783203,110.79661560058594,5591.9599609375
2024-08-30,227.1002655029297,574.4099731445312,178.5,347.423583984375,162.1298828125,352.6326904296875,157.90032958984375,215.73562622070312,68.47167205810547,477.59814453125,517.8338623046875,410.6529846191406,70.13500213623047,119.17357635498047,160.4510498046875,162.53005981445312,214.11000061035156,272.2652587890625,75.84565734863281,110.61841583251953,5648.39990234375
2024-09-03,220.92196655273438,571.0399780273438,176.25,331.9499816894531,156.15591430664062,349.0345764160156,159.13795471191406,211.41708374023438,68.98188018798828,476.3926086425781,508.3475341796875,403.07269287109375,67.53199768066406,107.8222885131836,164.77603149414062,165.3535614013672,210.60000610351562,274.40301513671875,75.78672790527344,108.30174255371094,5528.93017578125
2024-09-04,219.0178680419922,575.25,173.3300018310547,328.5450439453125,155.2528839111328,348.9676208496094,159.32835388183594,210.48617553710938,68.55670928955078,477.4005126953125,509.3210144042969,402.54107666015625,67.96800231933594,106.03524017333984,165.68557739257812,166.66102600097656,219.41000366210938,276.32403564453125,75.85547637939453,106.97927856445312,5520.06982421875
2024-09-05,220.5352020263672,567.9299926757812,177.88999938964844,325.4327087402344,156.036865234375,346.2690124511719,157.0720977783203,208.85475158691406,67.2433853149414,471.6891784667969,513.4136352539062,402.03900146484375,68.36199951171875,107.0335922241211,166.40951538085938,166.25364685058594,230.1699981689453,274.4818420410156,75.58049774169922,106.14452362060547,5503.41015625
2024-09-06,218.98814392089844,563.4099731445312,171.38999938964844,321.3350524902344,149.7652130126953,344.5465393066406,156.4913787841797,203.89320373535156,67.21504974365234,470.4638977050781,496.9341735839844,395.45306396484375,66.5770034790039,102.66079711914062,165.84371948242188,166.3673553466797,210.72999572753906,275.220703125,75.2662353515625,105.64742279052734,5408.419921875
2024-09-09,219.07737731933594,569.8800048828125,175.39999389648438,325.9010009765625,147.76795959472656,349.781005859375,158.6143341064453,208.0677947998047,67.88587188720703,481.3035888671875,501.424072265625,399.4105224609375,67.54199981689453,106.29480743408203,166.63861083984375,166.81265258789062,216.27000427246094,281.3679504394531,75.95367431640625,107.87029266357422,5471.0498046875
2024-09-10,218.2840118408203,574.47998046875,179.5500030517578,326.01812744140625,147.71826171875,354.9006652832031,159.34738159179688,197.27142333984375,67.60242462158203,482.2225341796875,501.424072265625,407.7586364746094,67.36199951171875,107.92211151123047,166.2832489013672,168.45179748535156,226.1699981689453,281.1019592285156,77.39733123779297,103.94042205810547,5495.52001953125
2024-09-11,220.81285095214844,580.3800048828125,184.52000427246094,326.8376770019531,150.2024383544922,354.5369873046875,156.91024780273438,198.8740692138672,67.15835571289062,482.380615234375,508.4170837402344,416.461181640625,68.14700317382812,116.7176284790039,164.3848419189453,164.78504943847656,228.1300048828125,279.7424621582031,77.42678833007812,102.90868377685547,5554.1298828125
2024-09-12,220.92196655273438,586.5499877929688,187.0,331.3060302734375,153.71006774902344,358.307373046875,156.7388916015625,198.26947021484375,67.30008697509766,486.263916015625,522.0952758789062,420.359619140625,68.68000030517578,118.9541244506836,165.7595672607422,164.35870361328125,229.80999755859375,281.13153076171875,78.23209381103516,104.32496643066406,5595.759765625
2024-09-13,220.65419006347656,536.8699951171875,186.49000549316406,336.8964538574219,156.4625244140625,363.6278991699219,157.57666015625,196.08143615722656,67.93270111083984,487.4991455078125,521.121826171875,423.89373779296875,69.70600128173828,118.9141845703125,165.8624267578125,164.9366455078125,230.2899932861328,283.0821228027344,79.1552505493164,104.24992370605469,5626.02001953125
2024-09-16,214.5254669189453,521.5,184.88999938964844,339.4818420410156,157.05870056152344,365.5609436035156,158.9761199951172,199.4786834716797,68.58909606933594,491.79742431640625,530.2294921875,424.632080078125,69.6500015258789,116.59780883789062,165.72215270996094,167.93069458007812,226.77999877929688,286.1656799316406,79.11595153808594,105.71307373046875,5633.08984375
2024-09-17,214.99156188964844,515.030029296875,186.8800048828125,345.072265625,158.31072998046875,366.738037109375,159.05224609375,200.8126220703125,68.3037109375,495.0384521484375,533.2520751953125,428.3828430175781,70.69100189208984,115.40966796875,165.40419006347656,166.64212036132812,227.8699951171875,287.2296142578125,77.19108581542969,107.09183502197266,5634.580078125
2024-09-18,218.8592071533203,508.1300048828125,186.42999267578125,346.4674072265625,158.797607421875,367.4748840332031,158.17642211914062,199.1619873046875,68.25614929199219,488.8824462890625,534.8726806640625,424.1103515625,69.0469970703125,113.19313049316406,163.85182189941406,164.78504943847656,227.1999969482422,284.1954040527344,77.61338806152344,107.46700286865234,5618.259765625
2024-09-19,226.97132873535156,526.4400024414062,189.8699951171875,364.2142333984375,161.1128692626953,373.53228759765625,156.91024780273438,201.9930419921875,67.18115997314453,487.1532897949219,555.9017333984375,431.8677673339844,70.43199920654297,117.68611907958984,163.3374786376953,162.53005981445312,243.9199981689453,281.00347900390625,76.64114379882812,108.79884338378906,5713.64013671875
2024-09-20,226.30690002441406,522.2999877929688,191.60000610351562,359.8336181640625,162.55369567871094,373.07293701171875,156.2819061279297,202.5784454345703,68.15150451660156,486.88641357421875,558.1387329101562,428.5009460449219,70.10299682617188,115.81903839111328,160.0830535888672,165.06930541992188,238.25,280.5404052734375,77.6428451538086,108.1141586303711,5702.5498046875
2024-09-23,224.5912322998047,527.8699951171875,193.8800048828125,362.1263122558594,160.82469177246094,375.0824890136719,155.38702392578125,202.91432189941406,68.23711395263672,491.23419189453125,561.1813354492188,426.7683410644531,70.53700256347656,116.07862091064453,160.9527587890625,164.6429443359375,250.0,284.3431701660156,78.89008331298828,110.07442474365234,5718.56982421875
2024-09-24,225.48377990722656,524.0700073242188,193.9600067138672,376.5267639160156,161.2618865966797,383.40789794921875,154.96815490722656,203.05828857421875,67.8565902709961,481.6197814941406,560.1074829101562,422.495849609375,72.22599792480469,120.68143463134766,158.9047393798828,164.14077758789062,254.27000427246094,268.7285461425781,79.22399139404297,109.78366088867188,5732.93017578125
2024-09-25,224.4920654296875,517.9000244140625,192.52999877929688,369.0338439941406,160.4669647216797,379.8385314941406,152.8927764892578,201.71473693847656,67.97074890136719,483.6355285644531,565.0589599609375,425.39007568359375,72.15599822998047,123.31730651855469,158.41844177246094,163.2122344970703,257.0199890136719,265.6253356933594,79.94091033935547,107.64518737792969,5722.259765625
2024-09-26,225.63253784179688,515.3800048828125,191.16000366210938,381.4341125488281,161.6990966796875,379.6183776855469,153.64483642578125,201.32127380371094,67.92317962646484,485.43389892578125,564.5917358398438,424.6025390625,71.14299774169922,123.84647369384766,158.6896514892578,164.1123504638672,254.22000122070312,267.6547546386719,78.48744201660156,105.79750061035156,5745.3701171875
2024-09-27,225.90029907226562,515.47998046875,187.97000122070312,381.5511779785156,162.91139221191406,382.3265380859375,153.65435791015625,202.01223754882812,68.294189453125,487.7757873535156,564.114501953125,421.36370849609375,70.73500061035156,121.21060180664062,158.97955322265625,164.4344940185547,260.4599914550781,271.0830993652344,78.34993743896484,108.63002014160156,5738.169921875
2024-09-30,231.06707763671875,517.780029296875,186.3300018310547,381.59027099609375,164.79934692382812,387.7524108886719,154.28269958496094,202.35772705078125,68.36077880859375,487.9338684082031,569.1654663085938,423.6082763671875,70.927001953125,121.25054168701172,159.02630615234375,164.10289001464844,261.6300048828125,270.8663330078125,79.30255889892578,109.94310760498047,5762.47998046875
2024-10-01,224.33340454101562,502.79998779296875,185.1300048828125,382.8293151855469,165.93215942382812,391.4366149902344,154.21607971191406,198.69175720214844,68.21808624267578,490.4832458496094,573.1723022460938,414.147705078125,70.61299896240234,116.81745910644531,160.2700653076172,163.95127868652344,258.0199890136719,273.47698974609375,79.813232421875,112.4848861694336,5708.75
2024-10-02,224.89866638183594,505.80999755859375,184.75999450683594,384.4488830566406,164.80931091308594,393.5514831542969,153.4354248046875,198.931640625,67.55217742919922,489.682861328125,569.5332641601562,410.64306640625,71.10900115966797,118.66458129882812,158.55873107910156,162.8900909423828,249.02000427246094,272.88592529296875,78.9883041381836,113.97616577148438,5709.5400390625
2024-10-03,223.7978973388672,503.79998779296875,181.9600067138672,381.5610046386719,164.80931091308594,393.857666015625,152.79757690429688,196.95472717285156,67.08602905273438,489.0899963378906,579.436279296875,410.0622253417969,70.68000030517578,122.65834045410156,157.6048583984375,161.18466186523438,240.66000366210938,272.7479248046875,78.9883041381836,114.97036743164062,5699.93994140625
2024-10-04,224.91851806640625,507.2200012207031,186.50999450683594,387.4148254394531,166.00169372558594,390.77630615234375,152.59764099121094,203.9453582763672,66.7530746459961,491.78753662109375,592.531005859375,409.5897216796875,71.97000122070312,124.72510528564453,157.08111572265625,160.00978088378906,250.0800018310547,273.80206298828125,79.4891586303711,117.08068084716797,5751.06982421875
2024-10-07,219.85092163085938,487.29998779296875,180.8000030517578,388.54656982421875,161.9475555419922,390.4892578125,151.87411499023438,203.6653594970703,65.64955139160156,485.4635925292969,581.434814453125,403.1711120605469,70.19200134277344,127.52074432373047,156.37039184570312,158.3422088623047,240.8300018310547,269.72357177734375,77.68213653564453,117.58716583251953,5695.93994140625
2024-10-08,223.89706420898438,496.239990234375,182.72000122070312,378.5072326660156,163.33868408203125,396.3457336425781,152.0264434814453,203.4915313720703,65.81129455566406,491.1551208496094,589.4983520507812,408.2607116699219,72.1760025024414,132.68267822265625,159.372314453125,159.32760620117188,244.5,270.87615966796875,78.28120422363281,114.46387481689453,5751.1298828125
2024-10-09,227.63575744628906,494.0799865722656,185.1699981689453,386.5367431640625,160.8346405029297,398.1543273925781,152.94036865234375,206.06961059570312,66.18230438232422,494.6676330566406,587.1318969726562,410.9679870605469,72.74299621582031,132.44305419921875,161.3548583984375,160.37930297851562,241.0500030517578,272.8168640136719,78.9588394165039,114.51078033447266,5792.0400390625
2024-10-10,227.13992309570312,503.57000732421875,186.64999389648438,386.97576904296875,161.05323791503906,392.30743408203125,152.8070831298828,205.50955200195312,65.87787628173828,492.75799560546875,580.4902954101562,409.3731384277344,73.02899932861328,134.5996856689453,161.7757110595703,160.07611083984375,238.77000427246094,273.3489074707031,78.18299865722656,115.49560546875,5780.0498046875
2024-10-11,225.6623077392578,495.4200134277344,188.82000732421875,392.2246398925781,162.2058868408203,394.1639404296875,153.7115020751953,214.63409423828125,66.18230438232422,496.9532470703125,586.5752563476562,409.8456726074219,72.27899932861328,134.58970642089844,163.4777374267578,162.1036834716797,217.8000030517578,273.71343994140625,78.6642074584961,115.9364242553711,5815.02978515625
2024-10-14,229.3811798095703,509.6499938964844,187.5399932861328,384.3513488769531,163.9149932861328,397.5323791503906,153.84478759765625,213.8520050048828,66.914794921875,501.3067626953125,587.0426025390625,412.621826171875,71.30000305175781,137.85458374023438,164.68411254882812,163.4490966796875,219.16000366210938,276.5111999511719,78.8508071899414,116.37725067138672,5859.85009765625
2024-10-15,231.91004943847656,508.0299987792969,187.69000244140625,378.5364990234375,164.41184997558594,397.68548583984375,156.22482299804688,214.73065185546875,66.914794921875,501.8707275390625,582.9163208007812,412.2280578613281,70.5979995727539,131.39471435546875,164.4970703125,164.45346069335938,219.57000732421875,275.1418762207031,80.1864242553711,112.87879943847656,5815.259765625
2024-10-16,229.85719299316406,502.5400085449219,186.88999938964844,384.02935791015625,164.11370849609375,400.5849609375,156.39614868164062,215.93759155273438,67.13359832763672,508.63848876953125,573.490478515625,409.6487731933594,70.19999694824219,135.5082550048828,163.16912841796875,163.32594299316406,221.3300018310547,283.2496337890625,79.76412963867188,113.16956329345703,5842.47021484375
2024-10-17,230.22412109375,496.8299865722656,187.52999877929688,384.87811279296875,161.89784240722656,397.7046203613281,156.57705688476562,216.69073486328125,66.49623107910156,508.3316955566406,573.6296997070312,410.2394714355469,68.76499938964844,136.71636962890625,163.34681701660156,163.231201171875,220.88999938964844,286.0770263671875,79.44004821777344,112.87879943847656,5841.47021484375
2024-10-18,233.0504913330078,494.8999938964844,188.99000549316406,384.26348876953125,162.384765625,397.1304626464844,157.1958465576172,217.60801696777344,67.00992584228516,510.88446044921875,573.1723022460938,411.65704345703125,76.38899993896484,137.7847137451172,163.71151733398438,163.2378692626953,220.6999969482422,286.3035583496094,79.8525161743164,112.5599136352539,5864.669921875
2024-10-21,234.51820373535156,497.7099914550781,189.07000732421875,382.33465576171875,163.03065490722656,388.9007263183594,155.01573181152344,215.31964111328125,66.0681381225586,509.56854248046875,571.869873046875,412.2674560546875,77.20700073242188,143.48580932617188,163.66476440429688,161.5795440673828,218.85000610351562,282.58953857421875,79.36149597167969,112.62556457519531,5853.97998046875
2024-10-22,233.90333557128906,493.1099853515625,189.6999969482422,380.3567199707031,164.0938720703125,384.5466613769531,155.60598754882812,216.40106201171875,66.0681381225586,507.599609375,578.6806640625,420.8616027832031,76.42400360107422,143.36595153808594,163.06625366210938,161.73204040527344,217.97000122070312,280.5601806640625,80.54979705810547,113.20706176757812,5851.2001953125
2024-10-23,228.84567260742188,485.0299987792969,184.7100067138672,377.6837158203125,161.74880981445312,382.43182373046875,157.90032958984375,215.7155303955078,64.69825744628906,508.302001953125,560.4653930664062,417.99688720703125,74.92900085449219,139.34228515625,161.73831176757812,161.61769104003906,213.64999389648438,279.5455017089844,81.77738189697266,112.80376434326172,5797.419921875
2024-10-24,228.6572265625,482.8699951171875,186.3800048828125,378.9859313964844,161.68917846679688,385.34088134765625,155.8154296875,217.2314453125,64.02283477783203,505.2249450683594,564.5320434570312,418.1249084472656,75.45500183105469,140.1909637451172,160.99954223632812,161.65579223632812,260.4800109863281,279.0135192871094,81.551513671875,112.16597747802734,5809.85986328125
2024-10-25,229.49024963378906,483.7200012207031,187.8300018310547,377.9186706542969,164.22303771972656,381.7332458496094,153.15933227539062,214.65341186523438,63.66133117675781,501.9993896484375,569.970703125,421.4917297363281,75.46800231933594,141.31919860839844,160.6534881591797,160.32154846191406,269.19000244140625,277.5456237792969,81.03102111816406,112.07218170166016,5808.1201171875
2024-10-28,231.4637451171875,481.0400085449219,188.38999938964844,382.4618835449219,165.66383361816406,385.5419006347656,153.84478759765625,217.7335205078125,63.42350769042969,502.8403625488281,574.8526611328125,419.9559631347656,74.91200256347656,140.30076599121094,158.82994079589844,161.350830078125,262.510009765625,279.96905517578125,81.26670837402344,111.5188217163086,5823.52001953125
2024-10-29,231.73153686523438,485.3900146484375,190.8300018310547,379.42657470703125,168.6051025390625,378.05859375,152.40724182128906,215.22308349609375,62.36756134033203,500.9307861328125,589.88623046875,425.23260498046875,75.94400024414062,141.02964782714844,156.64158630371094,159.3208465576172,259.5199890136719,277.69342041015625,80.23551940917969,109.99937438964844,5832.919921875
2024-10-30,228.19113159179688,486.67999267578125,192.72999572753906,371.3290710449219,173.35479736328125,375.6184387207031,152.90228271484375,216.68109130859375,62.71003341674805,508.262451171875,588.41455078125,425.8036193847656,75.3740005493164,139.12261962890625,155.4352569580078,158.3582763671875,257.54998779296875,285.8504638671875,79.93109893798828,109.44600677490234,5813.669921875
2024-10-31,224.03590393066406,478.0799865722656,186.39999389648438,368.35247802734375,170.02603149414062,376.79547119140625,152.18829345703125,214.27684020996094,62.129737854003906,494.31146240234375,564.3331909179688,400.0307312011719,75.60299682617188,132.55287170410156,155.31365966796875,157.4242706298828,249.85000610351562,285.5450134277344,80.48104858398438,109.5304183959961,5705.4501953125
2024-11-01,221.06077575683594,482.79998779296875,197.92999267578125,371.7109069824219,170.20489501953125,375.6853942871094,152.4453125,215.26171875,61.84434509277344,502.71173095703125,563.91552734375,403.9881896972656,75.61000061035156,135.18875122070312,154.8554229736328,157.34803771972656,248.97999572753906,286.42181396484375,80.71675109863281,107.81402587890625,5728.7998046875
2024-11-04,220.16822814941406,481.3500061035156,195.77999877929688,368.665771484375,168.1678924560547,378.5370788574219,150.64602661132812,212.21054077148438,61.93947982788086,500.2381591796875,557.47265625,402.1078796386719,75.5510025024414,135.83775329589844,155.5568084716797,157.3289794921875,242.83999633789062,287.5153503417969,80.97207641601562,111.246826171875,5712.68994140625
2024-11-05,221.59632873535156,486.4200134277344,199.5,375.3729248046875,168.6647186279297,382.8624267578125,150.75074768066406,213.86166381835938,62.18682098388672,500.2183837890625,569.1554565429688,405.06121826171875,76.39099884033203,139.6917266845703,156.9689178466797,157.97706604003906,251.44000244140625,288.9339599609375,82.18003845214844,111.57508850097656,5782.759765625
2024-11-06,220.87237548828125,504.8299865722656,207.08999633789062,408.18389892578125,175.39181518554688,371.6470947265625,150.3032989501953,238.55099487304688,60.59813690185547,515.623779296875,568.777587890625,413.6456604003906,78.02100372314453,145.38282775878906,154.03248596191406,153.48818969726562,288.5299987792969,302.8343811035156,81.94434356689453,113.48844909667969,5929.0400390625
2024-11-07,225.59288024902344,500.9200134277344,210.0500030517578,399.6947326660156,179.60496520996094,382.24041748046875,149.20849609375,228.2388458251953,60.560081481933594,512.408203125,588.315185546875,418.81396484375,79.65399932861328,148.6477508544922,153.36851501464844,155.73739624023438,296.9100036621094,301.2581481933594,82.34699249267578,113.62913513183594,5973.10009765625
2024-11-08,225.3248291015625,494.67999267578125,208.17999267578125,385.164306640625,177.22018432617188,388.4222717285156,148.00894165039062,228.8181610107422,60.80742263793945,519.2154541015625,585.96875,415.968994140625,79.50399780273438,147.399658203125,154.40655517578125,159.83551025390625,321.2200012207031,303.2973937988281,83.3094253540039,113.59162902832031,5995.5400390625
2024-11-11,222.614501953125,504.4800109863281,206.83999633789062,388.2682189941406,179.20748901367188,390.7093811035156,147.59959411621094,231.04861450195312,60.274688720703125,524.5188598632812,579.833984375,411.5093994140625,80.54399871826172,145.03338623046875,153.6116180419922,158.23435974121094,350.0,306.3020935058594,82.70054626464844,112.99134826660156,6001.35009765625
2024-11-12,222.614501953125,526.4199829101562,208.91000366210938,384.8118591308594,180.46945190429688,385.72369384765625,145.3147735595703,231.30929565429688,60.12248229980469,523.5789184570312,581.4745483398438,416.4513244628906,81.94999694824219,148.05865478515625,153.6864471435547,158.05328369140625,328.489990234375,305.8283386230469,83.466552734375,112.87879943847656,5983.990234375
2024-11-13,223.4980926513672,532.5,214.10000610351562,378.9957580566406,177.746826171875,392.5275573730469,145.885986328125,232.85421752929688,59.932220458984375,516.365966796875,576.68212890625,418.58758544921875,83.0469970703125,146.0417938232422,154.06053161621094,158.758544921875,330.239990234375,305.463134765625,83.96742248535156,113.92926788330078,5985.3798828125
2024-11-14,226.57574462890625,529.8699951171875,211.47999572753906,379.2796936035156,174.46774291992188,388.25,144.5817108154297,233.53973388671875,59.50413131713867,514.9015502929688,573.8583374023438,420.2513122558594,83.72599792480469,146.53103637695312,154.44395446777344,159.2350616455078,311.17999267578125,304.24908447265625,82.95588684082031,114.00492858886719,5949.169921875
2024-11-15,223.37893676757812,503.3699951171875,202.61000061035156,376.0583190917969,171.39730834960938,390.6040954589844,146.6094970703125,236.86126708984375,58.733577728271484,516.3759155273438,550.9104614257812,408.5461730957031,82.39600372314453,141.75848388671875,148.33726501464844,161.5795440673828,320.7200012207031,305.6210632324219,82.73982238769531,112.82289123535156,5870.6201171875
2024-11-18,226.37716674804688,499.510009765625,201.6999969482422,376.4402160644531,174.18951416015625,392.7668151855469,147.34255981445312,236.5908966064453,58.84773635864258,516.1185302734375,551.2285766601562,409.29437255859375,84.70500183105469,139.93136596679688,148.06605529785156,162.73277282714844,338.739990234375,308.10833740234375,82.57286071777344,113.76852416992188,5893.6201171875
2024-11-19,226.6352996826172,499.6099853515625,204.61000061035156,374.3546142578125,176.9916229248047,389.28350830078125,145.65750122070312,234.71771240234375,59.54218292236328,513.9714965820312,557.88037109375,411.2928161621094,87.13200378417969,146.7806396484375,146.5604248046875,162.74229431152344,346.0,307.8023681640625,85.04769897460938,112.17985534667969,5916.97998046875
2024-11-20,227.35012817382812,499.5,202.8800048828125,373.5419616699219,174.86520385742188,382.7763671875,145.76220703125,232.48731994628906,59.922706604003906,507.12457275390625,562.2850341796875,409.0285339355469,88.38500213623047,145.6623992919922,148.44949340820312,162.8661651611328,342.0299987792969,303.4002685546875,85.61730194091797,113.77796173095703,5917.10986328125
2024-11-21,226.8735809326172,504.44000244140625,198.3800048828125,381.4631652832031,166.56808471679688,392.7763977050781,148.03750610351562,236.33021545410156,60.65521240234375,509.65753173828125,559.868896484375,407.26287841796875,89.74800109863281,146.44117736816406,149.94577026367188,164.6388397216797,339.6400146484375,305.8776550292969,86.80561828613281,115.30043029785156,5948.7099609375
2024-11-22,228.21383666992188,512.1500244140625,197.1199951171875,389.1983947753906,163.7162628173828,401.9151306152344,147.72335815429688,239.9897003173828,60.80742263793945,515.3567504882812,555.94140625,411.3367919921875,89.77899932861328,141.72853088378906,151.49815368652344,168.0030975341797,352.55999755859375,305.89739990234375,88.81886291503906,115.16804504394531,5969.33984375
2024-11-25,231.1922149658203,518.72998046875,201.4499969482422,397.18817138671875,166.5879669189453,410.2117919921875,148.3040771484375,241.6697540283203,61.24502182006836,521.0360107421875,561.8773193359375,413.10247802734375,86.55899810791016,135.80780029296875,152.4801025390625,169.0609588623047,338.5899963378906,309.1249694824219,87.89571380615234,113.44700622558594,5987.3701171875
2024-11-26,233.36643981933594,525.2999877929688,207.86000061035156,399.3226623535156,168.0486297607422,411.0251770019531,148.28488159179688,241.36077880859375,61.40674591064453,522.8960571289062,570.259033203125,422.17755126953125,87.26000213623047,136.70639038085938,151.64776611328125,170.89083862304688,338.2300109863281,307.77276611328125,89.67327117919922,111.55574798583984,6021.6298828125
2024-11-27,233.2373809814453,513.6799926757812,205.74000549316406,395.2789001464844,168.15794372558594,410.9482421875,149.12937927246094,241.1869659423828,61.29258728027344,526.7550048828125,565.9439697265625,417.2454833984375,87.73400115966797,135.1288604736328,152.17147827148438,170.9384765625,332.8900146484375,310.6153259277344,90.2330551147461,111.2625961303711,5998.740234375
2024-11-29,235.62010192871094,515.9299926757812,207.88999938964844,397.6385498046875,167.8797149658203,412.81451416015625,148.755126953125,241.119384765625,61.42198944091797,527.3091430664062,571.0346069335938,417.7090759277344,88.68099975585938,138.03433227539062,152.85415649414062,170.8431854248047,345.1600036621094,310.9904479980469,90.8419418334961,111.5462875366211,6032.3798828125
2024-12-02,237.8638153076172,516.2000122070312,210.7100067138672,394.1136779785156,170.4036407470703,410.72698974609375,148.55360412597656,237.7689208984375,61.009822845458984,525.7457885742188,589.4387817382812,425.126953125,89.77400207519531,138.4137420654297,152.4801025390625,171.26254272460938,357.0899963378906,312.5400695800781,90.97943115234375,111.44227600097656,6047.14990234375
2024-12-03,240.90176391601562,516.260009765625,213.44000244140625,390.93145751953125,170.2545623779297,413.0261535644531,146.21206665039062,236.38816833496094,60.885215759277344,520.62060546875,610.1395874023438,425.3439636230469,90.21700286865234,140.04116821289062,151.2176055908203,167.18348693847656,351.4200134277344,308.94732666015625,91.83383178710938,111.27205657958984,6049.8798828125
2024-12-04,241.25918579101562,536.489990234375,218.16000366210938,391.1763000488281,173.26536560058594,411.6505126953125,144.39833068847656,235.01705932617188,59.629547119140625,515.6337890625,610.2689819335938,431.4794616699219,91.10600280761719,144.91354370117188,149.796142578125,166.88803100585938,357.92999267578125,305.8776550292969,92.7569808959961,108.0663833618164,6086.490234375
2024-12-05,241.28897094726562,538.219970703125,220.5500030517578,386.74078369140625,171.54635620117188,410.3229675292969,143.4866485595703,237.02542114257812,60.31010055541992,519.2254028320312,605.4466552734375,436.6088562011719,91.78700256347656,144.8436737060547,150.08602905273438,167.7648468017578,369.489990234375,305.06829833984375,93.59175872802734,108.53919219970703,6075.10986328125
2024-12-06,241.0903778076172,552.9600219726562,227.02999877929688,386.78973388671875,173.60324096679688,414.9693603515625,143.28512573242188,238.8406524658203,59.936275482177734,522.9852294921875,620.2017822265625,437.5459899902344,93.4739990234375,142.2275848388672,148.81752014160156,165.6586151123047,389.2200012207031,306.9732971191406,93.98457336425781,107.39498138427734,6090.27001953125
2024-12-09,244.97222900390625,547.9299926757812,226.08999633789062,390.93145751953125,174.45877075195312,412.8625793457031,143.56341552734375,235.41294860839844,60.00337219238281,517.2959594726562,610.0601806640625,439.96270751953125,91.36900329589844,138.60299682617188,150.40200805664062,162.77085876464844,389.7900085449219,304.2984619140625,92.1480941772461,106.76141357421875,6052.85009765625
2024-12-10,245.98489379882812,547.0499877929688,225.0399932861328,380.2882385253906,184.20785522460938,406.5231628417969,143.20834350585938,234.4956512451172,60.30051803588867,523.420654296875,615.7772216796875,437.3092041015625,91.33499908447266,134.8685760498047,150.75091552734375,164.19091796875,400.989990234375,308.32550048828125,92.85519409179688,106.54391479492188,6034.91015625
2024-12-11,244.714111328125,549.9299926757812,230.25999450683594,380.7582092285156,194.3846893310547,405.3591613769531,140.72286987304688,235.14256286621094,60.041717529296875,528.8031616210938,629.0608520507812,442.892333984375,93.65599822998047,139.10226440429688,147.8555145263672,162.61837768554688,424.7699890136719,309.7171630859375,93.25784301757812,105.83468627929688,6084.18994140625
2024-12-12,246.1735076904297,474.6300048828125,228.97000122070312,372.8369445800781,190.9625701904297,398.6637878417969,140.33900451660156,233.2114715576172,61.19194030761719,526.7846069335938,627.181396484375,443.4546203613281,92.55500030517578,137.1351776123047,149.86439514160156,162.8280792236328,418.1000061035156,310.1514587402344,92.40343475341797,105.74012756347656,6051.25
2024-12-13,246.34231567382812,465.69000244140625,227.4600067138672,372.5726013183594,188.83367919921875,401.1264343261719,140.7036590576172,231.67620849609375,60.501808166503906,523.4107055664062,616.80126953125,441.19573974609375,91.88700103759766,134.04978942871094,148.98728942871094,163.02818298339844,436.2300109863281,310.6548156738281,92.76564025878906,104.81340789794922,6051.08984375
2024-12-16,249.2313232421875,461.5299987792969,232.92999267578125,371.0157775878906,195.63815307617188,395.0948181152344,138.04544067382812,231.32861328125,59.95545196533203,524.706787109375,621.1697387695312,445.45703125,92.10800170898438,131.80313110351562,147.14816284179688,163.10443115234375,463.0199890136719,311.7899169921875,93.3758773803711,102.57227325439453,6074.080078125
2024-12-17,251.6537322998047,455.2300109863281,231.14999389648438,367.9607849121094,194.40457153320312,392.94000244140625,140.5021514892578,230.15066528320312,60.77018737792969,525.3995361328125,616.3933715820312,448.2880554199219,91.91300201416016,130.19552612304688,147.2613525390625,162.3324737548828,479.8599853515625,314.1686096191406,93.91722106933594,102.13729095458984,6050.60986328125
2024-12-18,246.26287841796875,441.30999755859375,220.52000427246094,356.29931640625,187.42105102539062,378.8470153808594,138.90911865234375,222.43580627441406,60.24300003051758,514.4661865234375,594.2527465820312,431.4499206542969,88.95500183105469,128.71775817871094,145.6485595703125,161.1411590576172,440.1300048828125,305.75921630859375,92.07666778564453,100.63373565673828,5872.16015625
2024-12-19,247.99032592773438,437.3900146484375,223.2899932861328,352.8526916503906,187.5304718017578,370.3815612792969,137.78634643554688,224.93663024902344,59.859596252441406,517.7511596679688,592.6407470703125,431.09478759765625,90.2040023803711,130.48509216308594,142.85690307617188,161.24600219726562,436.1700134277344,310.79302978515625,91.92903137207031,99.7732162475586,5867.080078125
2024-12-20,252.65646362304688,447.1700134277344,224.9199981689453,358.4044189453125,190.41542053222656,377.6733703613281,138.64041137695312,229.41680908203125,59.95545196533203,522.4509887695312,582.3714599609375,430.670654296875,90.90499877929688,134.49911499023438,144.10182189941406,160.16908264160156,421.05999755859375,313.5863037109375,90.78730773925781,100.1136474609375,5930.85009765625
2024-12-23,253.4308319091797,446.739990234375,225.05999755859375,357.7680358886719,193.61871337890625,377.52911376953125,139.4081573486328,230.1796112060547,59.792503356933594,523.3711547851562,596.899658203125,429.3389892578125,91.1449966430664,139.46168518066406,142.68711853027344,160.21670532226562,430.6000061035156,313.1026306152344,88.92707824707031,100.52027130126953,5974.06982421875
2024-12-24,256.3396911621094,447.94000244140625,229.0500030517578,359.9024963378906,195.09100341796875,381.0788269042969,139.96473693847656,233.964599609375,60.23341751098633,530.0499267578125,604.7608032226562,433.363525390625,93.21199798583984,140.01087951660156,144.12071228027344,161.0077362060547,462.2799987792969,316.48809814453125,91.22036743164062,100.61483001708984,6040.0400390625
2024-12-26,257.1537780761719,450.1600036621094,227.0500030517578,359.4619140625,194.5836639404297,380.1167907714844,139.70562744140625,234.76600646972656,59.97462463378906,530.4852294921875,600.3824462890625,432.16009521484375,92.41400146484375,139.72132873535156,143.771728515625,162.17044067382812,454.1300048828125,316.7447204589844,91.32864379882812,100.69993591308594,6037.58984375
2024-12-27,253.74853515625,446.4800109863281,223.75,357.2490234375,191.75840759277344,377.9234619140625,139.19700622558594,232.86387634277344,59.859596252441406,526.5769653320312,596.8598022460938,424.6830749511719,90.75499725341797,136.8056640625,144.19615173339844,161.57003784179688,431.6600036621094,314.5239562988281,90.21643829345703,100.69047546386719,5970.83984375
2024-12-30,250.38294982910156,445.79998779296875,221.3000030517578,355.4376525878906,190.24630737304688,374.6239013671875,137.55601501464844,231.07757568359375,59.4570198059082,519.9970703125,588.3319702148438,419.06048583984375,90.04299926757812,137.2849578857422,143.09268188476562,159.24459838867188,417.4100036621094,311.21746826171875,89.14360809326172,100.0096206665039,5906.93994140625
2024-12-31,248.61578369140625,444.67999267578125,219.38999938964844,355.1928405761719,188.31640625,374.2005920410156,138.7843780517578,231.4541473388672,59.67748260498047,521.00634765625,582.6301879882812,415.7757263183594,89.13200378417969,134.08973693847656,143.41336059570312,159.77830505371094,403.8399963378906,311.9380187988281,88.92707824707031,101.72120666503906,5881.6298828125
2025-01-02,242.0931396484375,441.0,220.22000122070312,352.26519775390625,188.44569396972656,373.69073486328125,138.20858764648438,231.73416137695312,59.274898529052734,516.8804321289062,596.292724609375,412.8953857421875,88.6729965209961,138.10372924804688,141.66854858398438,158.18670654296875,379.2799987792969,310.31927490234375,88.58257293701172,101.47534942626953,5868.5498046875
2025-01-03,241.60665893554688,430.57000732421875,224.19000244140625,356.20135498046875,190.79344177246094,374.3833923339844,138.37173461914062,234.90118408203125,59.18863296508789,515.8514404296875,601.6561279296875,417.6005554199219,88.1050033569336,144.25453186035156,141.14036560058594,157.3766326904297,410.44000244140625,310.8226013183594,89.35028839111328,101.99544525146484,5942.47021484375
2025-01-06,243.23484802246094,431.17999267578125,227.61000061035156,356.6028137207031,195.84706115722656,374.566162109375,137.86309814453125,233.75595092773438,58.28762435913086,506.5210266113281,627.1004028320312,422.0394592285156,88.17900085449219,149.20716857910156,137.9525909423828,153.059326171875,411.04998779296875,308.9769592285156,89.99005889892578,101.88197326660156,5975.3798828125
2025-01-07,240.46495056152344,422.6300048828125,222.11000061035156,355.4278564453125,194.47421264648438,369.6216125488281,140.3293914794922,236.00759887695312,58.316383361816406,505.9966125488281,614.8509521484375,416.63385009765625,87.91899871826172,139.9310302734375,137.13206481933594,153.72647094726562,394.3599853515625,307.62469482421875,89.37982177734375,102.8370590209961,5909.02978515625
2025-01-08,240.95140075683594,419.5799865722656,222.1300048828125,353.53814697265625,192.9422149658203,372.4786682128906,136.5292205810547,235.96881103515625,59.15029525756836,510.94384765625,607.7161865234375,418.7941589355469,87.5,139.90106201171875,138.2072296142578,154.48890686035156,394.94000244140625,308.5425720214844,90.35424041748047,101.11601257324219,5918.25
2025-01-10,235.1435546875,405.9200134277344,218.94000244140625,343.67816162109375,191.04214477539062,375.06640625,136.32766723632812,232.80479431152344,58.53683853149414,500.07373046875,612.8309326171875,413.2603454589844,83.76899719238281,135.7073211669922,134.5290069580078,151.1151123046875,394.739990234375,303.716064453125,91.53533935546875,100.7472152709961,5827.0400390625
2025-01-13,232.71121215820312,408.5,218.4600067138672,354.938232421875,190.0175018310547,374.3833923339844,138.64041137695312,237.01699829101562,59.09278106689453,500.31158447265625,605.3380126953125,411.5242614746094,84.02899932861328,133.03131103515625,136.28323364257812,151.3819580078125,403.30999755859375,302.93634033203125,90.08849334716797,103.34769439697266,5836.22021484375
2025-01-14,231.5992889404297,412.7099914550781,217.75999450683594,363.819091796875,188.6745147705078,377.8465576171875,138.90911865234375,240.1809539794922,59.46660232543945,504.3841247558594,591.3271484375,410.0248718261719,82.83999633789062,131.56349182128906,136.70762634277344,152.23971557617188,396.3599853515625,305.07818603515625,89.36014556884766,103.75431060791016,5842.91015625
2025-01-15,236.15621948242188,417.2799987792969,223.35000610351562,367.06982421875,194.53390502929688,390.6505126953125,139.12026977539062,244.91722106933594,59.20780944824219,517.5925903320312,614.0847778320312,420.5203552246094,84.82599639892578,136.03683471679688,136.54730224609375,152.15390014648438,428.2200012207031,312.1748046875,89.90147399902344,105.44698333740234,5949.91015625
2025-01-16,226.61544799804688,426.92999267578125,220.66000366210938,372.61175537109375,191.9076385498047,393.7672424316406,141.80726623535156,246.78067016601562,59.66789627075195,518.3755493164062,608.2932739257812,418.8138122558594,84.23699951171875,133.37081909179688,138.2072296142578,152.96400451660156,413.82000732421875,313.13226318359375,89.86211395263672,105.26731872558594,5937.33984375
2025-01-17,228.3230743408203,429.989990234375,225.94000244140625,377.9676208496094,194.9815673828125,393.81536865234375,141.0971221923828,251.52664184570312,60.10881423950195,519.9212646484375,609.7561645507812,423.20343017578125,85.80999755859375,137.504638671875,139.81997680664062,153.56443786621094,426.5,315.47149658203125,90.49203491210938,106.21295166015625,5996.66015625
2025-01-21,221.0359344482422,436.3599853515625,230.7100067138672,391.4801940917969,197.0209197998047,402.52130126953125,142.17190551757812,255.2825927734375,59.830841064453125,523.2506713867188,613.4280395507812,422.68060302734375,86.96800231933594,140.61997985839844,140.10293579101562,154.12672424316406,424.07000732421875,319.429443359375,91.61407470703125,105.40916442871094,6049.240234375
2025-01-22,222.21734619140625,437.32000732421875,235.00999450683594,390.74310302734375,197.33926391601562,394.5080261230469,139.4081573486328,255.09823608398438,59.217384338378906,522.3787841796875,620.433349609375,440.1402587890625,95.39900207519531,146.85069274902344,139.66908264160156,157.0049285888672,415.1099853515625,319.3603515625,91.76171112060547,103.57463836669922,6086.3701171875
2025-01-23,222.04859924316406,437.2799987792969,235.4199981689453,399.38128662109375,196.95127868652344,398.6349182128906,140.72286987304688,258.1166687011719,58.97775650024414,529.3545532226562,633.3196411132812,440.6432800292969,98.48600006103516,147.00045776367188,140.16896057128906,158.34872436523438,412.3800048828125,323.95001220703125,92.33258056640625,104.16093444824219,6118.7099609375
2025-01-24,221.17494201660156,435.3800048828125,234.85000610351562,400.5900573730469,199.16970825195312,398.7406921386719,140.89561462402344,257.039306640625,59.35158157348633,528.6312255859375,644.3052978515625,438.0293273925781,97.75900268554688,142.40731811523438,140.64051818847656,157.36781311035156,406.5799865722656,325.9141845703125,93.26760864257812,102.751953125,6101.240234375
2025-01-27,228.20391845703125,438.6000061035156,235.4199981689453,388.1585388183594,190.81332397460938,408.7164611816406,146.7206573486328,258.01959228515625,61.22069549560547,542.6524047851562,656.6343994140625,428.6582946777344,97.18900299072266,118.24340057373047,145.818359375,162.67990112304688,397.1499938964844,330.1978454589844,95.86604309082031,104.17984771728516,6012.27978515625
2025-01-28,236.54339599609375,442.8399963378906,238.14999389648438,383.549560546875,194.2852325439453,402.9061279296875,144.31195068359375,259.2716064453125,59.7733268737793,542.375,671.013427734375,441.12664794921875,97.18299865722656,128.79763793945312,141.70628356933594,159.35264587402344,398.0899963378906,330.13861083984375,95.75776672363281,102.1656494140625,6067.7001953125
2025-01-29,237.635498046875,441.67999267578125,237.07000732421875,386.4388122558594,194.39463806152344,397.70184326171875,145.05087280273438,258.72808837890625,60.223838806152344,543.8018188476562,673.1627197265625,436.32281494140625,97.81500244140625,123.5155258178711,141.81944274902344,159.39102172851562,389.1000061035156,331.52044677734375,95.96446990966797,102.76139831542969,6039.31005859375
2025-01-30,235.8782501220703,446.0,234.63999938964844,368.5039978027344,199.8262481689453,398.7406921386719,146.70147705078125,260.3294677734375,61.39323425292969,560.8551025390625,683.6210327148438,409.3540954589844,97.3239974975586,124.46410369873047,143.26242065429688,160.5224609375,400.2799987792969,338.59735107421875,97.09635925292969,103.61246490478516,6071.169921875
2025-01-31,234.2996826171875,437.45001220703125,237.67999267578125,365.02508544921875,202.95989990234375,396.3165588378906,146.01051330566406,259.4269104003906,60.84687042236328,550.3713989257812,685.790283203125,409.42315673828125,97.6760025024414,119.89094543457031,142.12124633789062,159.16090393066406,404.6000061035156,337.3636169433594,96.61406707763672,101.02145385742188,6040.52978515625
2025-02-03,226.36724853515625,438.6000061035156,237.4199981689453,355.3058776855469,200.1843719482422,393.218994140625,145.7418212890625,258.9513244628906,60.722267150878906,558.8138427734375,694.0296020507812,405.3393859863281,97.89399719238281,116.48603820800781,141.72515869140625,161.81690979003906,383.67999267578125,341.3314514160156,97.97232818603516,101.26730346679688,5994.56982421875
2025-02-04,231.12274169921875,440.2300109863281,242.05999755859375,355.6990051269531,205.30764770507812,395.8451843261719,147.29647827148438,260.04803466796875,60.070472717285156,554.0178833007812,700.7265014648438,406.7696838378906,99.48699951171875,118.47305297851562,135.33067321777344,161.2128448486328,392.2099914550781,340.6701354980469,99.1829605102539,103.98126220703125,6037.8798828125
2025-02-05,230.7951202392578,437.6300048828125,236.1699981689453,352.65252685546875,190.33584594726562,398.0865783691406,148.4480438232422,262.46466064453125,60.501808166503906,561.1324462890625,701.403076171875,407.67718505859375,101.11100006103516,124.64383697509766,137.37728881835938,162.05662536621094,378.1700134277344,344.9044494628906,100.84634399414062,103.90560913085938,6061.47998046875
2025-02-06,231.53970336914062,435.3999938964844,238.8300018310547,359.1385498046875,190.6044464111328,398.4136657714844,147.31564331054688,268.7441101074219,60.73185348510742,561.9945678710938,708.4880981445312,410.1728515625,101.56800079345703,128.4880828857422,137.0849151611328,161.93199157714844,374.32000732421875,342.96990966796875,101.2302017211914,102.53445434570312,6083.56982421875
2025-02-07,225.98997497558594,433.07000732421875,229.14999389648438,357.59564208984375,184.376953125,391.8818054199219,146.9413604736328,267.6764831542969,61.19194030761719,557.6246948242188,711.0057983398438,404.1852722167969,101.39299774169922,129.6463623046875,136.3586883544922,161.05941772460938,361.6199951171875,343.5028381347656,99.5569839477539,102.96945190429688,6025.990234375
2025-02-10,226.25833129882812,451.1000061035156,233.13999938964844,356.9470520019531,185.50108337402344,398.2500915527344,148.01620483398438,263.05670166015625,61.87248992919922,560.3397827148438,713.8715209960938,406.6217041015625,102.76000213623047,133.37081909179688,136.1417694091797,160.6375274658203,350.7300109863281,346.6712341308594,101.29911041259766,104.93634796142578,6066.43994140625
2025-02-11,231.19793701171875,458.82000732421875,232.75999450683594,355.9742126464844,184.35707092285156,400.5299987792969,149.82992553710938,266.8903503417969,64.79597473144531,559.5570068359375,716.2596435546875,405.8523254394531,100.80799865722656,132.60195922851562,137.3583984375,162.4593505859375,328.5,346.7503356933594,100.856201171875,105.59828186035156,6068.5
2025-02-12,235.42198181152344,462.760009765625,228.92999267578125,345.96014404296875,182.65594482421875,391.6605529785156,148.9950408935547,267.3368225097656,65.85993194580078,559.4578857421875,721.812255859375,403.4848937988281,102.73100280761719,130.94442749023438,135.80224609375,162.6031951904297,336.510009765625,347.5115966796875,101.97823333740234,102.42117309570312,6051.97021484375
2025-02-13,240.05349731445312,459.2200012207031,230.3699951171875,347.5914611816406,185.17279052734375,396.7494201660156,150.9047088623047,268.1812438964844,66.6171646118164,561.15234375,724.9766235351562,404.96453857421875,104.36900329589844,135.08822631835938,136.3586883544922,163.98394775390625,355.94000244140625,351.6047668457031,103.39556884765625,103.16536712646484,6115.06982421875
2025-02-14,243.10472106933594,460.1600036621094,228.67999267578125,347.2180480957031,184.2675323486328,393.93084716796875,149.84913635253906,268.4432678222656,66.01329803466797,559.616455078125,733.0467529296875,402.8832092285156,105.86000061035156,138.64292907714844,135.23634338378906,156.18841552734375,355.8399963378906,349.8053283691406,102.4014663696289,103.27030944824219,6114.6298828125
2025-02-18,242.97552490234375,464.1099853515625,226.64999389648438,347.88629150390625,182.81512451171875,387.9761657714844,149.92649841308594,271.70428466796875,66.18583679199219,563.431396484375,712.8465576171875,404.0768127441406,103.58499908447266,139.1920928955078,135.90597534179688,158.62393188476562,354.1099853515625,352.69232177734375,102.14556121826172,105.08308410644531,6129.580078125
2025-02-19,243.373046875,456.989990234375,226.6300048828125,346.903564453125,184.3073272705078,380.3957824707031,152.73175048828125,271.0249328613281,67.16352844238281,563.3223266601562,700.30859375,409.1370849609375,104.33300018310547,139.02236938476562,137.51873779296875,159.6403350830078,360.55999755859375,351.2092590332031,102.36209106445312,105.2357406616211,6144.14990234375
2025-02-20,244.3271942138672,454.69000244140625,222.8800048828125,343.1200256347656,183.6010284423828,379.6358337402344,154.46328735351562,258.9415588378906,67.13477325439453,558.1500244140625,691.4224853515625,411.3017272949219,102.4540023803711,139.90106201171875,140.62167358398438,160.33070373535156,354.3999938964844,346.52294921875,95.67903137207031,106.85768127441406,6117.52001953125
2025-02-21,244.04891967773438,444.32000732421875,216.5800018310547,334.16741943359375,178.7264862060547,370.6509094238281,156.9976806640625,256.4570007324219,68.39043426513672,552.4324951171875,680.18798828125,403.4735412597656,100.31500244140625,134.22952270507812,144.77145385742188,163.22645568847656,337.79998779296875,344.5851135253906,93.28730010986328,105.60784149169922,6013.1298828125
2025-02-24,245.5894317626953,444.4200134277344,212.7100067138672,333.06671142578125,178.31858825683594,367.88043212890625,158.39064025878906,253.64244079589844,67.66194915771484,553.908935546875,664.8438720703125,399.3124084472656,98.84700012207031,130.0857391357422,145.1015625,163.52366638183594,330.5299987792969,345.9000244140625,92.19478607177734,106.16118621826172,5983.25
2025-02-25,245.52980041503906,443.4100036621094,212.8000030517578,336.447265625,174.5084991455078,378.337158203125,160.66384887695312,249.8184814453125,68.52462005615234,558.89306640625,654.26611328125,393.2831726074219,97.7239990234375,126.44115447998047,147.52542114257812,165.546875,302.79998779296875,348.1048583984375,96.1514663696289,104.69190979003906,5955.25
2025-02-26,238.890625,441.5,214.35000610351562,336.66351318359375,171.83248901367188,375.63397216796875,157.75221252441406,251.1675262451172,67.86324310302734,556.1583251953125,670.3864135742188,395.0920104980469,99.00599670410156,131.08421325683594,142.89462280273438,164.25242614746094,290.79998779296875,346.6613464355469,94.68492126464844,104.4343032836914,5956.06005859375
2025-02-27,235.84933471679688,437.19000244140625,208.74000549316406,334.1280822753906,167.6244659423828,375.43194580078125,158.38095092773438,251.41986083984375,67.93034362792969,559.6759643554688,655.0025024414062,387.97552490234375,96.30699920654297,119.9708251953125,143.37562561035156,164.8948516845703,281.95001220703125,351.7135009765625,95.2656478881836,105.09262084960938,5861.56982421875
2025-02-28,240.36158752441406,438.55999755859375,212.27999877929688,338.0098571777344,169.3951873779297,381.5213317871094,159.6288299560547,256.85491943359375,68.25623321533203,571.0612182617188,664.91357421875,392.3837585449219,98.05599975585938,124.73370361328125,144.74319458007812,166.6879425048828,292.9800109863281,358.6046142578125,97.0569839477539,106.21844482421875,5954.5
2025-03-03,236.5748748779297,440.7200012207031,205.02000427246094,326.3055419921875,166.14219665527344,374.8739929199219,161.81497192382812,252.94363403320312,69.3201904296875,569.6839599609375,651.828125,383.98236083984375,97.37000274658203,113.88990020751953,147.119873046875,168.36590576171875,284.6499938964844,357.7247009277344,96.05303955078125,102.81234741210938,5849.72021484375
2025-03-04,234.4877166748047,446.0299987792969,203.8000030517578,321.1069030761719,170.03189086914062,367.1685485839844,160.01573181152344,242.87905883789062,67.27854919433594,550.0147094726562,636.8522338867188,384.1009826660156,97.25800323486328,115.81703186035156,145.42222595214844,166.0550537109375,272.0400085449219,348.2431945800781,93.47429656982422,102.60245513916016,5778.14990234375
2025-03-05,234.29888916015625,451.239990234375,208.36000061035156,332.6441345214844,172.12095642089844,371.6610107421875,159.72555541992188,244.12136840820312,67.17311096191406,553.2152709960938,653.2411499023438,396.36700439453125,99.09200286865234,117.12507629394531,145.12985229492188,167.42623901367188,279.1000061035156,348.6881103515625,94.46839904785156,100.59888458251953,5842.6298828125
2025-03-06,233.8914031982422,444.7799987792969,200.6999969482422,335.12066650390625,171.45445251464844,367.2166748046875,160.412353515625,239.27833557128906,67.53734588623047,544.8126220703125,624.841552734375,392.284912109375,90.63600158691406,110.40510559082031,145.818359375,167.47418212890625,263.45001220703125,340.2645568847656,93.14950561523438,102.67878723144531,5738.52001953125
2025-03-07,237.60853576660156,449.3999938964844,199.25,344.25018310546875,172.9566192626953,362.4740905761719,161.24427795410156,235.143798828125,68.46711730957031,541.7903442382812,622.5827026367188,388.7464599609375,89.11100006103516,112.5219497680664,146.9458465576172,168.71112060546875,262.6700134277344,341.4114685058594,90.2754898071289,104.0145034790039,5770.2001953125
2025-03-10,226.08935546875,435.0799865722656,194.5399932861328,339.2480773925781,165.1981658935547,360.40582275390625,162.22125244140625,225.380126953125,68.48626708984375,532.2281494140625,595.048828125,375.7490539550781,86.66799926757812,106.8204574584961,148.6680145263672,169.00836181640625,222.14999389648438,337.6148986816406,86.43692016601562,106.66687774658203,5614.56005859375
2025-03-11,219.48997497558594,433.6600036621094,196.58999633789062,333.9020080566406,163.37557983398438,354.1625671386719,160.44137573242188,222.39083862304688,68.0932846069336,521.0112915039062,602.7308959960938,376.0356750488281,89.51000213623047,108.59780883789062,144.93821716308594,165.99754333496094,230.5800018310547,328.3806457519531,86.06289672851562,104.14807891845703,5572.06982421875
2025-03-12,215.653564453125,438.6000061035156,198.88999938964844,332.2903747558594,166.43313598632812,350.86297607421875,157.52972412109375,221.1873779296875,67.03890991210938,519.86181640625,616.5126953125,378.82293701171875,91.96800231933594,115.57803344726562,140.98008728027344,161.44296264648438,248.08999633789062,329.0727233886719,83.85816955566406,104.11945343017578,5599.2998046875
2025-03-13,208.398193359375,377.8399963378906,193.88999938964844,327.5536193847656,162.10076904296875,336.16748046875,157.66513061523438,218.55718994140625,66.7322006225586,515.095703125,587.7349853515625,374.37518310546875,89.01699829101562,115.41825103759766,141.141845703125,161.65390014648438,240.67999267578125,324.83123779296875,83.16919708251953,103.68057250976562,5521.52001953125
2025-03-14,212.18490600585938,394.739990234375,197.9499969482422,333.7742919921875,164.81971740722656,340.097900390625,157.4910125732422,225.5936737060547,66.78047943115234,522.8345336914062,605.1493530273438,384.05157470703125,91.80000305175781,121.49972534179688,141.37969970703125,161.05941772460938,249.97999572753906,328.0444641113281,84.00582122802734,106.76228332519531,5638.93994140625
2025-03-17,212.69178771972656,399.3399963378906,195.74000549316406,336.7225036621094,163.6245574951172,342.827880859375,157.52005004882812,227.03976440429688,67.70744323730469,527.1448364257812,602.4603271484375,384.18994140625,95.00199890136719,119.36271667480469,143.99627685546875,162.77577209472656,238.00999450683594,330.76336669921875,86.08258819580078,108.53688049316406,5675.1201171875
2025-03-18,211.38980102539062,391.3699951171875,192.82000732421875,330.8948669433594,160.01922607421875,338.4134521484375,158.88397216796875,228.04913330078125,66.99288940429688,525.3612670898438,580.01123046875,379.0700378417969,92.99800109863281,115.26846313476562,141.7602996826172,160.8101348876953,225.30999755859375,330.9808654785156,84.24203491210938,108.42237854003906,5614.66015625
2025-03-19,213.92420959472656,387.8900146484375,195.5399932861328,332.7718811035156,163.2261962890625,342.14056396484375,157.66513061523438,232.0671844482422,66.89634704589844,531.2075805664062,581.7044067382812,383.3201904296875,95.9489974975586,117.35552978515625,140.9230194091797,161.63473510742188,235.86000061035156,336.02313232421875,84.97039031982422,110.11112213134766,5675.2900390625
2025-03-20,212.79116821289062,389.6099853515625,194.9499969482422,330.44287109375,162.14059448242188,344.17352294921875,157.69415283203125,231.9701385498047,67.31153869628906,531.494873046875,583.6365356445312,382.35150146484375,95.08399963378906,118.36412048339844,140.0095672607422,160.65672302246094,236.25999450683594,335.6573181152344,84.45856475830078,110.57862854003906,5662.89013671875
2025-03-21,216.9356689453125,387.260009765625,196.2100067138672,329.98095703125,163.32579040527344,339.9429931640625,158.28424072265625,234.51296997070312,66.30732727050781,530.811279296875,593.84521484375,386.7202453613281,96.02899932861328,117.5352783203125,138.39207458496094,159.8320770263672,248.7100067138672,331.86077880859375,84.85828399658203,110.19698333740234,5667.56005859375
2025-03-24,219.38064575195312,394.4700012207031,203.25999450683594,335.76922607421875,167.00083923339844,352.16021728515625,157.95533752441406,240.7535858154297,66.57769012451172,538.7184448242188,616.35400390625,388.5191345214844,97.1989974975586,121.24009704589844,139.34353637695312,158.83486938476562,278.3900146484375,339.9778747558594,86.34858703613281,110.48322296142578,5767.56982421875
2025-03-25,222.38217163085938,403.6400146484375,205.7100067138672,336.70281982421875,169.86917114257812,349.4689636230469,155.75949096679688,243.73313903808594,66.4425048828125,540.1950073242188,623.7839965820312,390.5749816894531,99.72799682617188,120.5210952758789,138.4777069091797,156.15008544921875,288.1400146484375,340.7193603515625,83.6541976928711,111.2369384765625,5776.64990234375
2025-03-26,220.17575073242188,397.80999755859375,201.1300048828125,335.2188720703125,164.3914337158203,350.57257080078125,156.43661499023438,243.63609313964844,67.61087799072266,544.0693969726562,608.5158081054688,385.4452209472656,97.06500244140625,113.60079956054688,141.42727661132812,159.7266082763672,272.05999755859375,340.28436279296875,84.09832763671875,112.83980560302734,5712.2001953125
2025-03-27,222.4815673828125,396.1499938964844,201.36000061035156,333.4401550292969,161.5828857421875,351.1534423828125,157.8005828857422,240.81179809570312,68.30610656738281,552.4918823242188,600.1497192382812,386.0481262207031,97.6719970703125,111.27405548095703,142.40728759765625,161.7689971923828,273.1300048828125,345.9000244140625,84.51284790039062,112.47724914550781,5693.31005859375
2025-03-28,216.56793212890625,385.7099914550781,192.72000122070312,323.9961242675781,153.7049102783203,346.7196044921875,158.3616180419922,235.69703674316406,67.94884490966797,535.6864624023438,574.4139404296875,374.4048156738281,93.38500213623047,109.51651763916016,142.02670288085938,161.11697387695312,263.54998779296875,338.9693908691406,84.03911590576172,112.32460021972656,5580.93994140625
2025-03-31,220.77206420898438,383.5299987792969,190.25999450683594,324.1042175292969,154.01365661621094,354.79339599609375,160.42202758789062,238.07485961914062,69.15582275390625,543.1279907226562,574.0354614257812,371.0343933105469,93.25299835205078,108.22832489013672,142.66421508789062,163.40863037109375,259.1600036621094,346.4932556152344,86.6446762084961,113.46949005126953,5611.85009765625
2025-04-01,221.82559204101562,383.20001220703125,192.1699981689453,324.8609313964844,156.43380737304688,353.8543701171875,148.2433624267578,236.48318481445312,69.39723205566406,543.5144653320312,583.6365356445312,377.7554931640625,92.83799743652344,109.99585723876953,142.40728759765625,163.54287719726562,268.4599914550781,342.4297790527344,87.67109680175781,113.57445526123047,5633.06982421875
2025-04-02,222.52133178710938,385.7799987792969,196.00999450683594,328.88031005859375,156.4039306640625,359.05303955078125,150.28439331054688,238.57955932617188,68.87580108642578,542.3947143554688,581.5748901367188,377.7060852050781,93.552001953125,110.26546478271484,141.88401794433594,162.5264892578125,282.760009765625,342.4100036621094,88.58897399902344,113.221435546875,5670.97021484375
2025-04-03,201.9478759765625,367.25,178.41000366210938,300.4794006347656,150.1095428466797,344.5511169433594,154.5987091064453,221.9541015625,70.66216278076172,525.7180786132812,529.4759521484375,368.78082275390625,91.70500183105469,101.65753936767578,144.02479553222656,165.29759216308594,267.2799987792969,335.548583984375,86.12158203125,107.26795196533203,5396.52001953125
2025-04-04,187.2283935546875,349.07000732421875,171.0,283.1047058105469,145.01026916503906,342.605224609375,148.23367309570312,205.34344482421875,67.52397155761719,485.3094482421875,502.6943664550781,355.664794921875,85.58599853515625,94.17801666259766,139.49578857421875,157.01303100585938,239.42999267578125,309.5858154296875,82.10467529296875,99.54936981201172,5074.080078125
2025-04-07,180.35072326660156,340.70001220703125,175.25999450683594,275.2232666015625,146.1555938720703,330.6106872558594,145.69927978515625,209.40576171875,66.01766204833984,481.09814453125,514.1679077148438,353.7077941894531,86.78299713134766,97.50334930419922,136.2417449951172,153.6378631591797,233.2899932861328,308.78497314453125,82.73633575439453,98.21366882324219,5062.25
2025-04-08,171.36595153808594,340.0,170.66000366210938,269.2089538574219,144.11390686035156,324.540771484375,145.0995330810547,211.77871704101562,66.06592559814453,475.54913330078125,508.3912658691406,350.44610595703125,87.04000091552734,96.16523742675781,133.4919891357422,151.87356567382812,221.86000061035156,304.7807922363281,80.72294616699219,96.1432876586914,4982.77001953125
2025-04-09,197.63441467285156,364.6400146484375,191.10000610351562,295.81146240234375,158.06716918945312,344.0476989746094,146.03782653808594,228.83860778808594,67.54328918457031,511.5457458496094,583.4075317382812,385.95916748046875,94.5469970703125,114.17000579833984,138.52528381347656,155.64187622070312,272.20001220703125,328.6673278808594,88.43106079101562,100.94234466552734,5456.89990234375
2025-04-10,189.2559356689453,350.04998779296875,181.22000122070312,284.1661376953125,152.20103454589844,342.33416748046875,143.8323211669922,221.77833557128906,68.3254165649414,495.5770263671875,544.0867309570312,376.9252624511719,92.11699676513672,107.4194564819336,137.14566040039062,156.83084106445312,252.39999389648438,320.9358215332031,89.42788696289062,95.34185791015625,5268.0498046875
2025-04-11,196.9386749267578,352.4700012207031,184.8699951171875,288.3819885253906,156.50352478027344,342.5665283203125,146.7729949951172,230.65492248535156,68.97236633300781,505.9085998535156,541.3777465820312,383.94287109375,91.8290023803711,110.77476501464844,137.4215545654297,160.04302978515625,252.30999755859375,329.6263732910156,91.58930206298828,98.40447235107422,5363.35986328125
2025-04-14,201.281982421875,350.9100036621094,182.1199951171875,292.9713439941406,158.42572021484375,345.7999267578125,149.31707763671875,229.20965576171875,69.957275390625,508.5981750488281,529.33642578125,383.3102722167969,93.12799835205078,110.55506896972656,139.62899780273438,162.1717071533203,252.35000610351562,331.38623046875,93.49412536621094,98.64300537109375,5405.97021484375
2025-04-15,200.90426635742188,350.3800048828125,179.58999633789062,288.3623046875,155.67689514160156,342.8085021972656,148.6012725830078,227.6570281982422,69.3875732421875,513.4811401367188,519.4166870117188,381.2544250488281,97.62799835205078,112.04297637939453,135.90872192382812,161.53884887695312,254.11000061035156,332.0090637207031,92.74404907226562,98.3663101196289,5396.6298828125
2025-04-16,193.08238220214844,344.19000244140625,174.3300018310547,285.1291809082031,152.70896911621094,334.9476623535156,148.8817901611328,224.21963500976562,69.21376037597656,509.5608215332031,500.2840881347656,367.2982177734375,96.16300201416016,104.3437728881836,133.2921600341797,159.54441833496094,241.5500030517578,327.57977294921875,90.00031280517578,99.4062728881836,5275.7001953125
2025-04-17,195.7758026123047,348.79998779296875,172.61000061035156,289.168212890625,150.5477752685547,343.7282409667969,152.32546997070312,226.5144805908203,70.48834991455078,513.4315795898438,499.4574890136719,363.5126647949219,97.3030014038086,101.34796142578125,135.90872192382812,163.61000061035156,241.3699951171875,325.8792419433594,92.00382995605469,102.01091003417969,5282.7001953125
2025-04-21,191.9792022705078,343.2200012207031,167.32000732421875,281.16973876953125,147.07188415527344,335.8286437988281,151.79344177246094,223.6142120361328,70.26625061035156,505.4818420410156,482.7052917480469,354.9531555175781,98.79100036621094,96.77438354492188,134.8525848388672,159.9214324951172,227.5,316.4768981933594,91.20440673828125,100.51300811767578,5158.2001953125
2025-04-22,198.51898193359375,349.9100036621094,173.17999267578125,287.5191345214844,150.8564910888672,343.1182861328125,152.5963134765625,230.0592498779297,71.35738372802734,523.3561401367188,498.2623291015625,362.5638427734375,104.03399658203125,98.75159454345703,136.4986572265625,161.97653198242188,237.97000122070312,327.6490173339844,93.61255645751953,103.32756042480469,5287.759765625
2025-04-23,203.3492431640625,351.9599914550781,180.60000610351562,292.0614318847656,154.72079467773438,345.0448303222656,150.3037567138672,235.22506713867188,70.77803802490234,526.0159301757812,518.171630859375,370.0460205078125,104.95899963378906,102.5662612915039,135.35684204101562,159.90213012695312,250.74000549316406,330.58538818359375,93.72112274169922,102.44026947021484,5375.85986328125
2025-04-24,207.09620666503906,360.9100036621094,186.5399932861328,303.01239013671875,158.63485717773438,348.16204833984375,149.8684539794922,238.89678955078125,70.02485656738281,531.4248657226562,530.999755859375,382.8061828613281,109.68699645996094,106.28105163574219,128.74411010742188,153.92015075683594,259.510009765625,331.91021728515625,94.58964538574219,103.64240264892578,5484.77001953125
2025-04-25,208.00062561035156,367.7200012207031,188.99000549316406,302.6075744628906,161.3040008544922,346.16778564453125,149.52989196777344,237.83238220214844,69.43585205078125,529.4598388671875,545.0628051757812,387.3034362792969,110.15299987792969,110.85465240478516,126.90779113769531,155.35775756835938,284.95001220703125,331.3763122558594,93.84941864013672,103.58516693115234,5525.2099609375
2025-04-28,208.85536193847656,368.6199951171875,187.6999969482422,303.2098693847656,159.95945739746094,345.52886962890625,150.2747344970703,237.5101318359375,69.3199691772461,530.4620971679688,547.5228271484375,386.62139892578125,111.03800201416016,108.57784271240234,127.26931762695312,156.15858459472656,285.8800048828125,333.6898498535156,93.97774505615234,103.64240264892578,5528.75
2025-04-29,209.91883850097656,370.9800109863281,187.38999938964844,303.54559326171875,159.5113067626953,347.54241943359375,150.81643676757812,238.87725830078125,69.86071014404297,535.6130981445312,552.2039184570312,389.46795654296875,112.56400299072266,108.867431640625,127.79264068603516,156.55413818359375,292.0299987792969,337.6544494628906,94.78704833984375,103.38481140136719,5560.830078125
2025-04-30,211.20095825195312,374.9800109863281,184.4199981689453,305.39215087890625,158.15679931640625,348.98486328125,151.203369140625,238.87725830078125,70.05384063720703,543.929931640625,546.7858276367188,390.673828125,113.1719970703125,108.76756286621094,129.00100708007812,156.85324096679688,282.1600036621094,341.58941650390625,95.98125457763672,100.78014373779297,5569.06005859375
2025-05-01,212.01596069335938,374.6300048828125,190.1999969482422,310.02337646484375,160.6466827392578,346.86480712890625,149.41383361816406,241.09397888183594,68.83718872070312,542.5107421875,569.9022216796875,420.4641418457031,113.34700012207031,111.45380401611328,127.06952667236328,154.35433959960938,280.5199890136719,338.573974609375,96.13916778564453,100.92325592041016,5604.14013671875
2025-05-02,204.09466552734375,380.8699951171875,189.97999572753906,319.62152099609375,163.36561584472656,352.8862609863281,151.0195770263672,246.58203125,69.18479919433594,555.1746215820312,594.6121215820312,430.2295227050781,115.64900207519531,114.33976745605469,127.25982666015625,154.87533569335938,287.2099914550781,343.6656494140625,97.46168518066406,101.33352661132812,5686.669921875
2025-05-05,197.6741485595703,381.05999755859375,186.35000610351562,319.05865478515625,163.54490661621094,350.18536376953125,149.93617248535156,246.630859375,69.23307800292969,556.8914184570312,596.8530883789062,431.1091613769531,113.40599822998047,113.66072082519531,125.58523559570312,153.24478149414062,280.260009765625,344.6938781738281,98.03411865234375,98.52849578857422,5650.3798828125
2025-05-06,197.29647827148438,382.9800109863281,185.00999450683594,316.8664855957031,162.56884765625,347.9103088378906,149.42349243164062,243.3985595703125,69.25239562988281,554.7775268554688,584.9413452148438,428.2823181152344,113.76899719238281,113.38111114501953,124.39588165283203,153.64999389648438,275.3500061035156,343.7644958496094,97.2643051147461,99.90238952636719,5606.91015625
2025-05-07,195.05027770996094,384.9700012207031,188.7100067138672,316.2740173339844,150.76686096191406,351.1727600097656,152.16104125976562,243.5352783203125,69.90898895263672,562.062255859375,594.4029541015625,428.3218994140625,115.54100036621094,116.89617919921875,125.51861572265625,153.68858337402344,276.2200012207031,345.89019775390625,97.5406494140625,99.8069839477539,5631.27978515625
2025-05-08,196.28271484375,383.989990234375,192.0800018310547,320.18438720703125,153.6551055908203,353.2154235839844,150.57461547851562,247.5194854736328,68.72130584716797,562.8463134765625,595.5982055664062,433.0859680175781,114.44300079345703,117.20575714111328,125.0523910522461,153.0710906982422,284.82000732421875,347.2940673828125,96.15890502929688,101.199951171875,5663.93994140625
2025-05-09,197.3163604736328,383.2799987792969,193.05999755859375,321.53717041015625,152.13131713867188,351.134033203125,149.18165588378906,247.13865661621094,68.09366607666016,564.3548583984375,590.1004638671875,433.6394958496094,114.02200317382812,116.48676300048828,124.11044311523438,152.1159210205078,298.260009765625,348.5497131347656,95.68896484375,102.38301086425781,5659.91015625
2025-05-12,209.776123046875,395.94000244140625,208.63999938964844,338.2548828125,157.81817626953125,364.571044921875,149.10427856445312,253.9449920654297,67.13772583007812,573.9122924804688,636.85107421875,444.04730224609375,111.0,122.82787322998047,125.2902603149414,155.24197387695312,318.3800048828125,351.822265625,95.7186508178711,104.14807891845703,5844.18994140625
2025-05-13,211.9058380126953,397.3999938964844,211.3699951171875,348.11962890625,158.8838348388672,361.6765441894531,143.5904998779297,256.8355407714844,66.58734893798828,572.2449340820312,653.3841552734375,443.9287109375,113.84400177001953,129.74815368652344,123.98673248291016,153.14828491210938,334.07000732421875,352.6937561035156,94.85791015625,104.4343032836914,5886.5498046875
2025-05-14,211.3087158203125,399.4700012207031,210.25,345.2757568359375,164.7001953125,360.9117126464844,141.57843017578125,259.40380859375,66.78047943115234,568.9598999023438,656.70068359375,447.6845397949219,115.0989990234375,135.15060424804688,122.21699523925781,152.46327209472656,347.67999267578125,353.0106201171875,95.79779052734375,103.49930572509766,5892.580078125
2025-05-15,210.4329376220703,404.69000244140625,205.1699981689453,345.42388916015625,163.2958984375,366.5459899902344,144.72225952148438,261.2103576660156,69.14617156982422,577.8126220703125,641.283203125,448.6946105957031,117.7979965209961,134.6413116455078,125.11898040771484,156.69888305664062,342.82000732421875,358.7941589355469,95.32290649414062,104.54883575439453,5916.93017578125
2025-05-16,210.24386596679688,417.1300048828125,205.58999633789062,349.1465759277344,165.51687622070312,368.6273498535156,146.38607788085938,261.27874755859375,69.52275848388672,578.884521484375,637.7574462890625,449.82342529296875,119.15299987792969,135.21051025390625,125.57571411132812,157.5382843017578,349.9800109863281,361.5868835449219,97.19275665283203,104.17330932617188,5958.3798828125
2025-05-19,207.7758026123047,420.67999267578125,206.16000366210938,348.1492919921875,165.86546325683594,367.27203369140625,147.5081787109375,258.66168212890625,69.45516967773438,581.9908447265625,637.8470458984375,454.37841796875,119.16400146484375,135.38027954101562,125.39491271972656,158.9759063720703,342.0899963378906,364.3399353027344,97.07404327392578,102.51717376708984,5963.60009765625
2025-05-20,205.86502075195312,417.6099853515625,204.07000732421875,345.1078796386719,163.31582641601562,365.0163879394531,148.63995361328125,259.4428405761719,69.22342681884766,576.7308349609375,634.5304565429688,453.68524169921875,119.2020034790039,134.1919403076172,125.40444946289062,159.81529235839844,343.82000732421875,363.2901916503906,96.75745391845703,101.05359649658203,5940.4599609375
2025-05-21,201.11798095703125,414.0299987792969,201.1199951171875,338.21539306640625,167.8772735595703,359.0046081542969,148.17562866210938,254.91180419921875,69.3779067993164,565.2481079101562,632.9368896484375,448.1401062011719,119.46299743652344,131.6155548095703,123.8344955444336,159.61268615722656,334.6199951171875,354.8328552246094,95.40206146240234,99.81149291992188,5844.60986328125
2025-05-22,200.39149475097656,414.3299865722656,203.10000610351562,340.86181640625,170.1779022216797,354.4449157714844,147.62425231933594,254.55044555664062,68.69233703613281,565.8435668945312,634.0026245117188,450.4076232910156,118.7969970703125,132.64410400390625,123.80596160888672,159.2267303466797,341.0400085449219,354.50604248046875,94.90738677978516,99.1471176147461,5842.009765625
2025-05-23,194.33078002929688,407.69000244140625,200.99000549316406,339.0843811035156,167.78762817382812,351.134033203125,147.9434814453125,254.58950805664062,69.30066680908203,559.3329467773438,624.5309448242188,445.7734680175781,118.53900146484375,131.10626220703125,123.06381225585938,160.02755737304688,339.3399963378906,350.118896484375,95.3130111694336,99.20488739013672,5802.81982421875
2025-05-27,199.2470245361328,413.1000061035156,206.02000427246094,347.1025390625,172.19969177246094,358.57861328125,149.51422119140625,259.06201171875,69.31031799316406,570.2202758789062,639.7294311523438,456.1806335449219,121.15699768066406,135.31036376953125,124.99529266357422,161.86073303222656,362.8900146484375,355.8231201171875,96.53980255126953,99.67668151855469,5921.5400390625
2025-05-28,199.45602416992188,412.2300109863281,204.72000122070312,345.1078796386719,171.66188049316406,356.31329345703125,148.71420288085938,257.3042297363281,68.70198822021484,571.5799560546875,640.984375,452.8831787109375,120.8550033569336,134.62132263183594,124.32926940917969,161.47482299804688,356.8999938964844,356.2490234375,96.20342254638672,98.31903839111328,5888.5498046875
2025-05-29,198.98826599121094,413.3599853515625,205.6999969482422,347.3790588378906,171.16390991210938,356.53594970703125,149.836181640625,258.1636047363281,69.0302963256836,573.4259643554688,642.4484252929688,454.19024658203125,118.48600006103516,138.99520874023438,125.51861572265625,162.6326141357422,358.42999267578125,358.8931579589844,96.0649185180664,98.87751770019531,5912.169921875
2025-05-30,199.8839569091797,415.0899963378906,205.00999450683594,343.66619873046875,171.04440307617188,356.53594970703125,151.4264678955078,257.80230712890625,69.61931610107422,581.18701171875,644.8786010742188,455.8537902832031,120.7229995727539,134.94090270996094,125.07141876220703,163.9158477783203,346.4599914550781,361.6561584472656,97.66764068603516,98.50198364257812,5911.68994140625
2025-06-02,200.72987365722656,403.3999938964844,206.64999389648438,340.34832763671875,168.34536743164062,356.21649169921875,151.61180114746094,258.4468078613281,69.52275848388672,576.8400268554688,668.1942138671875,457.4480895996094,121.89800262451172,137.187744140625,124.55763244628906,161.8800506591797,342.69000244140625,361.784912109375,98.70645141601562,99.22413635253906,5935.93994140625
2025-06-03,202.29229736328125,412.489990234375,205.7100067138672,345.0190124511719,165.50692749023438,361.173095703125,150.6557159423828,260.01898193359375,68.7116470336914,577.5843505859375,664.1605224609375,458.4383239746094,121.79399871826172,141.02236938476562,125.45201873779297,160.98275756835938,344.2699890136719,362.3196716308594,98.91422271728516,99.94630432128906,5970.3701171875
2025-06-04,201.844482421875,413.9100036621094,207.22999572753906,344.94989013671875,167.3693389892578,360.5148010253906,149.4849395751953,258.01715087890625,68.91443634033203,579.72802734375,685.1753540039062,459.3294677734375,123.96600341796875,141.7213897705078,125.34737396240234,160.11439514160156,332.04998779296875,364.4389953613281,98.29093170166016,98.50198364257812,5970.81005859375
2025-06-05,199.6649932861328,415.20001220703125,207.91000366210938,344.5845031738281,167.5286865234375,359.7160339355469,149.91424560546875,255.80043029785156,68.47026824951172,581.0281982421875,681.85888671875,463.1022033691406,125.052001953125,139.79409790039062,124.74790954589844,157.07516479492188,284.70001220703125,363.2208557128906,96.91575622558594,98.04943084716797,5939.2998046875
2025-06-06,202.93917846679688,416.9200134277344,213.57000732421875,348.9195251464844,172.97653198242188,357.8165283203125,151.25082397460938,259.49169921875,68.8951187133789,585.6729125976562,694.8960571289062,465.7757568359375,124.14700317382812,141.52166748046875,125.07785034179688,158.25225830078125,295.1400146484375,366.6375427246094,96.43096923828125,100.39883422851562,6000.35986328125
2025-06-09,200.48104858398438,416.260009765625,216.97999572753906,353.5802917480469,175.58908081054688,355.74169921875,151.44595336914062,260.4779357910156,69.30066680908203,579.9266357421875,691.2607421875,468.12255859375,122.44599914550781,142.430419921875,125.01052856445312,156.84361267089844,308.5799865722656,363.1119079589844,96.41117858886719,101.07286071777344,6005.8798828125
2025-06-10,201.69517517089844,416.05999755859375,217.61000061035156,354.0740051269531,178.09194946289062,358.38153076171875,152.63621520996094,262.2943115234375,69.86071014404297,585.0972900390625,699.567138671875,466.31048583984375,120.36199951171875,143.758544921875,126.8093032836914,157.11376953125,326.0899963378906,367.1128845214844,96.2825698852539,103.23932647705078,6038.81005859375
2025-06-11,197.8238983154297,412.8399963378906,213.1999969482422,358.58673095703125,176.8455047607422,351.12445068359375,151.4752197265625,261.8548889160156,69.59034729003906,586.288330078125,691.3404541015625,467.99383544921875,121.98799896240234,142.6400146484375,124.95280456542969,156.40940856933594,326.42999267578125,369.69757080078125,94.77877807617188,105.2517318725586,6022.240234375
2025-06-12,198.24188232421875,413.67999267578125,213.24000549316406,356.4340515136719,175.20018005371094,353.75457763671875,152.8411102294922,261.9427490234375,69.7544937133789,584.83935546875,690.5635375976562,474.1826477050781,121.50299835205078,144.80712890625,127.26140594482422,157.44178771972656,319.1099853515625,367.8060607910156,93.81912231445312,105.65614318847656,6045.259765625
2025-06-13,195.50511169433594,391.67999267578125,212.10000610351562,352.57305908203125,174.17312622070312,345.47467041015625,153.27037048339844,258.7300109863281,69.06404876708984,557.7945556640625,680.1158447265625,470.3109436035156,121.21499633789062,141.78115844726562,125.86664581298828,154.64378356933594,325.30999755859375,349.4355773925781,93.43327331542969,107.95740509033203,5976.97021484375
2025-06-16,197.4656219482422,401.7300109863281,216.10000610351562,357.8955383300781,176.26715087890625,344.4031982421875,151.4362030029297,264.0129699707031,68.57781982421875,564.384521484375,699.8262329101562,474.45001220703125,122.53500366210938,144.49752807617188,126.40531158447266,155.2227020263672,329.1300048828125,352.0401306152344,93.28486633300781,108.30403900146484,6033.10986328125
2025-06-17,194.69900512695312,382.67999267578125,214.82000732421875,353.1951904296875,175.44949340820312,339.7469787597656,148.66543579101562,263.1927185058594,67.7026138305664,565.1587524414062,694.9522705078125,473.3608093261719,122.06700134277344,143.92828369140625,124.36603546142578,152.9456787109375,316.3500061035156,354.3773193359375,93.24529266357422,109.7676010131836,5982.72021484375
2025-06-18,195.6344757080078,378.0400085449219,212.52000427246094,355.2886047363281,172.8269805908203,338.0423278808594,147.0556640625,267.5284729003906,67.30389404296875,534.670166015625,693.4970703125,475.5392150878906,122.22899627685547,145.28648376464844,124.15443420410156,152.46327209472656,322.04998779296875,337.0862731933594,94.07633209228516,108.98768615722656,5980.8701171875
2025-06-20,200.03323364257812,376.9200134277344,209.69000244140625,355.9995422363281,166.1659698486328,340.5652160644531,146.1385498046875,268.5440368652344,66.944091796875,528.95361328125,680.120849609375,472.7270202636719,123.14099884033203,143.6586456298828,124.15443420410156,153.48599243164062,322.1600036621094,335.29376220703125,95.09535217285156,110.44161987304688,5967.83984375
2025-06-23,200.53082275390625,380.1199951171875,208.47000122070312,361.6380310058594,164.72010803222656,347.7151184082031,147.6312713623047,271.7373046875,67.81930541992188,538.262939453125,696.2481079101562,481.24285888671875,125.35399627685547,143.9782257080078,124.17366027832031,155.36740112304688,348.67999267578125,340.42364501953125,96.82671356201172,107.59151458740234,6025.169921875
2025-06-24,199.3365936279297,382.3399963378906,212.77000427246094,368.3428649902344,166.29559326171875,351.08551025390625,148.48007202148438,274.6570739746094,68.27635955810547,553.3285522460938,709.8733520507812,485.3126220703125,127.91100311279297,147.70326232910156,126.05901336669922,154.72097778320312,340.4700012207031,348.2273864746094,96.955322265625,104.3177261352539,6092.18017578125
2025-06-25,200.59051513671875,387.54998779296875,211.99000549316406,366.92083740234375,170.19447326660156,352.48822021484375,148.56788635253906,277.391357421875,67.71233367919922,545.5576171875,706.3649291992188,487.45147705078125,127.5250015258789,154.10475158691406,123.1444091796875,153.37985229492188,327.54998779296875,341.9190368652344,96.22321319580078,104.34663391113281,6092.16015625
2025-06-26,200.03323364257812,384.95001220703125,217.1199951171875,377.0917663574219,173.0463409423828,354.0857238769531,148.304443359375,281.9712829589844,67.5567398071289,541.6968994140625,723.7180786132812,492.580810546875,130.66700744628906,154.8137969970703,123.3367919921875,153.0518035888672,325.7799987792969,342.6816101074219,94.99642181396484,105.90647888183594,6141.02001953125
2025-06-27,200.11285400390625,385.8299865722656,223.3000030517578,379.8862609863281,178.0221405029297,359.1900329589844,148.6947021484375,280.3697509765625,68.39305877685547,546.1728515625,731.2333984375,491.0855712890625,132.31199645996094,157.5401611328125,126.04938507080078,154.23854064941406,323.6300048828125,345.2366027832031,96.23310089111328,105.31912994384766,6173.06982421875
2025-06-30,204.18316650390625,386.8800048828125,219.38999938964844,383.3423767089844,175.72869873046875,357.1444396972656,149.02642822265625,283.10400390625,68.80148315429688,557.7052612304688,735.6788330078125,492.5411376953125,133.91299438476562,157.7798614501953,127.01129150390625,153.717529296875,317.6600036621094,351.6142883300781,96.7376708984375,103.79779815673828,6204.9501953125
2025-07-01,206.82041931152344,392.1000061035156,220.4600067138672,386.0184326171875,175.3397979736328,363.49554443359375,152.119140625,283.59228515625,69.69615173339844,560.355224609375,716.8704223632812,487.2336120605469,129.36000061035156,153.0961151123047,130.10867309570312,155.55072021484375,300.7099914550781,352.0302429199219,97.19275665283203,105.184326171875,6198.009765625
2025-07-02,211.418212890625,378.4700012207031,219.9199981689453,393.4342041015625,178.13182067871094,362.2195129394531,151.7678985595703,285.14495849609375,68.95708465576172,557.2885131835938,711.2389526367188,486.2829895019531,128.48599243164062,157.04083251953125,131.28221130371094,155.5314178466797,315.6499938964844,350.7923278808594,96.5694808959961,106.92713165283203,6227.419921875
2025-07-03,212.52285766601562,379.30999755859375,223.41000366210938,392.8713684082031,179.01930236816406,362.0538635253906,152.20693969726562,290.4435729980469,69.38497161865234,564.9503173828125,716.6611328125,493.9571533203125,129.71800231933594,159.12806701660156,130.22412109375,155.1744384765625,315.3500061035156,355.3874206542969,97.31148529052734,108.03443145751953,6279.35009765625
2025-07-07,208.94017028808594,376.92999267578125,223.47000122070312,386.60101318359375,176.28709411621094,358.1185302734375,151.4849853515625,286.4892578125,69.05432891845703,560.861328125,716.0032348632812,492.84814453125,128.96200561523438,158.02952575683594,129.3295135498047,154.8560333251953,293.94000244140625,353.18890380859375,98.29093170166016,106.98490142822266,6229.97998046875
2025-07-08,208.9998779296875,382.239990234375,219.36000061035156,389.3461608886719,173.864013671875,357.9821472167969,151.99229431152344,277.4717712402344,68.30552673339844,558.2014770507812,718.3157348632812,491.7589111328125,127.53099822998047,159.78717041015625,129.89703369140625,152.3378143310547,297.80999755859375,351.1191101074219,96.05501556396484,109.95055389404297,6225.52001953125
2025-07-09,210.1244354248047,373.3800048828125,222.5399932861328,397.13720703125,176.11756896972656,361.43048095703125,152.4703826904297,277.8446350097656,67.56646728515625,561.6102294921875,730.3861694335938,498.5814514160156,128.8280029296875,162.66336059570312,129.35838317871094,151.98085021972656,295.8800048828125,354.298095703125,95.77799987792969,109.5750503540039,6263.259765625
2025-07-10,211.3883514404297,371.42999267578125,222.25999450683594,403.2101135253906,177.11471557617188,363.6319274902344,153.84597778320312,282.78021240234375,67.84847259521484,560.0301513671875,724.8641967773438,496.5713806152344,125.05899810791016,163.88174438476562,130.89744567871094,152.91671752929688,309.8699951171875,352.4362487792969,93.84880065917969,110.6630859375,6280.4599609375
2025-07-11,210.14434814453125,363.3500061035156,225.02000427246094,400.830322265625,179.67742919921875,360.4855651855469,153.07522583007812,281.4751281738281,67.94573211669922,546.772705078125,715.1660766601562,498.393310546875,124.51100158691406,164.7006378173828,130.10867309570312,151.52737426757812,313.510009765625,344.5631408691406,93.3936996459961,111.14452362060547,6259.75
2025-07-14,207.6165771484375,366.989990234375,225.69000244140625,400.6821594238281,181.0435333251953,360.5245361328125,152.99720764160156,283.2806396484375,67.5567398071289,549.5951538085938,718.5648803710938,498.09625244140625,126.19499969482422,163.85177612304688,130.4068603515625,148.35305786132812,316.8999938964844,347.1083068847656,94.75898742675781,109.69056701660156,6268.56005859375
2025-07-15,208.10423278808594,364.17999267578125,226.35000610351562,399.5663757324219,181.48226928710938,349.35162353515625,151.38742065429688,281.1709899902344,67.44976806640625,546.95166015625,708.0693359375,500.8688659667969,126.0270004272461,170.47293090820312,128.71389770507812,147.31101989746094,310.7799987792969,343.6619873046875,94.3731460571289,108.71808624267578,6243.759765625
2025-07-16,209.149169921875,361.7699890136719,223.19000244140625,407.70306396484375,182.4495086669922,348.14373779296875,160.76315307617188,280.4547119140625,67.36224365234375,552.0796508789062,700.6136474609375,500.6707763671875,125.03099822998047,171.14205932617188,130.1952362060547,148.32411193847656,321.6700134277344,346.51409912109375,94.13568878173828,108.06332397460938,6263.7001953125
2025-07-17,209.00985717773438,366.45001220703125,223.8800048828125,412.8280029296875,183.0577850341797,349.74127197265625,159.0070343017578,284.4580993652344,68.64588928222656,552.169189453125,699.1185913085938,506.6912841796875,127.41699981689453,172.7698974609375,139.90098571777344,150.1476593017578,319.4100036621094,346.42498779296875,94.07633209228516,107.51448059082031,6297.35986328125
2025-07-18,210.16424560546875,365.7900085449219,226.1300048828125,408.52264404296875,184.5335693359375,350.0919189453125,159.70948791503906,285.8023681640625,67.92626953125,549.2373046875,701.9791870117188,505.05743408203125,120.92400360107422,172.18067932128906,137.78475952148438,150.66932678222656,329.6499938964844,345.6723327636719,94.0367660522461,103.7688980102539,6296.7900390625
2025-07-21,211.45799255371094,367.67999267578125,229.3000030517578,406.4116516113281,189.55923461914062,354.6117858886719,160.35340881347656,285.50799560546875,68.14021301269531,551.215087890625,710.6409301757812,505.06732177734375,123.3270034790039,171.1520538330078,136.3034210205078,150.60130310058594,328.489990234375,347.5440979003906,94.65016174316406,104.03850555419922,6305.60009765625
2025-07-22,213.36875915527344,372.8699951171875,227.47000122070312,413.4681091308594,190.7957000732422,361.4012451171875,163.8363494873047,285.9593811035156,67.74151611328125,555.2996215820312,702.5075073242188,500.32421875,119.00800323486328,166.80783081054688,140.47811889648438,153.79733276367188,332.1099853515625,348.4551696777344,94.82823944091797,104.51032257080078,6309.6201171875
2025-07-23,213.11996459960938,372.4599914550781,228.2899932861328,423.77532958984375,189.68885803222656,366.60296630859375,164.97784423828125,291.1893615722656,67.25528717041016,558.6090698242188,711.2488403320312,500.9183349609375,117.6780014038086,170.55284118652344,140.11260986328125,153.75845336914062,332.55999755859375,351.85198974609375,94.66004943847656,105.84870910644531,6358.91015625
2025-07-24,212.73184204101562,371.69000244140625,232.22999572753906,425.6881408691406,191.62335205078125,363.4273681640625,165.4266357421875,290.9832458496094,67.19692993164062,560.01025390625,712.46484375,505.87933349609375,118.07599639892578,173.5089111328125,139.00637817382812,154.27333068847656,305.29998779296875,350.5447082519531,95.57023620605469,106.67678833007812,6363.35009765625
2025-07-25,212.8512725830078,370.739990234375,231.44000244140625,429.8804016113281,192.63047790527344,365.61907958984375,164.1973419189453,293.014404296875,67.26500701904297,564.7010498046875,710.351806640625,508.6816101074219,118.04900360107422,173.26922607421875,137.98675537109375,153.7779083251953,316.05999755859375,353.58502197265625,96.43096923828125,106.30126190185547,6388.64013671875
2025-07-28,213.0204620361328,369.4700012207031,232.7899932861328,429.07763671875,192.0321807861328,367.4601745605469,162.16806030273438,292.6807861328125,66.2147445678711,564.7607421875,715.2855834960938,507.4834899902344,117.45999908447266,176.51490783691406,136.17835998535156,152.62188720703125,325.5899963378906,352.0302429199219,96.5694808959961,107.30265045166016,6389.77001953125
2025-07-29,210.2538299560547,370.70001220703125,231.00999450683594,426.21337890625,195.1931610107422,367.5672607421875,164.01197814941406,291.4640808105469,67.46920776367188,559.8313598632812,697.7132568359375,507.55279541015625,116.8740005493164,175.2765350341797,138.4099884033203,152.13616943359375,321.20001220703125,347.8906555175781,97.28180694580078,108.68917846679688,6370.85986328125
2025-07-30,208.04449462890625,364.0,230.19000244140625,430.2471008300781,195.970947265625,362.4435119628906,163.1826934814453,294.0054626464844,66.8565673828125,555.6473999023438,692.9388427734375,508.2162170410156,118.41999816894531,179.03155517578125,137.4192352294922,148.51272583007812,319.0400085449219,347.5143737792969,96.5496826171875,107.74557495117188,6362.89990234375
2025-07-31,206.57164001464844,357.69000244140625,234.11000061035156,434.1123046875,191.35411071777344,357.9919128417969,160.72413635253906,290.6790771484375,66.02024841308594,562.9618530273438,770.913330078125,528.2779541015625,115.94000244140625,177.63340759277344,132.66737365722656,146.1715850830078,308.2699890136719,342.12701416015625,96.93553924560547,107.49523162841797,6339.39013671875
2025-08-01,201.40660095214844,347.79998779296875,214.75,424.86553955078125,188.5919952392578,363.98260498046875,163.25100708007812,283.9380798339844,66.96353912353516,556.4226684570312,747.559814453125,518.9797973632812,115.86000061035156,173.4889373779297,133.9755859375,146.346435546875,302.6300048828125,336.06622314453125,97.44009399414062,105.5694808959961,6238.009765625
2025-08-04,202.37193298339844,338.8500061035156,211.64999389648438,429.8308410644531,194.4851837158203,370.9571838378906,166.87054443359375,288.73626708984375,67.06078338623047,566.2811889648438,773.8338012695312,530.39697265625,117.0989990234375,179.7605743408203,134.2449188232422,146.45327758789062,309.260009765625,338.839111328125,98.52837371826172,103.38375854492188,6329.93994140625
2025-08-05,201.9439697265625,338.739990234375,213.75,430.35614013671875,194.11622619628906,375.4283142089844,166.577880859375,285.9005126953125,67.1483154296875,562.5345458984375,760.9659423828125,522.584228515625,114.78700256347656,178.0229034423828,134.13909912109375,146.21041870117188,308.7200012207031,334.164794921875,98.25135040283203,103.25858306884766,6299.18994140625
2025-08-06,212.2242889404297,345.6199951171875,222.30999755859375,423.9042053222656,195.5321807861328,376.78228759765625,166.43153381347656,285.8808898925781,67.59564208984375,565.6054077148438,769.468017578125,519.8017578125,117.8479995727539,179.18133544921875,135.43771362304688,148.49330139160156,319.9100036621094,336.45245361328125,102.25819396972656,102.55567932128906,6345.06005859375
2025-08-07,218.97171020507812,338.2699890136719,223.1300048828125,413.3987731933594,195.9609832763672,376.1686096191406,167.34861755371094,281.5537109375,68.49030303955078,557.744384765625,759.3412475585938,515.7418212890625,118.03700256347656,180.52957153320312,138.43887329101562,149.1053009033203,322.2699890136719,328.8764953613281,102.02074432373047,102.01646423339844,6340.0
2025-08-08,228.2468719482422,341.04998779296875,222.69000244140625,412.8040771484375,200.84701538085938,377.80511474609375,169.10472106933594,283.3394775390625,68.40277099609375,570.7633056640625,766.786865234375,516.9300537109375,121.16400146484375,182.4569854736328,139.6797332763672,149.12472534179688,329.6499938964844,333.5210876464844,102.62423706054688,102.83492279052734,6389.4501953125
2025-08-11,226.3438720703125,333.6499938964844,221.3000030517578,404.8952941894531,200.42822265625,377.4933776855469,169.58279418945312,284.1244812011719,68.80148315429688,570.0377807617188,763.3680419921875,516.6627197265625,121.83100128173828,181.81784057617188,139.35267639160156,150.55274963378906,339.0299987792969,332.6496276855469,102.82210540771484,101.90093231201172,6373.4501953125
2025-08-12,228.80479431152344,338.42999267578125,221.47000122070312,409.0281066894531,202.76156616210938,385.7440185546875,168.568115234375,287.35272216796875,68.76258850097656,570.6241455078125,787.4192504882812,524.0595703125,122.52799987792969,182.9163818359375,141.27651977539062,150.6595916748047,340.8399963378906,334.0682373046875,102.51541900634766,102.18978118896484,6445.759765625
2025-08-13,232.47125244140625,351.07000732421875,224.55999755859375,410.0092468261719,201.385498046875,396.6344909667969,170.1681671142578,285.0762939453125,68.51947021484375,574.3211059570312,777.5316162109375,515.484375,120.44400024414062,181.34848022460938,143.66207885742188,150.970458984375,339.3800048828125,339.8321838378906,99.91343688964844,103.60520935058594,6466.580078125
2025-08-14,231.92327880859375,348.5799865722656,230.97999572753906,413.7753601074219,202.36270141601562,389.9521179199219,170.46084594726562,288.63812255859375,67.6345443725586,580.144775390625,779.5748901367188,517.3657836914062,123.05599975585938,181.77789306640625,142.95986938476562,149.34815979003906,335.5799865722656,342.74884033203125,99.77494049072266,103.39337921142578,6468.5400390625
2025-08-15,230.7376708984375,354.8500061035156,231.02999877929688,404.1520080566406,203.31996154785156,389.0364685058594,172.33404541015625,285.0370178222656,67.99434661865234,578.0975952148438,782.664794921875,515.0783081054688,123.8949966430664,180.20997619628906,144.6720733642578,149.950439453125,330.55999755859375,341.7369384765625,99.16507720947266,103.49057006835938,6449.7998046875
2025-08-18,230.0402374267578,357.239990234375,231.49000549316406,408.9587097167969,202.92111206054688,384.4776611328125,171.9535675048828,286.0574951171875,67.22610473632812,580.5224609375,764.8631591796875,512.0383911132812,124.50900268554688,181.76788330078125,143.8544464111328,151.2716064453125,335.1600036621094,340.0206604003906,99.85922241210938,103.7140884399414,6449.14990234375
2025-08-19,229.71145629882812,361.0299987792969,228.00999450683594,412.3779296875,200.99661254882812,396.6539611816406,173.4657745361328,285.203857421875,68.19856262207031,581.884033203125,749.0250244140625,504.7801818847656,121.41500091552734,175.4063720703125,146.36505126953125,153.87503051757812,329.30999755859375,339.7329406738281,100.44430541992188,104.39437103271484,6411.3701171875
2025-08-20,225.1781768798828,353.42999267578125,223.80999755859375,416.8377990722656,198.7530059814453,391.3353576660156,174.48040771484375,286.754150390625,68.75285339355469,589.009521484375,745.2772827148438,500.76983642578125,121.38600158691406,175.1667022705078,144.989501953125,154.95333862304688,323.8999938964844,341.2012023925781,101.71361541748047,105.47310638427734,6395.77978515625
2025-08-21,224.07228088378906,353.42999267578125,221.9499969482422,414.16192626953125,199.18177795410156,387.4000244140625,174.56822204589844,285.9986572265625,68.7139663696289,588.2543334960938,736.6854858398438,500.1251525878906,120.62100219726562,174.74725341796875,143.30615234375,154.1956024169922,320.1099853515625,340.963134765625,97.1421127319336,106.15339660644531,6370.169921875
2025-08-22,226.92176818847656,362.0899963378906,228.83999633789062,431.7832946777344,205.5037384033203,402.09918212890625,174.91944885253906,290.6790771484375,68.19856262207031,595.2506713867188,752.3242797851562,503.0907287597656,120.46499633789062,177.7532501220703,143.94102478027344,154.13731384277344,340.010009765625,347.26275634765625,96.02154541015625,108.1456527709961,6466.91015625
2025-08-25,226.323974609375,363.2099914550781,227.94000244140625,428.4433288574219,207.89694213867188,398.3099060058594,174.0609130859375,289.3642272949219,67.0316162109375,589.5362548828125,750.839111328125,500.14495849609375,121.80699920654297,179.57083129882812,142.55584716796875,151.68931579589844,346.6000061035156,346.05242919921875,95.26789093017578,108.59268951416016,6439.31982421875
2025-08-26,228.46603393554688,354.9100036621094,228.7100067138672,427.41259765625,206.55075073242188,396.9851379394531,173.45156860351562,292.96539306640625,66.83712768554688,587.9461059570312,751.636474609375,497.9430847167969,122.60900115966797,181.52822875976562,141.4015655517578,151.51446533203125,351.6700134277344,348.3937072753906,95.24805450439453,108.34972381591797,6465.93994140625
2025-08-27,229.6417236328125,356.3500061035156,229.1199951171875,428.8100280761719,206.88978576660156,397.6670227050781,173.7464141845703,293.6620178222656,66.93437194824219,587.0020751953125,744.9384765625,502.6047058105469,122.3499984741211,181.35845947265625,142.01718139648438,152.4761962890625,349.6000061035156,347.5702819824219,95.27780151367188,109.5742416381836,6481.39990234375
2025-08-28,231.70408630371094,353.9599914550781,231.60000610351562,431.0300598144531,211.03794860839844,396.8974914550781,172.4294891357422,295.4184265136719,66.4773178100586,586.8231811523438,748.65625,505.4810485839844,123.1449966430664,179.93035888671875,141.38232421875,151.20359802246094,345.9800109863281,347.08416748046875,95.30755615234375,110.15734100341797,6501.85986328125
2025-08-29,231.28562927246094,356.70001220703125,229.0,415.3016662597656,212.3043670654297,396.2350769042969,174.11985778808594,295.7618408203125,67.08995819091797,591.6033935546875,736.2868041992188,502.55511474609375,120.82499694824219,173.9483184814453,142.98870849609375,152.55389404296875,333.8699951171875,348.98895263671875,96.17029571533203,111.07086944580078,6460.259765625
2025-09-02,228.87454223632812,345.6300048828125,225.33999633789062,412.3382873535156,210.748779296875,395.7869567871094,174.99453735351562,294.07415771484375,67.15802764892578,588.20458984375,732.7085571289062,500.9979553222656,121.41100311279297,170.55284118652344,144.55662536621094,153.47674560546875,329.3599853515625,347.2925109863281,97.03302001953125,111.45960235595703,6415.5400390625
2025-09-03,237.5923309326172,348.5,225.99000549316406,411.4166259765625,230.00384521484375,397.1507263183594,174.93557739257812,293.8877258300781,67.08995819091797,589.6058349609375,734.6421508789062,501.22607421875,122.61799621582031,170.39306640625,142.97909545898438,153.651611328125,334.0899963378906,348.086181640625,98.60974884033203,108.7579116821289,6448.259765625
2025-09-04,238.8975067138672,344.30999755859375,235.67999267578125,416.4710998535156,231.63919067382812,403.3028259277344,175.68247985839844,298.1168212890625,66.3703384399414,591.9512329101562,746.2042846679688,503.8246765136719,125.74800109863281,171.4316864013672,141.29574584960938,154.64248657226562,338.5299987792969,348.2052001953125,100.0873031616211,109.23411560058594,6502.080078125
2025-09-05,238.80784606933594,348.9700012207031,232.3300018310547,419.3055419921875,234.33151245117188,410.4149169921875,175.35816955566406,288.85400390625,66.08832550048828,580.6019287109375,749.9918823242188,490.9605407714844,124.38200378417969,166.7978515625,142.19227600097656,155.44876098632812,350.8399963378906,340.4968566894531,99.67081451416016,106.15339660644531,6481.5
2025-09-08,237.0045166015625,358.6600036621094,235.83999633789062,419.0082702636719,233.5829620361328,411.3847351074219,175.06333923339844,287.41162109375,65.57292175292969,582.9671630859375,749.8423461914062,494.13446044921875,124.47599792480469,168.0861358642578,137.64649963378906,154.4676055908203,346.3999938964844,339.5841369628906,101.42603302001953,106.75592803955078,6495.14990234375
2025-09-09,233.4875030517578,354.05999755859375,238.24000549316406,414.3601379394531,239.1620330810547,406.8784484863281,173.91348266601562,292.25885009765625,65.99108123779297,580.38330078125,763.1986083984375,494.34271240234375,126.32499694824219,170.53286743164062,138.9966278076172,154.90475463867188,346.9700012207031,341.2607727050781,101.43595886230469,107.53339385986328,6512.60986328125
2025-09-10,225.95530700683594,350.1600036621094,230.3300018310547,419.1370849609375,238.70294189453125,404.81146240234375,172.7636260986328,294.8984069824219,65.95217895507812,575.7919921875,749.5234375,496.2867126464844,124.77100372314453,177.09413146972656,138.56924438476562,152.8550262451172,347.7900085449219,335.4372863769531,99.5716552734375,109.33128356933594,6532.0400390625
2025-09-11,229.18341064453125,350.54998779296875,229.9499969482422,427.5315246582031,239.9005889892578,414.7938537597656,175.42698669433594,299.8241271972656,65.75769805908203,585.083984375,748.4469604492188,496.9215393066406,120.3499984741211,176.94432067871094,140.09422302246094,154.09848022460938,368.80999755859375,340.76470947265625,101.79295349121094,108.9814224243164,6587.47021484375
2025-09-12,233.2085418701172,349.3599853515625,228.14999389648438,427.6702880859375,240.32977294921875,414.0787048339844,174.99453735351562,301.1488037109375,65.16448974609375,576.8155517578125,753.1216430664062,505.73895263671875,118.84400177001953,177.59349060058594,139.414306640625,153.38931274414062,395.94000244140625,336.7369079589844,102.62593078613281,109.00086975097656,6584.2900390625
2025-09-15,235.82884216308594,347.1000061035156,231.42999267578125,432.05084228515625,251.11866760253906,414.0982971191406,174.3459014892578,303.1014404296875,64.88031768798828,579.3497924804688,762.201904296875,511.1544189453125,120.22599792480469,177.52357482910156,136.607177734375,152.34988403320312,410.0400085449219,336.3599548339844,102.82426452636719,109.18550872802734,6615.27978515625
2025-09-16,237.2735137939453,352.7300109863281,234.0500030517578,436.7386474609375,250.66954040527344,412.8639831542969,173.42210388183594,303.3860168457031,64.90971374511719,582.788330078125,776.4552001953125,504.8859558105469,120.0510025024414,174.65724182128906,136.01466369628906,153.53504943847656,421.6199951171875,337.3321838378906,102.55652618408203,111.44988250732422,6606.759765625
2025-09-17,238.1104278564453,362.07000732421875,231.6199951171875,446.6395568847656,249.042724609375,408.5046081542969,174.14935302734375,305.89794921875,65.69364929199219,594.9227294921875,773.1859130859375,505.8579406738281,122.8499984741211,170.07308959960938,137.1802520751953,155.74989318847656,425.8599853515625,343.4532470703125,103.3994140625,112.0427017211914,6600.35009765625
2025-09-18,237.0045166015625,367.4599914550781,231.22999572753906,462.7940979003906,251.537841796875,408.974853515625,171.16168212890625,307.35015869140625,65.12529754638672,582.4205932617188,777.7010498046875,504.3008117675781,120.77799987792969,176.01551818847656,136.694580078125,152.82591247558594,416.8500061035156,335.496826171875,102.73502349853516,110.72101593017578,6631.9599609375
2025-09-19,244.59646606445312,365.8999938964844,231.47999572753906,462.37786865234375,254.2225799560547,407.2213134765625,173.15673828125,308.87103271484375,65.09589385986328,580.542236328125,775.8372192382812,513.703369140625,122.6969985961914,176.4449462890625,137.69505310058594,151.5824432373047,426.07000732421875,338.89959716796875,101.47562408447266,109.64227294921875,6664.35986328125
2025-09-22,255.13751220703125,364.0799865722656,227.6300048828125,467.8882751464844,252.036865234375,403.6064758300781,171.21083068847656,306.5749816894531,64.88031768798828,580.8702392578125,763.175048828125,510.2518615722656,122.73699951171875,183.37612915039062,136.98599243164062,148.69729614257812,434.2099914550781,341.6278076171875,101.96153259277344,108.86479949951172,6693.75
2025-09-23,253.49359130859375,361.7799987792969,220.7100067138672,467.05572509765625,251.16856384277344,402.5386962890625,173.54002380371094,306.8693542480469,65.37026977539062,566.440185546875,753.4404907226562,505.0744323730469,121.84700012207031,178.2027130126953,137.83103942871094,148.14356994628906,425.8500061035156,336.0127258300781,101.66402435302734,110.74043273925781,6656.919921875
2025-09-24,251.38140869140625,353.2699890136719,220.2100067138672,465.598876953125,246.6573944091797,401.4219055175781,173.64813232421875,307.5365905761719,65.11549377441406,565.2872924804688,758.6867065429688,505.9869079589844,120.3949966430664,176.74456787109375,138.09329223632812,148.06585693359375,442.7900085449219,335.99285888671875,101.87228393554688,111.33325958251953,6637.97021484375
2025-09-25,255.9246063232422,354.1600036621094,218.14999389648438,459.5830078125,245.3100128173828,399.1492004394531,174.6702117919922,307.5660400390625,64.65493774414062,563.7868041992188,746.9672241210938,502.8923645019531,120.8239974975586,177.4636688232422,135.90780639648438,147.80357360839844,423.3900146484375,332.2726135253906,102.18961334228516,112.33424377441406,6604.72021484375
2025-09-26,254.5198211669922,360.3699951171875,219.77999877929688,461.6048583984375,246.0585479736328,401.73541259765625,176.61614990234375,310.1270446777344,64.35115814208984,561.6301879882812,741.8206787109375,507.2861633300781,121.06099700927734,177.96302795410156,136.41290283203125,148.14356994628906,440.3999938964844,334.69329833984375,102.29869842529297,113.91835021972656,6643.7001953125
2025-09-29,253.49359130859375,359.4200134277344,222.1699981689453,467.4026184082031,243.5734100341797,398.512451171875,178.49327087402344,309.7640075683594,64.71372985839844,564.62158203125,741.4716186523438,510.40057373046875,120.64099884033203,181.61837768554688,136.15065002441406,149.1441650390625,443.2099914550781,337.46112060546875,102.21936798095703,111.00284576416016,6661.2099609375
2025-09-30,253.69288635253906,352.75,219.57000732421875,472.8932189941406,242.6252899169922,396.9352111816406,182.22784423828125,309.50885009765625,64.98809814453125,565.2872924804688,732.4749755859375,513.7232666015625,119.89199829101562,186.3423309326172,136.41290283203125,149.26072692871094,444.7200012207031,338.67144775390625,102.19952392578125,109.5742416381836,6688.4599609375
2025-10-01,254.5098419189453,343.7200012207031,220.6300048828125,476.5304870605469,244.4217529296875,388.9316711425781,182.84698486328125,304.8774719238281,65.4388656616211,570.2166748046875,715.4791870117188,515.4689331054688,117.08999633789062,187.0015106201172,139.0354766845703,148.80413818359375,459.4599914550781,345.07025146484375,101.10870361328125,108.83563995361328,6711.2001953125
2025-10-02,256.1836242675781,351.4800109863281,222.41000366210938,486.1935119628906,245.210205078125,386.962646484375,182.7781982421875,301.7767639160156,64.77252197265625,573.754638671875,725.1640014648438,511.53125,116.25299835205078,188.64939880371094,138.22926330566406,147.70643615722656,436.0,343.2052001953125,100.85087585449219,108.15536499023438,6715.35009765625
2025-10-03,257.07037353515625,346.739990234375,219.50999450683594,493.4085388183594,244.8708953857422,387.0115966796875,185.3924102783203,304.2102355957031,65.31148529052734,576.8553466796875,708.7167358398438,513.1280517578125,115.33200073242188,187.38099670410156,137.90875244140625,147.920166015625,429.8299865722656,347.0643005371094,101.2177963256836,110.06988525390625,6715.7900390625
2025-10-06,255.74530029296875,350.1400146484375,220.89999389648438,490.9605712890625,249.94094848632812,381.3983154296875,184.92066955566406,304.8511047363281,64.77252197265625,575.2254638671875,713.8035278320312,524.256591796875,116.33100128173828,185.30364990234375,135.69410705566406,146.11328125,453.25,346.5087890625,101.842529296875,110.9833984375,6740.27978515625
2025-10-07,255.5360870361328,348.30999755859375,221.77999877929688,482.367919921875,245.2800750732422,378.9296569824219,185.6381072998047,303.3819885253906,65.44866180419922,576.2490844726562,711.230224609375,519.7039794921875,119.10600280761719,184.80429077148438,136.7528533935547,148.18243408203125,433.0899963378906,349.6238708496094,102.37802124023438,111.04171752929688,6714.58984375
2025-10-08,257.1102294921875,348.7699890136719,225.22000122070312,497.64044189453125,244.14230346679688,375.9712219238281,186.42433166503906,299.7732238769531,64.79212188720703,572.8701171875,715.9779663085938,520.56689453125,121.42500305175781,188.86911010742188,134.85877990722656,146.38528442382812,438.69000244140625,348.572265625,102.0408706665039,110.80847930908203,6753.72021484375
2025-10-09,253.1050262451172,347.4700012207031,227.74000549316406,495.8961486816406,241.05833435058594,369.9954833984375,187.7904052734375,301.2522277832031,65.03710174560547,561.79443359375,731.6072387695312,518.136962890625,123.10700225830078,192.32470703125,140.5604705810547,146.27842712402344,435.5400085449219,344.2865295410156,100.92029571533203,109.72974395751953,6735.10986328125
2025-10-10,244.3673095703125,337.510009765625,216.3699951171875,486.9169616699219,236.10801696777344,368.094970703125,187.43658447265625,296.67724609375,65.69364929199219,554.7589721679688,703.4703979492188,506.790283203125,122.00800323486328,182.92669677734375,145.77647399902344,145.4138641357422,413.489990234375,340.9234619140625,100.98970794677734,107.61113739013672,6552.509765625
2025-10-13,246.74851989746094,339.32000732421875,220.07000732421875,500.25689697265625,243.6732177734375,371.6412353515625,187.61349487304688,303.6580810546875,65.45846557617188,556.5103759765625,713.8433837890625,509.8550720214844,121.90299987792969,188.0801239013672,144.62060546875,143.27670288085938,435.8999938964844,340.5762023925781,101.26737213134766,109.07860565185547,6654.72021484375
2025-10-14,246.8581085205078,335.94000244140625,216.38999938964844,522.7642822265625,244.97068786621094,379.8211364746094,187.56436157226562,297.85052490234375,66.15421295166016,565.14794921875,706.8117065429688,509.3790283203125,121.53500366210938,179.80067443847656,147.19459533691406,144.8990020751953,429.239990234375,345.6159362792969,106.31488037109375,109.12720489501953,6644.31005859375
2025-10-15,248.42233276367188,330.6300048828125,215.57000732421875,529.2855834960938,250.53977966308594,380.38934326171875,187.87884521484375,301.40997314453125,65.73284149169922,560.06298828125,715.6885986328125,509.2401123046875,120.3290023803711,179.60093688964844,146.8255157470703,143.2086944580078,435.1499938964844,342.947265625,108.11968231201172,108.46635437011719,6671.06005859375
2025-10-16,246.53929138183594,329.2300109863281,214.47000122070312,536.134033203125,250.96896362304688,379.4978942871094,188.8125,294.360107421875,66.23259735107422,547.196044921875,710.2228393554688,507.4349670410156,118.35900115966797,181.5784149169922,148.29220581054688,145.32643127441406,428.75,332.7389221191406,105.5810546875,107.52367401123047,6629.06982421875
2025-10-17,251.36148071289062,333.260009765625,213.0399932861328,522.3778076171875,252.80535888671875,383.9159851074219,189.89356994628906,293.3938293457031,67.06553649902344,558.2318725585938,715.0602416992188,509.3888854980469,119.93599700927734,182.9866180419922,149.30239868164062,147.0749969482422,439.30999755859375,339.1773986816406,106.8305435180664,109.07860565185547,6664.009765625
2025-10-20,261.27484130859375,343.3999938964844,216.47999572753906,527.95361328125,256.04901123046875,380.9673156738281,190.3849334716797,298.1265869140625,67.06553649902344,563.5956420898438,730.2706298828125,512.5726928710938,123.85600280761719,182.40736389160156,149.23440551757812,147.6190185546875,447.42999267578125,341.6773986816406,106.15620422363281,109.52564239501953,6735.1298828125
2025-10-21,261.8028869628906,357.54998779296875,222.02999877929688,521.46337890625,249.97091674804688,382.93634033203125,188.57662963867188,292.9303894042969,69.7896957397461,569.2379760742188,731.367919921875,513.4356689453125,124.13500213623047,180.9292449951172,148.78756713867188,147.28871154785156,442.6000061035156,344.4552001953125,105.33314514160156,109.53536987304688,6735.35009765625
2025-10-22,257.49884033203125,354.0899963378906,217.9499969482422,510.78857421875,251.19850158691406,381.0456848144531,189.6183624267578,289.99212646484375,69.38793182373047,568.5712280273438,731.5075073242188,516.2921142578125,111.63700103759766,180.05035400390625,148.6418914794922,147.85215759277344,438.9700012207031,342.6198425292969,106.2454605102539,111.47904205322266,6699.39990234375
2025-10-23,258.6246337890625,354.1199951171875,221.08999633789062,517.3385620117188,252.58578491210938,377.1859436035156,189.15647888183594,290.4161071777344,68.53541564941406,570.969482421875,732.095947265625,516.3118896484375,111.35900115966797,181.92796325683594,147.16546630859375,147.8618621826172,448.9800109863281,343.2151184082031,105.96780395507812,112.71327209472656,6738.43994140625
2025-10-24,261.85272216796875,353.5199890136719,224.2100067138672,519.5550537109375,259.4124450683594,378.8023376464844,187.12208557128906,296.2334899902344,68.31002044677734,570.8699340820312,736.444580078125,519.3370361328125,109.46900177001953,186.02272033691406,147.20433044433594,149.1697540283203,433.7200012207031,344.62384033203125,105.28355407714844,112.139892578125,6791.68994140625
2025-10-27,267.8206787109375,357.79998779296875,226.97000122070312,523.86865234375,268.7441711425781,377.4210510253906,187.02383422851562,299.8915710449219,68.65299224853516,569.5663452148438,748.872314453125,527.1825561523438,109.45600128173828,191.24607849121094,148.2533721923828,148.43609619140625,452.4200134277344,345.0603942871094,103.5977554321289,112.67439270019531,6875.16015625
2025-10-28,268.00994873046875,359.9100036621094,229.25,521.284423828125,266.9476623535156,377.8912658691406,183.7118377685547,301.0845947265625,68.75099182128906,563.167724609375,749.4906616210938,537.6464233398438,110.25,200.77394104003906,145.81532287597656,148.0741424560547,460.54998779296875,344.14764404296875,102.30860137939453,111.79002380371094,6890.89013671875
2025-10-29,268.7073974609375,337.8599853515625,230.3000030517578,581.933837890625,274.0338134765625,370.33837890625,183.3875274658203,301.2325134277344,66.97733306884766,551.8731689453125,749.7200317382812,537.130615234375,110.04100036621094,206.77627563476562,141.9688720703125,145.53074645996094,461.510009765625,338.5722351074219,101.60453033447266,113.1700210571289,6890.58984375
2025-10-30,270.4011535644531,339.239990234375,222.86000061035156,579.6080322265625,280.9303283691406,371.81756591796875,185.7953338623047,305.10748291015625,67.59469604492188,550.9774780273438,664.7410888671875,521.469482421875,108.9000015258789,202.63156127929688,143.31903076171875,146.3231201171875,440.1000061035156,342.29248046875,101.37645721435547,111.45960235595703,6822.33984375
2025-10-31,269.37493896484375,340.30999755859375,244.22000122070312,573.7537841796875,280.6408996582031,371.8567810058594,185.61843872070312,306.7639465332031,67.51629638671875,549.2957763671875,646.6681518554688,513.5843505859375,111.88600158691406,202.23207092285156,141.90089416503906,147.09591674804688,456.55999755859375,338.0365295410156,100.3352279663086,111.13890075683594,6840.2001953125
2025-11-03,268.0597839355469,337.4700012207031,254.0,567.1243286132812,283.1659240722656,370.6420593261719,183.05337524414062,305.01873779296875,66.60497283935547,541.4144287109375,636.0557250976562,512.810791015625,110.00900268554688,206.61647033691406,139.4822998046875,144.79708862304688,468.3699951171875,334.2269592285156,100.7417984008789,110.55580139160156,6851.97021484375
2025-11-04,269.0461730957031,335.3500061035156,249.32000732421875,544.2540893554688,276.9980163574219,375.2756652832031,183.64305114746094,304.9201354980469,67.28111267089844,550.0520629882812,625.6926879882812,510.13275146484375,109.2959976196289,198.43690490722656,138.8023681640625,143.96559143066406,444.260009765625,337.6000061035156,101.41612243652344,110.92509460449219,6771.5498046875
2025-11-05,269.14581298828125,335.5299987792969,250.1999969482422,565.6930541992188,283.75482177734375,366.2239074707031,182.79783630371094,307.31610107421875,67.1341323852539,550.6093139648438,634.30029296875,503.02130126953125,109.84600067138672,194.9613494873047,138.76351928710938,142.61563110351562,462.07000732421875,337.34210205078125,100.62281036376953,110.4780502319336,6796.2900390625
2025-11-06,268.7771301269531,327.3500061035156,243.0399932861328,566.3192749023438,284.19390869140625,361.55108642578125,183.75115966796875,309.0317687988281,67.6730728149414,550.5794677734375,617.3344116210938,493.04339599609375,109.7020034790039,187.84043884277344,137.5202178955078,142.9482421875,445.9100036621094,334.2864990234375,100.83104705810547,111.27495574951172,6720.31982421875
2025-11-07,267.4819030761719,326.95001220703125,244.41000366210938,559.6798095703125,278.2854919433594,363.5495300292969,183.35804748535156,309.8106689453125,69.1331558227539,549.2758178710938,620.0972900390625,492.76568603515625,110.36599731445312,187.9103240966797,138.85093688964844,143.77972412109375,429.5199890136719,333.3539733886719,101.73344421386719,113.91835021972656,6728.7998046875
2025-11-10,268.6985778808594,328.8500061035156,248.39999389648438,567.3826904296875,289.5334777832031,362.88336181640625,185.16636657714844,312.45318603515625,69.10375213623047,550.2610473632812,630.1212158203125,501.8707275390625,112.00700378417969,198.7964630126953,138.53038024902344,142.33193969726562,445.2300109863281,332.19329833984375,101.56486511230469,114.89018249511719,6832.43017578125
2025-11-11,274.5028076171875,333.2200012207031,249.10000610351562,564.48046875,290.7411193847656,366.61578369140625,190.4930419921875,311.2009582519531,70.17186737060547,555.624755859375,625.4533081054688,504.5289001464844,113.64399719238281,192.91395568847656,140.91986083984375,145.30575561523438,439.6199951171875,336.2309875488281,102.57635498046875,116.40623474121094,6846.60986328125
2025-11-12,272.7276611328125,337.04998779296875,244.1999969482422,569.53955078125,286.15008544921875,363.5691223144531,191.04339599609375,315.92388916015625,70.07386779785156,558.4906616210938,607.43017578125,506.9688415527344,115.75,193.55313110351562,140.2496337890625,144.78729248046875,430.6000061035156,336.8572082519531,102.57635498046875,114.7929916381836,6850.919921875
2025-11-13,272.2090759277344,333.6000061035156,237.5800018310547,550.1878051757812,278.0260314941406,360.57147216796875,191.88861083984375,305.1469421386719,69.64270782470703,552.8583374023438,608.3079223632812,499.1828918457031,115.4229965209961,186.62197875976562,140.861572265625,144.73838806152344,401.989990234375,334.07391357421875,101.68386840820312,115.4441146850586,6737.490234375
2025-11-14,271.6705322265625,331.1099853515625,234.69000244140625,550.6649780273438,275.8702087402344,354.977783203125,192.55690002441406,299.3591003417969,69.73091125488281,543.0663452148438,607.8790283203125,506.0166320800781,111.21700286865234,189.92774963378906,141.66778564453125,144.45469665527344,404.3500061035156,328.050048828125,101.6243667602539,116.94403076171875,6734.10986328125
2025-11-17,266.7339782714844,325.07000732421875,232.8699951171875,548.6968994140625,284.4634094238281,350.7359924316406,196.14405822753906,296.1644592285156,69.26054382324219,534.2296142578125,600.4483642578125,503.3486022949219,110.29000091552734,186.36231994628906,143.5909881591797,142.64498901367188,408.9200134277344,323.8055725097656,102.09043884277344,115.36569213867188,6672.41015625
2025-11-18,266.7139892578125,324.4700012207031,222.5500030517578,543.558349609375,283.7248229980469,329.62506103515625,196.55682373046875,295.2178955078125,69.7896957397461,525.0049438476562,596.1395874023438,489.7604064941406,114.08999633789062,181.1289825439453,144.50404357910156,143.7895050048828,401.25,319.2628479003906,100.54347229003906,116.68914794921875,6617.31982421875
2025-11-19,267.83099365234375,318.1099853515625,222.69000244140625,549.75048828125,292.2381896972656,327.68536376953125,199.02362060546875,299.02386474609375,69.6819076538086,527.7713012695312,588.7886962890625,483.14483642578125,110.0,186.28240966796875,142.8916473388672,143.7895050048828,403.989990234375,322.185302734375,99.76997375488281,115.04218292236328,6642.16015625
2025-11-20,265.5272521972656,312.3999938964844,217.13999938964844,542.8129272460938,288.884765625,325.60858154296875,199.57398986816406,294.20233154296875,69.77989959716797,525.303466796875,587.6217041015625,475.41387939453125,105.66999816894531,180.40989685058594,141.9105987548828,144.96337890625,395.2300109863281,321.8373718261719,106.21571350097656,114.71866607666016,6538.759765625
2025-11-21,270.75299072265625,324.19000244140625,220.69000244140625,547.0867919921875,299.0747985839844,336.32568359375,200.38967895507812,293.84735107421875,71.48495483398438,537.7623901367188,592.70849609375,469.1436462402344,104.30999755859375,178.65213012695312,142.13400268554688,147.63394165039062,391.0899963378906,326.02227783203125,104.44065856933594,114.7774887084961,6602.990234375
2025-11-24,275.1710205078125,318.7300109863281,226.27999877929688,556.2011108398438,317.9578552246094,329.7229919433594,202.502685546875,293.8276672363281,71.1321792602539,535.2247314453125,611.4596557617188,471.0118103027344,106.97000122070312,182.3174591064453,141.32781982421875,143.77972412109375,417.7799987792969,327.3343811035156,103.19117736816406,113.68932342529297,6705.1201171875
2025-11-25,276.2181701660156,319.54998779296875,229.6699981689453,563.16845703125,322.8083801269531,343.91778564453125,204.40159606933594,298.7576599121094,71.15178680419922,543.8026733398438,634.5695190429688,473.98297119140625,104.4000015258789,177.59349060058594,141.92030334472656,145.2568359375,419.3999938964844,332.5331726074219,106.10662841796875,112.25802612304688,6765.8798828125
2025-11-26,276.79656982421875,317.5199890136719,229.16000366210938,570.2452392578125,319.3252258300781,348.2281799316406,205.28182983398438,303.33270263671875,71.4163589477539,542.2702026367188,631.9663696289062,482.4393310546875,106.13999938964844,180.03036499023438,143.7366943359375,145.02206420898438,426.5799865722656,331.7975769042969,108.18910217285156,112.5129165649414,6812.60986328125
2025-11-28,278.0930480957031,320.1300048828125,233.22000122070312,572.2630004882812,319.55474853515625,349.6486511230469,204.64886474609375,308.6965026855469,71.65155029296875,547.8429565429688,646.2691650390625,488.9082946777344,107.58000183105469,176.7745361328125,144.47491455078125,144.9340362548828,430.1700134277344,332.4437255859375,109.58733367919922,113.64030456542969,6849.08984375
2025-12-01,282.3315124511719,322.8500061035156,233.8800048828125,564.6096801757812,314.2751159667969,350.0502624511719,203.08619689941406,304.59478759765625,71.00025177001953,541.3148803710938,639.2074584960938,483.6715087890625,109.12999725341797,179.69082641601562,145.2228240966797,144.22972106933594,430.1400146484375,328.41790771484375,110.59880065917969,114.33634185791016,6812.6298828125
2025-12-02,285.4131164550781,322.80999755859375,234.4199981689453,578.93212890625,315.1932678222656,346.8175048828125,203.1653289794922,303.5693359375,69.73715209960938,543.2454223632812,645.4213256835938,486.91094970703125,109.3499984741211,181.22886657714844,144.34864807128906,142.68411254882812,429.239990234375,327.6524658203125,111.47146606445312,113.11092376708984,6829.3701171875
2025-12-03,283.3786315917969,326.7799987792969,232.3800048828125,587.8973388671875,319.0058288574219,350.6184387207031,203.07630920410156,307.7598571777344,69.87529754638672,551.0272216796875,637.9407958984375,474.71832275390625,103.95999908447266,179.36123657226562,143.81439208984375,143.51560974121094,446.739990234375,327.64251708984375,113.45476531982422,115.48332977294922,6849.72021484375
2025-12-04,279.9380187988281,328.7300109863281,229.11000061035156,595.5108642578125,316.999755859375,346.2408142089844,200.25758361816406,311.6742248535156,69.52005004882812,539.6630249023438,659.81396484375,477.8087158203125,103.22000122070312,183.15660095214844,142.6973876953125,142.19500732421875,454.5299987792969,325.14752197265625,113.88116455078125,114.83631134033203,6857.1201171875
2025-12-05,278.0232238769531,346.260009765625,229.52999877929688,599.5064086914062,320.64263916015625,349.6324768066406,199.713623046875,310.6290588378906,69.07598876953125,542.8573608398438,671.673095703125,480.1141052246094,100.23999786376953,182.1877899169922,142.2393341064453,140.32659912109375,455.0,329.2627868652344,114.14891052246094,114.24810791015625,6870.39990234375
2025-12-08,277.13568115234375,339.1199951171875,226.88999938964844,592.876953125,313.3121643066406,344.99847412109375,199.4070281982422,310.79669189453125,69.32269287109375,537.8021240234375,665.0702514648438,487.92449951171875,96.79000091552734,185.323974609375,142.837646484375,135.32785034179688,439.5799865722656,324.88909912109375,112.61185455322266,113.69912719726562,6846.509765625
2025-12-09,276.4275817871094,344.32000732421875,227.9199981689453,590.7499389648438,316.66778564453125,340.423583984375,197.7652587890625,296.30255126953125,69.164794921875,534.92626953125,655.2557983398438,488.9181823730469,96.70999908447266,184.7446746826172,141.86660766601562,136.5897674560547,445.1700134277344,324.55108642578125,114.09933471679688,115.92448425292969,6840.509765625
2025-12-10,278.0232238769531,343.1300048828125,231.77999877929688,611.6124267578125,319.7937316894531,346.2013244628906,204.2730255126953,305.7680969238281,69.2832260131836,536.2297973632812,648.4435424804688,475.5430603027344,92.70999908447266,183.55612182617188,146.82960510253906,136.775634765625,451.45001220703125,323.78570556640625,112.23503112792969,117.1891098022461,6886.68017578125
2025-12-11,277.2752685546875,350.42999267578125,230.27999877929688,621.8101196289062,312.02386474609375,352.4424743652344,207.70494079589844,312.9363098144531,68.19773864746094,560.6202392578125,651.016845703125,480.4221496582031,94.08999633789062,180.70957946777344,146.1822509765625,137.69515991210938,446.8900146484375,343.5669250488281,114.55548858642578,117.1891098022461,6901.0
2025-12-12,277.52459716796875,356.42999267578125,226.19000244140625,594.2584838867188,308.887939453125,354.60174560546875,209.25770568847656,314.0603332519531,69.58912658691406,569.1384887695312,642.5587158203125,475.5132751464844,95.19000244140625,174.80679321289062,147.76138305664062,139.7298583984375,458.9599914550781,345.7537536621094,115.96154022216797,116.48326873779297,6827.41015625
2025-12-15,273.3658752441406,351.1499938964844,222.5399932861328,586.1779174804688,307.8193359375,351.9790954589844,211.8192901611328,315.5393371582031,70.03319549560547,566.3521118164062,646.3570556640625,471.8266296386719,93.7699966430664,176.07522583007812,148.32046508789062,141.97000122070312,475.30999755859375,344.81939697265625,116.05097961425781,115.44412231445312,6816.509765625
2025-12-16,273.8645324707031,347.8900146484375,222.55999755859375,585.3529663085938,306.1714782714844,347.72955322265625,207.00274658203125,311.1319274902344,69.44110870361328,563.2572631835938,655.9798583984375,473.38677978515625,94.56999969482422,177.5034942626953,147.48675537109375,142.0482635498047,489.8800048828125,343.0500183105469,114.68964385986328,112.42469024658203,6800.259765625
2025-12-17,271.1020812988281,354.6600036621094,221.27000427246094,558.4772338867188,296.3342590332031,351.742431640625,208.0214385986328,310.5699157714844,69.73715209960938,562.7099609375,648.343505859375,473.1184387207031,94.79000091552734,170.73175048828125,147.2023162841797,144.59165954589844,467.260009765625,342.35418701171875,114.92813110351562,115.10101318359375,6721.43017578125
2025-12-18,271.45111083984375,355.80999755859375,226.75999450683594,562.3932495117188,302.0668029785156,350.0071716308594,206.0236053466797,308.6176452636719,69.43123626708984,563.4463500976562,663.2669067382812,480.9289245605469,94.0,173.9278564453125,146.50592041015625,142.3515167236328,483.3699951171875,343.94464111328125,114.10337829589844,114.24810791015625,6774.759765625
2025-12-19,272.9271545410156,355.8599853515625,227.35000610351562,572.7201538085938,306.7607116699219,340.1573791503906,204.10488891601562,312.7686767578125,69.13520050048828,569.4368896484375,657.5969848632812,482.856689453125,94.38999938964844,180.76953125,145.3191375732422,141.31459045410156,481.20001220703125,347.1653137207031,113.63634490966797,114.3951644897461,6834.5
2025-12-22,270.23443603515625,357.5299987792969,228.42999267578125,578.8724975585938,309.3773193359375,341.52789306640625,205.0444793701172,318.56634521484375,69.2832260131836,572.8900756835938,660.3220825195312,481.86297607421875,93.2300033569336,183.4662322998047,144.23040771484375,139.5831298828125,488.7300109863281,349.98834228515625,111.88748931884766,115.82644653320312,6878.490234375
2025-12-23,271.62066650390625,352.4200134277344,232.13999938964844,578.8824462890625,313.94134521484375,340.1278076171875,203.52137756347656,321.3665771484375,68.94770812988281,573.536865234375,663.7559814453125,483.7807922363281,93.5,188.97952270507812,140.92503356933594,140.0624542236328,485.55999755859375,351.2706604003906,110.1982421875,117.07146453857422,6909.7900390625
2025-12-24,273.06671142578125,352.9800109863281,232.3800048828125,580.21435546875,313.6816711425781,342.46453857421875,205.49942016601562,324.5612487792969,69.1845474243164,576.6217651367188,666.3613891601562,484.9433898925781,93.63999938964844,188.38023376464844,140.98388671875,141.34396362304688,485.3999938964844,353.0201721191406,110.90375518798828,116.87541198730469,6932.0498046875
2025-12-26,272.6578369140625,353.79998779296875,232.52000427246094,579.458984375,313.10247802734375,344.87030029296875,205.35105895996094,323.31890869140625,68.94770812988281,576.7709350585938,662.10888671875,484.6353759765625,94.47000122070312,190.2978973388672,141.02310180664062,141.5885009765625,475.19000244140625,352.8809814453125,111.03292846679688,116.76757049560547,6929.93994140625
2025-12-29,273.0168762207031,353.1600036621094,232.07000732421875,575.0955810546875,313.15240478515625,342.572998046875,205.28182983398438,319.2171325683594,69.23388671875,575.0792846679688,657.5171508789062,484.02923583984375,94.1500015258789,187.99070739746094,141.4742889404297,141.4221954345703,459.6400146484375,352.4932861328125,111.81792449951172,118.1596450805664,6905.740234375
2025-12-30,272.33868408203125,352.510009765625,232.52999877929688,573.8829956054688,313.4420166015625,341.48846435546875,204.6389617919922,318.8917541503906,69.14506530761719,574.6016845703125,664.7642211914062,484.4068603515625,93.77999877929688,187.31153869628906,141.3958282470703,140.91351318359375,454.42999267578125,351.5091857910156,111.2117919921875,118.610595703125,6896.240234375
2025-12-31,271.12200927734375,349.989990234375,230.82000732421875,569.3905029296875,312.5931091308594,339.27001953125,204.67852783203125,317.70855712890625,68.9871826171875,568.0935668945312,658.9146728515625,480.5711364746094,93.76000213623047,186.27279663085938,140.7681121826172,140.18963623046875,449.7200012207031,348.6165771484375,110.70501708984375,117.97338104248047,6845.5
2026-01-02,270.27435302734375,333.29998779296875,226.5,594.7752685546875,314.74029541015625,340.96588134765625,205.0741424560547,320.92291259765625,68.20761108398438,560.3814086914062,649.2518920898438,469.95849609375,90.98999786376953,188.6199493408203,139.50282287597656,138.70272827148438,438.07000732421875,344.411865234375,112.04647827148438,120.23795318603516,6858.47021484375
2026-01-05,266.5345458984375,331.55999755859375,233.05999755859375,612.35791015625,316.1285095214844,339.2601623535156,202.0675048828125,329.363037109375,67.04318237304688,565.7947998046875,657.616943359375,469.8690490722656,91.45999908447266,187.89083862304688,137.23712158203125,137.31365966796875,451.6700134277344,351.6881408691406,111.99678802490234,122.8946533203125,6902.0498046875
2026-01-06,261.6477966308594,335.989990234375,240.92999267578125,619.3054809570312,313.9313659667969,344.3871765136719,202.542236328125,331.41326904296875,66.94449615478516,577.5074462890625,659.4437255859375,475.4933776855469,90.6500015258789,187.0119171142578,136.2955322265625,136.86367797851562,432.9599914550781,355.4256896972656,113.61646270751953,118.66942596435547,6944.81982421875
2026-01-07,259.6233215332031,338.1000061035156,241.55999755859375,592.8968505859375,321.56146240234375,344.1603698730469,205.21261596679688,323.8660583496094,66.64846801757812,577.08935546875,647.5349731445312,480.4221496582031,90.7300033569336,188.87962341308594,134.38291931152344,135.0343780517578,431.4100036621094,353.7557373046875,112.00672912597656,116.15975952148438,6920.93017578125
2026-01-08,258.3368225097656,339.0400085449219,246.2899932861328,604.4363403320312,325.0169372558594,354.51300048828125,203.49169921875,326.63934326171875,68.45431518554688,577.2387084960938,644.9096069335938,475.0959167480469,90.52999877929688,184.8145751953125,136.69766235351562,138.44837951660156,435.79998779296875,350.1275329589844,112.35450744628906,120.49284362792969,6921.4599609375
2026-01-09,258.6659240722656,333.95001220703125,247.3800048828125,613.8687133789062,328.14288330078125,369.38134765625,202.14663696289062,326.0450744628906,69.57926177978516,573.591064453125,651.8970947265625,476.258544921875,89.45999908447266,184.63479614257812,137.22732543945312,138.78099060058594,445.010009765625,347.6821594238281,113.8052749633789,122.15940856933594,6966.27978515625
2026-01-12,259.54351806640625,327.6499938964844,246.47000122070312,625.9448852539062,331.4285888671875,369.6771240234375,207.41812133789062,321.3899841308594,69.56939697265625,564.3624877929688,640.826904296875,474.1717529296875,89.41000366210938,184.71470642089844,138.64952087402344,140.3363800048828,448.9599914550781,341.15142822265625,117.2235107421875,121.59081268310547,6977.27001953125
2026-01-13,260.34136962890625,309.92999267578125,242.60000610351562,632.663818359375,335.5332336425781,374.4097595214844,211.3049774169922,307.9298095703125,70.29962921142578,543.1445922851562,629.96630859375,467.7028503417969,90.31999969482422,185.58364868164062,140.72886657714844,141.09938049316406,447.20001220703125,325.9228820800781,119.59837341308594,124.05144500732422,6963.740234375
2026-01-14,259.2543029785156,304.44000244140625,236.64999389648438,634.870361328125,335.4034118652344,370.6729736328125,216.15121459960938,304.9287414550781,70.49698638916016,544.9683227539062,614.4240112304688,456.4840087890625,88.55000305175781,182.91690063476562,143.1220703125,143.16346740722656,439.20001220703125,327.2051696777344,119.28040313720703,127.63945770263672,6926.60009765625
2026-01-15,257.5090637207031,304.0899963378906,238.17999267578125,643.2490844726562,332.347412109375,373.837890625,217.16001892089844,306.30548095703125,69.5496597290039,540.8125610351562,619.694580078125,453.7811279296875,88.05000305175781,186.82212829589844,143.75962829589844,141.48089599609375,438.57000732421875,325.7936096191406,118.44571685791016,126.59052276611328,6944.47021484375
2026-01-16,254.8363494873047,296.1199951171875,239.1199951171875,642.9609375,329.5710144042969,374.833740234375,216.260009765625,309.48480224609375,69.51018524169922,537.6631469726562,619.1455688476562,456.9609375,88.0,186.0031280517578,143.51441955566406,141.38307189941406,437.5,326.34033203125,118.94255065917969,127.33556365966797,6940.009765625
2026-01-20,246.0303192138672,290.3699951171875,231.0,626.6422729492188,321.5814208984375,369.8447265625,215.81495666503906,299.8477478027344,70.80289459228516,529.9393920898438,603.0443115234375,451.65460205078125,87.26000213623047,177.85308837890625,144.82872009277344,143.79930114746094,419.25,323.87518310546875,117.95882415771484,127.89437103271484,6796.85986328125
2026-01-21,246.9777374267578,294.2300109863281,231.30999755859375,642.9609375,327.953125,379.2409973144531,215.6171417236328,299.15447998046875,71.05946350097656,525.7835083007812,611.8685913085938,441.31024169921875,85.36000061035156,183.09669494628906,143.92636108398438,142.8797607421875,431.44000244140625,323.33837890625,118.60470581054688,130.982421875,6875.6201171875
2026-01-22,247.67584228515625,299.7300109863281,234.33999633789062,645.9794921875,330.11029052734375,375.681640625,216.0918731689453,300.729248046875,70.92131042480469,531.0556640625,646.476806640625,448.2959289550781,83.54000091552734,184.6148223876953,141.63121032714844,146.6654815673828,449.3599853515625,324.41192626953125,117.08438873291016,131.01182556152344,6913.35009765625
2026-01-23,247.36666870117188,301.07000732421875,239.16000366210938,624.271240234375,327.5036926269531,378.3831787109375,217.7237548828125,294.875732421875,71.91797637939453,522.963134765625,657.5870361328125,463.0125732421875,86.12000274658203,187.44137573242188,141.80776977539062,147.92355346679688,449.05999755859375,324.2330017089844,116.98502349853516,132.315673828125,6915.60986328125
2026-01-26,254.71669006347656,304.7200012207031,238.4199981689453,633.5363159179688,332.8267822265625,381.1044616699219,219.05894470214844,298.1640319824219,71.60220336914062,525.57421875,671.1627807617188,467.3152770996094,85.69999694824219,186.2428436279297,143.07302856445312,147.2733612060547,435.20001220703125,326.5291748046875,116.89559936523438,132.18821716308594,6950.22998046875
2026-01-27,257.56890869140625,297.4200134277344,244.67999267578125,636.51513671875,334.1150817871094,375.02105712890625,221.9765625,297.44097900390625,72.57913208007812,518.6477661132812,671.7716674804688,477.5503234863281,85.58000183105469,188.29034423828125,145.92724609375,146.14039611816406,430.8999938964844,323.3185119628906,116.20002746582031,134.13906860351562,6978.60009765625
2026-01-28,255.74386596679688,299.5799865722656,243.00999450683594,640.8687744140625,335.57318115234375,370.0320739746094,225.22056579589844,297.89654541015625,72.09559631347656,519.6045532226562,667.5392456054688,478.5937194824219,84.63999938964844,191.28668212890625,145.65261840820312,145.1552276611328,431.4599914550781,325.0282287597656,115.83236694335938,134.87432861328125,6978.02978515625
2026-01-29,257.5788879394531,291.6499938964844,241.72999572753906,662.7463989257812,337.810302734375,366.591064453125,224.79527282714844,303.49261474609375,72.4607162475586,541.8887939453125,736.995361328125,430.7671203613281,83.16000366210938,192.27548217773438,145.83897399902344,147.67726135253906,416.55999755859375,329.8194580078125,116.66705322265625,137.7467041015625,6969.009765625
2026-01-30,258.7756652832031,293.25,239.3000030517578,654.89599609375,337.56060791015625,369.33203125,224.75572204589844,302.9676818847656,73.82250213623047,536.9655151367188,715.2241821289062,427.577392578125,83.48999786376953,190.8971710205078,150.6842498779297,149.51954650878906,430.4100036621094,319.9089660644531,118.38610076904297,138.61920166015625,6939.02978515625
2026-02-02,269.2770690917969,293.3800048828125,242.9600067138672,688.3201904296875,343.2431945800781,372.8124694824219,228.21730041503906,305.1961669921875,74.33563995361328,553.4893798828125,705.152099609375,420.70098876953125,82.76000213623047,185.38388061523438,152.22413635253906,150.91848754882812,421.80999755859375,331.8472595214844,123.27497100830078,135.67819213867188,6976.43994140625
2026-02-03,268.7485046386719,271.92999267578125,238.6199951171875,700.2553100585938,339.26837158203125,375.75067138671875,230.54151916503906,311.8420715332031,75.87504577636719,548.8551635742188,690.4683227539062,408.61767578125,79.94000244140625,180.12030029296875,159.7274627685547,153.01690673828125,421.9599914550781,326.96661376953125,126.90187072753906,140.90338134765625,6917.81005859375
2026-02-04,275.7394104003906,279.7099914550781,232.99000549316406,689.2268676757812,332.6070861816406,381.7650451660156,231.89646911621094,314.23895263671875,76.32897186279297,551.6456909179688,667.7987670898438,411.578857421875,80.16000366210938,173.97781372070312,162.99359130859375,154.54391479492188,406.010009765625,327.98052978515625,127.19003295898438,144.68746948242188,6882.72021484375
2026-02-05,275.1610107421875,269.3900146484375,222.69000244140625,675.7674560546875,330.81939697265625,377.0028076171875,235.18002319335938,307.1968688964844,77.47366333007812,550.021240234375,669.0166015625,391.188232421875,80.87000274658203,171.67062377929688,164.31771850585938,156.25811767578125,397.2099914550781,327.1653747558594,126.13674926757812,143.20718383789062,6798.39990234375
2026-02-06,277.3650207519531,268.3800048828125,210.32000732421875,723.4779052734375,322.4402770996094,379.7438049316406,237.35589599609375,319.3199462890625,77.98680114746094,546.8818359375,660.2822265625,398.61114501953125,82.19999694824219,185.18414306640625,167.22096252441406,156.80979919433594,411.1099853515625,329.60076904296875,130.34991455078125,146.1187744140625,6932.2998046875
2026-02-09,274.13079833984375,266.8999938964844,208.72000122070312,739.3382568359375,323.8984069824219,375.6520690917969,236.0207061767578,319.0228271484375,76.94078826904297,533.5172729492188,676.0140991210938,410.99261474609375,81.47000122070312,189.80848693847656,163.27804565429688,154.99710083007812,417.32000732421875,323.6365661621094,128.20359802246094,148.2362823486328,6964.81982421875
2026-02-10,273.19244384765625,264.6700134277344,206.9600067138672,739.5873413085938,318.16583251953125,384.2102355957031,235.73388671875,315.2392883300781,75.79609680175781,538.5601196289062,669.5256958007812,410.6646728515625,82.20999908447266,188.31031799316406,163.76846313476562,156.7211456298828,425.2099914550781,326.8838195800781,125.89826965332031,148.6088104248047,6941.81005859375
2026-02-11,275.00921630859375,257.1600036621094,204.0800018310547,772.0950317382812,310.55572509765625,385.1961975097656,238.21633911132812,307.8505554199219,77.56246948242188,535.6400756835938,667.4993286132812,401.8207702636719,79.62000274658203,189.81849670410156,165.9066619873047,157.62750244140625,428.2699890136719,327.9496154785156,127.95516204833984,152.50074768066406,6941.47021484375
2026-02-12,261.2637939453125,262.5,199.60000610351562,755.4476318359375,308.59832763671875,384.7426452636719,241.8658447265625,299.7487487792969,77.95719146728516,525.6738891601562,648.6529541015625,399.3067321777344,75.86000061035156,186.7122802734375,163.99404907226562,158.81956481933594,417.07000732421875,322.909423828125,132.79434204101562,147.9611358642578,6832.759765625
2026-02-13,255.32435607910156,263.9700012207031,198.7899932861328,771.2980346679688,305.32257080078125,385.5610046386719,240.7779083251953,299.6595764160156,77.64141845703125,516.6046752929688,638.630859375,398.7900390625,76.87000274658203,182.58729553222656,162.75820922851562,157.6964874267578,417.44000244140625,312.8490295410156,133.04275512695312,146.50057983398438,6836.169921875
2026-02-17,263.4099426269531,260.45001220703125,201.14999389648438,761.8934326171875,301.6273498535156,377.6634521484375,240.6592254638672,304.1958312988281,78.50979614257812,520.1626586914062,638.151611328125,394.35809326171875,77.0,184.7446746826172,158.81529235839844,157.18417358398438,410.6300048828125,318.247802734375,128.03465270996094,144.270263671875,6843.22021484375
2026-02-18,263.8791198730469,263.1700134277344,204.7899932861328,749.1513061523438,302.9356689453125,378.1366882324219,242.30101013183594,305.8300476074219,78.44071960449219,526.192138671875,642.0746459960938,397.08087158203125,77.98999786376953,187.75099182128906,161.2379150390625,154.53407287597656,411.32000732421875,319.0446472167969,125.81877899169922,148.7012939453125,6881.31005859375
2026-02-19,260.11578369140625,259.2099914550781,204.86000061035156,757.6793212890625,302.456298828125,373.2660217285156,244.19992065429688,305.10699462890625,77.86837768554688,518.498291015625,643.6318969726562,396.8517761230469,77.0,187.6710968017578,161.43409729003906,156.20884704589844,411.7099914550781,317.6800231933594,124.07984161376953,148.98748779296875,6861.89013671875
2026-02-20,264.1086730957031,258.6099853515625,210.11000061035156,756.8922119140625,314.570556640625,376.884521484375,239.8284454345703,307.82086181640625,78.78610229492188,524.62744140625,654.4924926757812,395.6267395019531,78.66999816894531,189.58877563476562,161.7773895263672,158.39593505859375,411.82000732421875,319.692138671875,122.21173858642578,145.345947265625,6909.509765625
2026-02-23,265.705810546875,246.67999267578125,205.27000427246094,753.6344604492188,311.0850524902344,371.6983642578125,243.14166259765625,294.8262023925781,79.49659729003906,494.350341796875,636.1152954101562,382.9182434082031,76.0199966430664,191.316650390625,165.0925750732422,162.72085571289062,399.8299865722656,305.3186340332031,125.0138931274414,148.78024291992188,6837.75
2026-02-24,271.6552429199219,255.1699981689453,208.55999755859375,765.3504028320312,310.495849609375,379.083251953125,244.87173461914062,294.459716796875,79.65449523925781,496.3136901855469,638.16162109375,387.429931640625,78.04000091552734,192.61508178710938,166.28916931152344,162.8292236328125,409.3800048828125,306.01593017578125,125.94794464111328,147.29994201660156,6890.06982421875
2026-02-25,273.74151611328125,257.80999755859375,210.63999938964844,763.7364501953125,312.4932556152344,370.29827880859375,243.76808166503906,300.40240478515625,79.40779113769531,507.6651306152344,652.5260620117188,398.9831237792969,82.69999694824219,195.32176208496094,165.92626953125,160.9672393798828,417.3999938964844,311.7632751464844,124.95427703857422,147.10256958007812,6946.1298828125
2026-02-26,272.4637756347656,259.0400085449219,207.9199981689453,750.1077270507812,306.98040771484375,369.82501220703125,242.0778045654297,303.20538330078125,79.43739318847656,513.0269165039062,655.8401489257812,400.0986022949219,84.58999633789062,184.66476440429688,164.36676025390625,161.3218994140625,408.5799865722656,315.4587707519531,123.6326904296875,146.58938598632812,6908.85986328125
2026-02-27,263.7093811035156,262.4100036621094,210.0,740.045654296875,311.354736328125,375.3760070800781,247.00942993164062,297.4310607910156,80.48339080810547,515.4586791992188,647.02587890625,391.15484619140625,96.23999786376953,176.97415161132812,166.4853515625,164.72073364257812,402.510009765625,318.88531494140625,127.14035034179688,150.49740600585938,6878.8798828125
2026-03-02,264.2484130859375,260.8800048828125,208.38999938964844,749.5000610351562,306.12152099609375,365.6050720214844,247.13868713378906,294.7172546386719,79.16108703613281,519.2357788085938,652.396240234375,396.9413757324219,97.08999633789062,182.25770568847656,164.072509765625,161.08546447753906,403.32000732421875,319.25384521484375,126.29573822021484,152.19480895996094,6881.6201171875
2026-03-03,263.2801818847656,270.989990234375,208.72999572753906,719.4730224609375,303.1853332519531,361.76971435546875,245.3390350341797,297.3914489746094,78.2927017211914,522.5445556640625,653.91357421875,402.2996826171875,97.69999694824219,179.83065795898438,161.7479705810547,157.35165405273438,392.42999267578125,319.57257080078125,127.1006088256836,149.83619689941406,6816.6298828125
2026-03-04,262.0523376464844,273.1199951171875,216.82000732421875,729.226318359375,302.7359619140625,363.928955078125,243.8973388671875,296.52978515625,77.06907653808594,521.1492919921875,666.541015625,403.5645751953125,98.66000366210938,182.8170166015625,160.7769317626953,155.95272827148438,405.94000244140625,319.2139892578125,127.00122833251953,147.85260009765625,6869.5
2026-03-05,259.8263244628906,281.739990234375,218.94000244140625,703.4334106445312,300.4888916015625,356.6032409667969,238.259765625,290.74554443359375,76.01319122314453,522.8833618164062,659.393798828125,409.0224304199219,99.16999816894531,183.11663818359375,157.61866760253906,151.70663452148438,405.54998779296875,318.5466003417969,122.52971649169922,148.78024291992188,6830.7099609375
2026-03-06,257.0013427734375,283.6199951171875,213.2100067138672,678.3477783203125,298.1319274902344,352.89605712890625,239.0253448486328,286.7144470214844,76.02306365966797,520.5712890625,643.7117309570312,407.30938720703125,99.0199966430664,177.6033935546875,157.77008056640625,151.3519744873047,396.7300109863281,316.1161804199219,123.0166244506836,149.22434997558594,6740.02001953125
2026-03-09,259.41705322265625,282.44000244140625,213.49000549316406,702.1781005859375,306.1770935058594,348.59722900390625,241.20281982421875,287.1502685546875,76.77303314208984,515.9668579101562,646.2373046875,407.757568359375,98.31999969482422,182.427490234375,159.8482208251953,152.9183807373047,398.67999267578125,314.73162841796875,123.55319213867188,148.46444702148438,6795.990234375
2026-03-10,260.3653564453125,275.1300048828125,214.3300018310547,713.99365234375,306.8567199707031,352.1368408203125,242.31643676757812,285.97161865234375,76.85197448730469,512.97705078125,652.9053344726562,404.122314453125,96.94000244140625,184.54490661621094,159.1060333251953,153.69667053222656,399.239990234375,313.1976623535156,124.32826232910156,146.18479919433594,6781.47998046875
2026-03-11,260.3453674316406,273.7099914550781,212.64999389648438,704.937744140625,308.5157470703125,345.9154052734375,241.6005401611328,284.77313232421875,76.60527801513672,502.2933654785156,653.6939086914062,403.245849609375,94.88999938964844,185.8134307861328,158.4825897216797,151.04656982421875,407.82000732421875,307.74908447265625,122.70857238769531,149.5894775390625,6775.7998046875
2026-03-12,255.30438232421875,269.7799987792969,209.52999877929688,698.0635986328125,303.3687744140625,336.40673828125,240.6559600830078,280.1874084472656,76.58554077148438,495.6260070800781,637.0436401367188,400.2380065917969,94.30999755859375,182.9268035888672,157.20602416992188,148.26837158203125,395.010009765625,305.29876708984375,124.53694152832031,151.5138702392578,6672.6201171875
2026-03-13,249.6744384765625,249.32000732421875,207.6699981689453,691.388671875,302.09954833984375,336.5059814453125,240.13894653320312,280.7321472167969,76.8438720703125,496.3037109375,612.6171875,393.9534912109375,95.30999755859375,180.0401611328125,158.2154083251953,148.41615295410156,391.20001220703125,305.9362487792969,125.71940612792969,154.06985473632812,6632.18994140625
2026-03-16,252.36964416503906,251.86000061035156,211.74000549316406,697.156982421875,305.3775939941406,340.029541015625,241.7993927001953,283.4261474609375,77.32079315185547,506.77813720703125,626.8690185546875,398.33575439453125,95.19999694824219,183.0067138671875,156.07789611816406,149.86434936523438,395.55999755859375,308.8945617675781,125.19275665283203,155.165283203125,6699.3798828125
2026-03-17,253.77711486816406,254.1999969482422,215.1999969482422,699.36865234375,310.7344055175781,338.88812255859375,236.74844360351562,284.1492004394531,77.08233642578125,504.8646240234375,622.0834350585938,397.7979431152344,94.36000061035156,181.71820068359375,154.87059020996094,149.2338409423828,399.2699890136719,307.25103759765625,124.28852081298828,156.7245330810547,6716.08984375
2026-03-18,249.49476623535156,246.0,209.8699951171875,691.0200805664062,307.5063171386719,328.4662780761719,235.92318725585938,284.9910583496094,75.48265838623047,486.8159484863281,615.1099243164062,390.20867919921875,94.69999694824219,180.1899871826172,151.94140625,144.53457641601562,392.7799987792969,297.8480529785156,121.2081298828125,155.5205535888672,6624.7001953125
2026-03-19,248.5165252685547,245.99000549316406,208.75999450683594,686.0687255859375,306.9466552734375,325.76654052734375,236.24136352539062,285.2188415527344,75.06536102294922,489.4769287109375,606.1382446289062,387.4498596191406,91.73999786376953,178.3521270751953,151.14974975585938,142.69229125976562,380.29998779296875,298.53533935546875,120.32376098632812,156.08306884765625,6606.490234375
2026-03-20,247.54823303222656,248.14999389648438,205.3699951171875,678.3278198242188,300.8203125,318.3620910644531,234.02410888671875,283.8223571777344,74.2704849243164,494.6393737792969,593.1102905273438,380.3287048339844,91.81999969482422,172.4989471435547,148.47784423828125,142.14060974121094,367.9599914550781,300.4378662109375,118.50957489013672,157.5732421875,6506.47998046875
2026-03-23,251.04200744628906,247.63999938964844,210.13999938964844,699.0697631835938,301.87969970703125,328.4365234375,234.07382202148438,287.14031982421875,74.62818145751953,498.68560791015625,603.5006713867188,381.4541931152344,93.37999725341797,175.43553161621094,149.30911254882812,141.85491943359375,380.8500061035156,303.246826171875,120.2022933959961,159.0140838623047,6581.0
2026-03-24,251.1917266845703,238.8699951171875,207.24000549316406,713.9437866210938,290.2666320800781,328.4464416503906,233.9246826171875,289.6065368652344,74.19100189208984,497.24053955078125,592.3709716796875,371.2355651855469,90.91999816894531,174.99603271484375,149.02212524414062,141.03721618652344,383.0299987792969,302.5694885253906,121.5265884399414,163.20826721191406,6556.3701171875
2026-03-25,252.16998291015625,237.25,211.7100067138672,716.3447265625,290.7563171386719,330.0345458984375,238.5580291748047,292.59771728515625,74.76728057861328,501.05755615234375,594.3391723632812,369.5424499511719,92.27999877929688,178.47198486328125,150.15025329589844,141.78594970703125,385.95001220703125,303.7149658203125,122.5322494506836,161.11610412597656,6591.89990234375
2026-03-26,252.43951416015625,240.8800048828125,207.5399932861328,700.55419921875,280.7523193359375,325.9848937988281,237.8719940185547,288.8736267089844,74.21087646484375,499.0543518066406,547.032958984375,364.4928894042969,93.31999969482422,171.04066467285156,149.25962829589844,140.30819702148438,372.1099853515625,304.33251953125,121.6560287475586,163.25759887695312,6477.16015625
2026-03-27,248.35679626464844,234.83999633789062,199.33999633789062,692.7933959960938,274.1762390136719,319.25537109375,239.07505798339844,280.13787841796875,75.22432708740234,482.60028076171875,525.233154296875,355.3300476074219,93.43000030517578,167.32498168945312,151.4466094970703,140.59390258789062,361.8299865722656,294.3617858886719,122.36298370361328,168.7445831298828,6368.85009765625
2026-03-30,246.19065856933594,241.1300048828125,200.9499969482422,664.92822265625,273.33673095703125,321.09161376953125,241.10340881347656,281.0589904785156,75.78073120117188,492.3272399902344,535.8833618164062,357.5111999511719,92.97000122070312,164.97772216796875,155.18727111816406,142.57408142089844,355.2799987792969,298.36602783203125,122.9703598022461,169.21827697753906,6343.72021484375
2026-03-31,253.337890625,243.0800018310547,208.27000427246094,705.8045043945312,287.3883361816406,326.4414978027344,243.04225158691406,291.3497314453125,75.56214904785156,497.96807861328125,571.6002197265625,368.67596435546875,96.1500015258789,174.1969757080078,153.67318725585938,142.29823303222656,371.75,301.055419921875,123.74702453613281,167.4320526123047,6528.52001953125
2026-04-01,255.17462158203125,241.3699951171875,210.57000732421875,727.58251953125,297.2124938964844,327.1064758300781,242.7240753173828,292.5580749511719,75.59195709228516,489.98516845703125,578.6936645507812,367.8791809082031,95.55000305175781,175.54541015625,153.0398406982422,141.95343017578125,381.260009765625,297.3400573730469,124.20504760742188,158.66867065429688,6575.31982421875
2026-04-02,255.464111328125,242.9199981689453,209.77000427246094,714.5315551757812,295.59344482421875,319.23553466796875,241.65025329589844,291.7855224609375,76.22785186767578,491.76910400390625,573.9281005859375,371.9526672363281,98.66000366210938,177.18348693847656,155.37527465820312,140.997802734375,360.5899963378906,299.6210632324219,125.25054931640625,158.57984924316406,6582.68994140625
2026-04-06,258.3988342285156,244.36000061035156,212.7899932861328,718.5365600585938,299.8109130859375,324.2181396484375,239.5920867919922,294.125,76.72463989257812,499.80181884765625,572.4894409179688,371.3750305175781,98.93000030517578,177.43319702148438,155.0981903076172,140.6529998779297,352.82000732421875,302.1411437988281,126.24625396728516,161.2246551513672,6611.830078125
2026-04-07,253.0484161376953,240.13999938964844,213.77000427246094,721.7245483398438,305.27764892578125,316.3968200683594,237.04673767089844,296.0662536621094,75.42304992675781,496.59271240234375,574.5175170898438,370.78741455078125,98.81999969482422,177.89266967773438,151.61485290527344,139.2047882080078,346.6499938964844,301.3642272949219,121.9646987915039,161.757568359375,6616.85009765625
2026-04-08,258.43878173828125,239.30999755859375,221.25,768.6878662109375,317.1305847167969,333.6573486328125,239.9202117919922,306.5888366699219,76.79419708251953,505.40277099609375,611.8529052734375,372.8191223144531,99.38999938964844,181.8680419921875,153.18829345703125,142.75140380859375,343.25,307.74908447265625,126.71424865722656,154.16854858398438,6782.81005859375
2026-04-09,260.02593994140625,229.94000244140625,233.64999389648438,784.1197509765625,318.29986572265625,337.0518798828125,239.93014526367188,308.938232421875,77.67848205566406,502.7272644042969,627.8081665039062,371.5642395019531,102.05000305175781,183.69590759277344,155.8502960205078,144.48532104492188,345.6199951171875,307.08172607421875,128.5762176513672,153.00404357910156,6824.66015625
2026-04-10,260.0159912109375,225.35000610351562,238.3800048828125,787.6963500976562,317.0506286621094,334.8285827636719,237.09645080566406,308.4803161621094,76.97303771972656,497.82550048828125,629.2767333984375,369.37310791015625,103.01000213623047,188.41041564941406,155.4247589111328,143.007568359375,348.95001220703125,303.1671142578125,126.2263412475586,150.5072479248047,6816.89013671875
2026-04-13,258.73828125,240.11000061035156,239.88999938964844,788.7622680664062,321.1181945800781,338.6201477050781,236.59930419921875,312.2732238769531,75.91984558105469,507.7288818359375,633.9425048828125,382.8186340332031,103.16000366210938,189.08961486816406,154.25704956054688,141.4509735107422,352.4200134277344,308.17742919921875,124.03577423095703,150.63555908203125,6886.240234375
2026-04-14,258.368896484375,235.72000122070312,249.02000427246094,791.2728881835938,332.7112731933594,340.1585693359375,238.72706604003906,309.7247009277344,75.4131088256836,512.3012084960938,661.8765258789062,391.5233459472656,106.27999877929688,196.28123474121094,154.0987091064453,142.2391357421875,364.20001220703125,310.149658203125,124.51372528076172,147.28021240234375,6967.3798828125
2026-04-15,265.95538330078125,244.66000366210938,248.5,767.2830810546875,336.91876220703125,336.38690185546875,237.30523681640625,304.5579833984375,74.82688903808594,519.08984375,670.9581909179688,409.5602722167969,107.70999908447266,198.63848876953125,153.23777770996094,141.2539520263672,391.95001220703125,314.671875,124.22496795654297,147.05322265625,7022.9501953125
2026-04-16,262.9307556152344,248.16000366210938,249.6999969482422,769.7637939453125,335.81939697265625,334.6399841308594,233.1988525390625,308.5599670410156,74.6977310180664,517.6721801757812,676.2432250976562,418.56378173828125,107.79000091552734,198.1190948486328,156.73101806640625,140.9879608154297,388.8999938964844,313.86505126953125,124.28470611572266,149.98422241210938,7041.27978515625
2026-04-17,269.7486267089844,244.4499969482422,250.55999755859375,791.67138671875,341.4760437011719,346.79876708984375,232.84091186523438,308.8984375,75.25413513183594,520.4276123046875,687.9124145507812,421.0835876464844,97.30999755859375,201.44520568847656,156.02841186523438,144.75131225585938,400.6199951171875,315.7774963378906,126.95321655273438,144.5169677734375,7126.06005859375
2026-04-20,272.5635681152344,248.6300048828125,248.27999877929688,796.921630859375,337.2185974121094,348.376953125,229.37088012695312,315.5683898925781,74.99580383300781,515.785400390625,670.2887573242188,416.38262939453125,94.83000183105469,201.82476806640625,155.35549926757812,142.34750366210938,392.5,312.7095642089844,127.37140655517578,145.7406768798828,7109.14013671875
2026-04-21,265.69586181640625,247.17999267578125,249.91000366210938,798.9678344726562,332.0916442871094,341.3595886230469,224.8667755126953,311.5962829589844,74.2208023071289,510.4942626953125,668.220703125,422.4480285644531,92.58000183105469,199.64732360839844,153.30703735351562,140.20968627929688,386.4200134277344,308.72528076171875,129.04421997070312,146.41175842285156,7064.009765625
2026-04-22,272.68341064453125,255.94000244140625,255.36000061035156,807.3722534179688,339.1174621582031,336.9725036621094,224.80712890625,311.6161804199219,74.15125274658203,509.3062438964844,674.09521484375,431.1726989746094,93.23999786376953,202.26426696777344,152.1887969970703,140.7318115234375,387.510009765625,310.0699462890625,129.4225616455078,147.5367889404297,7137.89990234375
2026-04-23,272.9429016113281,238.97999572753906,255.0800018310547,833.6934204101562,338.6877136230469,337.6275939941406,229.3311004638672,310.29217529296875,75.7906723022461,501.5392761230469,658.5396728515625,414.0719909667969,92.81999969482422,199.4075927734375,154.07891845703125,143.54940795898438,373.7200012207031,307.66943359375,131.46377563476562,148.5532684326172,7108.39990234375
2026-04-24,270.5771179199219,245.44000244140625,263.989990234375,829.2516479492188,344.19439697265625,333.3893737792969,226.19911193847656,306.8974609375,76.138427734375,503.3262634277344,674.4049682617188,422.90618896484375,92.44000244140625,208.0275421142578,153.82162475585938,147.08203125,376.29998779296875,308.2073059082031,129.3628387451172,146.9545440673828,7165.080078125
2026-04-27,267.1332702636719,239.30999755859375,261.1199951171875,827.2553100585938,350.130859375,329.8260803222656,224.0514678955078,310.232421875,74.95606231689453,505.58245849609375,677.9916381835938,423.1053771972656,91.37000274658203,216.3578338623047,152.49559020996094,147.30039978027344,378.6700134277344,308.4363708496094,127.04281616210938,146.24400329589844,7173.91015625
2026-04-28,270.2277526855469,243.1999969482422,259.70001220703125,816.3555908203125,349.5711975097656,326.6101989746094,226.48745727539062,310.0532531738281,77.8473892211914,506.7704772949219,670.7183837890625,427.5174865722656,92.2699966430664,212.92184448242188,154.6627655029297,148.064697265625,376.0199890136719,308.0877380371094,127.04281616210938,148.58287048339844,7138.7998046875
2026-04-29,269.688720703125,243.57000732421875,263.0400085449219,808.550048828125,349.7311096191406,320.40673828125,226.0499725341797,307.86309814453125,78.36405944824219,524.3510131835938,668.5004272460938,422.746826171875,92.12000274658203,209.00640869140625,153.67318725585938,145.37478637695312,372.79998779296875,333.5475769042969,127.46102142333984,152.63890075683594,7135.9501953125
2026-04-30,270.86663818359375,246.10000610351562,265.05999755859375,888.4617919921875,384.5702819824219,326.3521423339844,228.5356903076172,311.82525634765625,78.25476837158203,502.078369140625,611.3433837890625,406.1341552734375,93.61000061035156,199.33767700195312,156.83987426757812,146.00010681152344,381.6300048828125,328.5472412109375,131.3642120361328,152.30335998535156,7209.009765625
2026-05-01,279.6409606933594,250.7100067138672,268.260009765625,888.0225830078125,385.45977783203125,321.4687805175781,225.89088439941406,311.06866455078125,78.07592010498047,494.6308288574219,608.1863403320312,412.76727294921875,92.05999755859375,198.21897888183594,155.7711181640625,146.16883850097656,390.82000732421875,326.7443542480469,131.03562927246094,150.74411010742188,7230.1201171875
2026-05-04,276.33685302734375,253.9600067138672,272.04998779296875,873.1602172851562,383.0212097167969,310.0941162109375,222.91798400878906,306.270263671875,77.68842315673828,503.8952941894531,609.8447875976562,411.9505615234375,91.0199966430664,198.24893188476562,152.98046875,142.3572998046875,392.510009765625,325.5690002441406,129.77108764648438,151.67176818847656,7200.75
2026-05-05,283.67376708984375,255.6199951171875,273.54998779296875,902.9150390625,388.1981201171875,313.07177734375,224.26026916503906,308.0124206542969,77.9765625,496.24810791015625,604.3998413085938,409.7196044921875,87.88999938964844,196.271240234375,153.42578125,143.82632446289062,389.3699951171875,320.76788330078125,130.22909545898438,152.8461456298828,7259.22021484375
2026-05-06,286.9978332519531,250.1699981689453,274.989990234375,925.213623046875,397.8023986816406,320.64495849609375,223.33558654785156,313.4877624511719,78.72174835205078,491.06683349609375,612.3125,412.2891845703125,88.2699966430664,207.5880584716797,154.33621215820312,146.80410766601562,398.7300109863281,317.5505065917969,129.52215576171875,146.7374267578125,7365.1201171875
2026-05-07,286.9279479980469,256.510009765625,271.1700134277344,894.031494140625,397.7524108886719,320.238037109375,221.23764038085938,304.8964538574219,77.9268798828125,500.1016845703125,616.2388305664062,419.07171630859375,88.25,211.2537841796875,154.6627655029297,144.9777374267578,411.7900085449219,320.0207824707031,129.64163208007812,144.65513610839844,7337.10986328125
2026-05-08,292.7974853515625,253.0399932861328,272.67999267578125,895.7882080078125,400.56072998046875,315.086669921875,220.05445861816406,300.74517822265625,77.91693878173828,494.65081787109375,609.0654907226562,413.44451904296875,87.48999786376953,214.94947814941406,153.01016235351562,145.33506774902344,428.3500061035156,317.54058837890625,130.1184844970703,142.67153930664062,7398.93017578125
2026-05-11,292.42779541015625,246.14999389648438,268.989990234375,925.0738525390625,388.40802001953125,309.0816955566406,220.163818359375,298.6545715332031,78.15541076660156,496.9768981933594,598.3054809570312,410.99444580078125,85.44999694824219,219.18453979492188,147.8544158935547,142.29774475097656,445.0,322.5906982421875,127.28527069091797,147.7144317626953,7412.83984375
2026-05-12,294.54595947265625,240.8300018310547,265.82000732421875,910.4510498046875,387.1187744140625,308.148681640625,222.97763061523438,303.5126953125,79.51661682128906,498.9735412597656,602.441650390625,406.1241760253906,87.66000366210938,220.52297973632812,150.26901245117188,142.8436737060547,433.45001220703125,325.8147277832031,130.0386962890625,148.65196228027344,7400.9599609375
2026-05-13,298.6124572753906,236.07000732421875,270.1300048828125,900.6292114257812,402.3796691894531,300.2975769042969,229.1024169921875,298.9034729003906,79.7451400756836,489.81890869140625,616.0590209960938,403.57452392578125,87.55999755859375,225.56710815429688,147.7158660888672,141.18605041503906,445.2699890136719,319.7160339355469,131.156005859375,149.57962036132812,7444.25
2026-05-14,297.9530334472656,237.00999450683594,267.2200012207031,918.5159912109375,400.8305969238281,302.08416748046875,229.48025512695312,298.56500244140625,79.93392181396484,489.1200866699219,617.8573608398438,407.7774658203125,86.94000244140625,235.465576171875,147.1221160888672,141.65257263183594,443.29998779296875,321.92193603515625,132.14364624023438,150.77371215820312,7501.240234375
2026-05-15,299.9713134765625,247.60000610351562,264.1400146484375,886.6651611328125,396.54315185546875,295.29510498046875,225.41363525390625,296.4743957519531,80.30155181884766,493.3729553222656,613.6612548828125,420.2170715332031,87.0199966430664,225.05770874023438,147.5674285888672,140.52101135253906,422.239990234375,325.1459655761719,131.1360626220703,156.90402221679688,7408.5
2026-05-18,297.5833435058594,255.63999938964844,264.8599853515625,862.3502807617188,396.70306396484375,297.5779724121094,227.61099243164062,299.3813171386719,80.67910766601562,504.9435729980469,610.64404296875,421.83056640625,89.6500015258789,222.0612030029297,147.508056640625,141.33493041992188,409.989990234375,332.023193359375,133.02154541015625,159.45748901367188,7403.0498046875
2026-05-19,298.7123718261719,254.99000549316406,259.3399963378906,858.5573120117188,387.4285888671875,300.1883850097656,228.684814453125,294.3738708496094,81.39449310302734,498.86376953125,602.052001953125,415.7352600097656,89.33000183105469,220.35317993164062,148.80441284179688,140.2530059814453,404.1099853515625,329.2982482910156,133.87948608398438,161.50424194335938,7353.60986328125
2026-05-20,301.98956298828125,253.3699951171875,265.010009765625,870.9442749023438,388.6778564453125,308.2677917480469,228.0087127685547,300.625732421875,81.02687072753906,497.20654296875,604.499755859375,419.36053466796875,88.08999633789062,223.20985412597656,147.73565673828125,141.3845672607422,417.260009765625,330.1366882324219,130.53749084472656,155.27456665039062,7432.97021484375
2026-05-21,304.7271728515625,244.10000610351562,268.4599914550781,864.3465576171875,387.4285888671875,311.4439697265625,230.40492248535156,301.6411437988281,80.64929962158203,498.78387451171875,606.8175659179688,418.3025207519531,89.30000305175781,219.25445556640625,147.3002471923828,142.3374481201172,417.8500061035156,330.5060119628906,121.05020141601562,154.2909393310547,7445.72021484375
2026-05-22,308.55389404296875,244.75999450683594,266.32000732421875,878.2607421875,382.74139404296875,310.7392578125,233.0,305.0059814453125,80.95732116699219,497.7056884765625,609.6949462890625,417.7835388183594,88.5999984741211,215.07933044433594,149.00233459472656,143.3697509765625,426.010009765625,328.2701721191406,119.98275756835938,153.92332458496094,7473.47021484375
2026-05-26,308.0643005371094,240.49000549316406,265.2900085449219,906.86767578125,388.6478576660156,308.22808837890625,230.17999267578125,305.3643493652344,79.94385528564453,492.1849365234375,611.7730102539062,415.248291015625,87.68000030517578,214.60987854003906,144.16323852539062,141.9007110595703,433.5899963378906,325.8746337890625,118.28681945800781,148.84619140625,7519.1201171875
2026-05-27,310.5821533203125,238.24000549316406,271.8500061035156,908.2451171875,388.5978698730469,315.4836730957031,231.2899932861328,297.93780517578125,81.09642028808594,494.2115478515625,634.6718139648438,411.8946228027344,87.3499984741211,212.35250854492188,146.20179748535156,146.39715576171875,440.3599853515625,327.00250244140625,118.25688934326172,146.948486328125,7520.35986328125
2026-05-28,312.24072265625,241.44000244140625,274.0,886.0263061523438,389.8971252441406,318.8186340332031,230.8000030517578,295.3992614746094,79.89418029785156,492.9237060546875,634.7017211914062,426.18768310546875,86.36000061035156,214.00057983398438,144.7668914794922,144.828857421875,442.1000061035156,324.3474426269531,118.61603546142578,146.01454162597656,7563.6298828125
2026-05-29,311.7911071777344,259.2099914550781,270.6400146484375,874.2481689453125,380.1129455566406,314.7789611816406,225.3300018310547,297.9676818847656,78.50315856933594,493.1533203125,631.92431640625,449.3940124511719,86.0199966430664,210.8942108154297,142.6887664794922,142.4962615966797,435.7900085449219,325.75482177734375,115.47355651855469,144.32546997070312,7580.06005859375
2026-06-01,306.0460510253906,274.0299987792969,261.260009765625,863.7576293945312,376.14532470703125,308.3769836425781,223.50999450683594,295.2499084472656,78.13553619384766,494.42120361328125,599.9139404296875,459.6546936035156,85.8499984741211,224.09881591796875,140.0465545654297,139.24057006835938,415.8800048828125,322.1714782714844,114.32630157470703,148.41897583007812,7599.9599609375
2026-06-02,314.92840576171875,262.1099853515625,256.5199890136719,908.1253051757812,361.6340026855469,309.2007751464844,222.88999938964844,299.6102600097656,77.90701293945312,476.8805847167969,597.0765991210938,440.48077392578125,83.33000183105469,222.56060791015625,140.5215606689453,139.77658081054688,423.739990234375,316.7315979003906,112.78997802734375,148.59780883789062,7609.77978515625
2026-06-03,309.9926452636719,256.239990234375,250.02000427246094,924.4650268554688,358.77569580078125,310.6400146484375,223.24000549316406,299.50079345703125,78.25476837158203,470.7608337402344,622.4031372070312,426.53704833984375,81.5199966430664,214.5,141.05592346191406,139.1512451171875,423.70001220703125,311.8207092285156,116.61083221435547,151.5487060546875,7553.68017578125
2026-06-04,310.9618225097656,258.4200134277344,253.7899932861328,938.738525390625,371.96783447265625,309.95001220703125,228.1699981689453,309.4957580566406,76.32720947265625,480.9537658691406,626.9888916015625,427.2456970214844,81.55999755859375,218.66000366210938,140.6699981689453,139.7368621826172,418.45001220703125,319.5862731933594,117.45880126953125,151.0618438720703,7584.31005859375
2026-06-05,307.0751647949219,251.44000244140625,246.02999877929688,902.6055908203125,368.30999755859375,310.7799987792969,232.77000427246094,310.9691162109375,78.97014617919922,490.2581481933594,592.450927734375,415.8870849609375,82.18000030517578,205.10000610351562,141.9199981689453,145.4541778564453,391.0,322.9700012207031,118.59607696533203,148.9554901123047,7383.740234375
2026-06-08,301.2801818847656,244.99000549316406,245.22000122070312,913.9445190429688,363.30999755859375,309.7099914550781,232.16000366210938,309.7147521972656,79.0297622680664,484.85723876953125,584.8479614257812,410.9663391113281,82.63999938964844,208.63999938964844,140.67999267578125,144.0248565673828,408.95001220703125,319.0772399902344,119.54381561279297,150.77371215820312,7405.72998046875
2026-06-09,290.29962158203125,237.8800048828125,244.19000244140625,913.0062866210938,364.260009765625,321.3299865722656,237.0,311.2976379394531,80.81820678710938,494.41119384765625,584.0487060546875,402.6520080566406,81.41000366210938,208.19000244140625,142.77999877929688,147.5684051513672,396.67999267578125,324.4472351074219,118.59607696533203,147.95199584960938,7386.64990234375
2026-06-10,291.3287353515625,233.3800048828125,238.0,854.5746459960938,356.3800048828125,318.9200134277344,238.49000549316406,307.75360107421875,83.05377197265625,488.2615051269531,570.4512939453125,396.61334228515625,82.0,200.4199981689453,144.32000732421875,147.94558715820312,381.5899963378906,322.3611145019531,120.30199432373047,149.65098571777344,7266.990234375
2026-06-11,295.375244140625,218.8000030517578,241.50999450683594,895.9678955078125,357.7699890136719,326.010009765625,238.3300018310547,312.0840759277344,82.00057983398438,485.6958312988281,567.9036254882812,389.6065673828125,81.2699966430664,204.8699951171875,143.72999572753906,147.2408447265625,399.1499938964844,318.4583740234375,120.21221160888672,145.6568603515625,7394.2998046875
2026-06-12,290.879150390625,204.02000427246094,238.5500030517578,908.8839111328125,359.67999267578125,328.3900146484375,240.8699951171875,319.28167724609375,82.09000396728516,489.1600341796875,566.4549560546875,390.00579833984375,80.33999633789062,205.19000244140625,144.27000427246094,148.50143432617188,406.42999267578125,321.7922058105469,120.75092315673828,146.064208984375,7431.4599609375
2026-06-15,296.1645812988281,206.36000061035156,246.02000427246094,932.20068359375,369.3500061035156,329.82000732421875,235.66000366210938,317.96759033203125,80.91000366210938,489.81890869140625,593.47998046875,399.0088806152344,81.66999816894531,212.4499969482422,146.25,149.3451385498047,411.1499938964844,323.21954345703125,120.53144836425781,140.01339721679688,7554.2900390625
2026-06-16,298.9821472167969,207.32000732421875,246.0,943.7093505859375,373.25,337.0899963378906,235.17999267578125,329.6549377441406,80.27999877929688,500.4909973144531,600.2100219726562,393.0899963378906,78.72000122070312,207.41000366210938,146.1199951171875,151.360107421875,404.6600036621094,332.5022888183594,120.7409439086914,140.9473419189453,7511.35009765625
2026-06-17,295.6949768066406,196.27999877929688,237.5,954.14990234375,363.7900085449219,327.4800109863281,234.1999969482422,331.9645080566406,79.93000030517578,492.1649475097656,567.5800170898438,378.1980285644531,76.95999908447266,204.64999389648438,141.58999633789062,149.44439697265625,396.3800048828125,329.76739501953125,117.84786987304688,139.8345489501953,7420.10009765625
2026-06-18,297.7532043457031,195.16000366210938,244.38999938964844,983.9945678710938,368.0299987792969,334.2799987792969,228.38999938964844,323.761474609375,79.38999938964844,488.9703369140625,577.219970703125,378.6871032714844,77.37999725341797,210.69000244140625,142.02000427246094,149.26573181152344,400.489990234375,326.6331787109375,116.90013885498047,136.92340087890625,7500.580078125
2026-06-22,296.75408935546875,194.89999389648438,232.7899932861328,1020.3870849609375,349.67999267578125,326.6199951171875,231.2899932861328,329.993408203125,79.52999877929688,483.2798767089844,563.8499755859375,366.6497802734375,72.87999725341797,208.64999389648438,140.7100067138672,146.58572387695312,405.04998779296875,325.994384765625,116.90013885498047,137.57916259765625,7472.7900390625
2026-06-23,294.04638671875,197.42999267578125,234.11000061035156,982.41748046875,346.1300048828125,324.45001220703125,239.0800018310547,332.6414794921875,80.30999755859375,487.2532043457031,562.2000122070312,373.23736572265625,72.81999969482422,200.0399932861328,142.0500030517578,149.74217224121094,381.6099853515625,327.87091064453125,119.1347885131836,138.83103942871094,7365.4599609375
2026-06-24,292.8274230957031,196.57000732421875,234.27000427246094,992.6085815429688,345.2900085449219,342.8599853515625,241.0,331.95458984375,80.5999984741211,493.5826110839844,557.6699829101562,364.7733154296875,71.83999633789062,199.0,142.27000427246094,150.91342163085938,375.5299987792969,331.61395263671875,118.71578979492188,136.01925659179688,7358.22021484375
2026-06-25,274.91290283203125,193.41000366210938,227.00999450683594,1055.052734375,343.7099914550781,345.0,244.8800048828125,333.6170654296875,80.41999816894531,488.101806640625,542.8699951171875,352.1670227050781,70.9000015258789,195.74000549316406,139.52000427246094,147.399658203125,375.1199951171875,329.9071044921875,115.50347900390625,136.66506958007812,7357.490234375
2026-06-26,283.53546142578125,202.72999572753906,232.69000244140625,995.6229858398438,337.3900146484375,348.8599853515625,254.66000366210938,327.57427978515625,82.62999725341797,498.18487548828125,550.25,372.2691955566406,73.80999755859375,192.52999877929688,141.38999938964844,147.9158172607422,379.7099914550781,335.6065368652344,115.41370391845703,135.66156005859375,7354.02001953125
2026-06-29,281.4972229003906,206.42999267578125,240.13999938964844,1031.27685546875,353.6499938964844,350.80999755859375,258.510009765625,327.91278076171875,82.6500015258789,508.787109375,562.5999755859375,367.8774719238281,73.77999877929688,194.97000122070312,138.67999267578125,147.3500213623047,411.8399963378906,341.0164794921875,114.32630157470703,135.18466186523438,7440.43017578125
2026-06-30,289.11065673828125,205.02000427246094,238.33999633789062,1062.92822265625,357.3699951171875,352.67999267578125,253.97000122070312,325.86199951171875,81.2699966430664,512.740478515625,563.2899780273438,372.319091796875,71.4000015258789,200.08999633789062,135.39999389648438,145.55343627929688,420.6000061035156,342.45379638671875,112.989501953125,135.8404083251953,7499.35986328125
2026-07-01,294.1263427734375,210.97999572753906,241.6999969482422,989.57421875,361.2099914550781,350.8399963378906,253.97999572753906,332.5718078613281,81.29000091552734,521.565673828125,612.9099731445312,383.5579528808594,74.19000244140625,197.5800018310547,141.16000366210938,146.33758544921875,425.29998779296875,350.4289855957031,108.56010437011719,135.4032440185547,7483.22998046875
2026-07-02,308.3640441894531,219.72000122070312,242.6699981689453,961.7459106445312,359.9100036621094,357.8999938964844,263.0400085449219,332.9700012207031,84.13999938964844,538.4873046875,582.9000244140625,389.7562561035156,77.6500015258789,194.8300018310547,144.22000122070312,150.28810119628906,393.45001220703125,361.45849609375,111.57289123535156,136.20802307128906,7483.240234375
2026-07-06,312.3905944824219,218.07000732421875,244.16000366210938,968.1240234375,366.4599914550781,350.6499938964844,259.3299865722656,337.7200012207031,82.95999908447266,532.2078247070312,600.2899780273438,386.0133056640625,76.0199966430664,195.5500030517578,143.2899932861328,148.2036590576172,419.7699890136719,356.5875549316406,110.38573455810547,135.5622100830078,7537.43017578125
2026-07-07,310.3923034667969,221.5399932861328,245.97999572753906,938.3792114257812,367.0299987792969,345.2099914550781,267.239990234375,339.2200012207031,84.05000305175781,530.7303466796875,615.5800170898438,388.109375,76.18000030517578,196.92999267578125,144.97999572753906,151.6181640625,402.8999938964844,351.54693603515625,111.27361297607422,140.7784423828125,7503.85009765625
2026-07-08,313.1199645996094,220.94000244140625,243.6199951171875,946.324462890625,361.9200134277344,336.2099914550781,263.3999938964844,330.6199951171875,83.4000015258789,518.989990234375,603.1199951171875,382.6197204589844,75.58999633789062,204.1199951171875,142.50999450683594,147.30039978027344,394.05999755859375,346.88555908203125,112.82987976074219,140.2220458984375,7482.7099609375
2026-07-09,315.947509765625,222.64999389648438,247.0399932861328,936.6524047851562,358.8900146484375,338.7300109863281,259.1000061035156,335.4700012207031,82.62999725341797,523.2000122070312,631.47998046875,383.6377868652344,75.47000122070312,202.77999877929688,137.86000061035156,145.7618865966797,406.54998779296875,347.5543518066406,111.94200897216797,136.57565307617188,7543.64013671875
2026-07-10,315.0483093261719,223.63999938964844,245.33999633789062,950.6464233398438,357.17999267578125,343.29998779296875,256.9800109863281,336.4700012207031,83.48999786376953,526.739990234375,669.2100219726562,384.37640380859375,73.37000274658203,210.9600067138672,137.3800048828125,145.95046997070312,407.760009765625,348.3229064941406,113.62797546386719,137.9865264892578,7575.39013671875
2026-07-13,317.03656005859375,230.61000061035156,247.30999755859375,929.7451782226562,352.510009765625,337.1099853515625,257.7699890136719,334.5299987792969,84.25,537.7000122070312,656.72998046875,390.2553405761719,73.83000183105469,203.52999877929688,138.49000549316406,147.27061462402344,394.760009765625,357.08660888671875,114.50586700439453,143.58029174804688,7515.33984375
2026-07-14,314.58868408203125,220.77999877929688,247.49000549316406,931.6117553710938,359.510009765625,337.739990234375,253.85000610351562,342.8900146484375,83.08000183105469,538.02001953125,661.0399780273438,384.20672607421875,73.52999877929688,211.8000030517578,135.4499969482422,144.99758911132812,396.17999267578125,355.3598327636719,113.4284439086914,144.15655517578125,7543.58984375
2026-07-15,327.2178039550781,224.55999755859375,254.9600067138672,912.6069946289062,370.9200134277344,341.44000244140625,247.02000427246094,346.9100036621094,82.44999694824219,535.2100219726562,681.3099975585938,394.8866271972656,73.68000030517578,212.5,135.39999389648438,146.9530029296875,394.4599914550781,354.4814758300781,112.26124572753906,143.58029174804688,7572.39990234375
2026-07-16,332.97283935546875,235.30999755859375,249.88999938964844,875.5457763671875,354.4599914550781,348.0199890136719,249.97000122070312,343.1499938964844,84.91999816894531,551.5399780273438,664.5399780273438,400.3463439941406,74.3499984741211,207.39999389648438,139.42999267578125,150.37742614746094,391.05999755859375,364.4629211425781,114.67546081542969,145.0110321044922,7533.77001953125
2026-07-17,333.452392578125,237.25,247.22999572753906,878.6500244140625,346.7699890136719,338.8699951171875,253.0399932861328,341.1000061035156,81.55999755859375,543.5999755859375,646.010009765625,393.08001708984375,68.94999694824219,202.80999755859375,137.1199951171875,148.86868286132812,380.8399963378906,357.8951110839844,113.96715545654297,146.41195678710938,7457.68994140625
2026-07-20,326.3085632324219,234.74000549316406,249.99000549316406,864.2999877929688,351.989990234375,333.0400085449219,248.82000732421875,338.8699951171875,82.12000274658203,547.4400024414062,645.8499755859375,401.53411865234375,67.5999984741211,203.27999877929688,135.4600067138672,148.02499389648438,369.57000732421875,359.9013977050781,111.9320297241211,147.40553283691406,7443.27978515625
2026-07-21,327.45758056640625,227.16000366210938,247.5500030517578,889.969970703125,347.1499938964844,331.6000061035156,250.61000061035156,345.2300109863281,81.97000122070312,538.2999877929688,643.8099975585938,397.00262451171875,68.66999816894531,207.2899932861328,135.0,147.00262451171875,378.92999267578125,355.16021728515625,110.12635803222656,150.73397827148438,7509.2001953125
2026-07-22,325.60919189453125,218.36000061035156,244.85000610351562,889.3099975585938,342.0899963378906,331.45001220703125,255.6300048828125,348.2099914550781,82.19999694824219,531.97998046875,627.1699829101562,389.6065673828125,68.52999877929688,212.05999755859375,135.64999389648438,148.02499389648438,374.010009765625,352.7646789550781,109.06888580322266,153.4563446044922,7498.9599609375
2026-07-23,321.3828430175781,212.1699981689453,233.66000366210938,894.5399780273438,317.69000244140625,324.7099914550781,259.2699890136719,349.8999938964844,81.16999816894531,530.2899780273438,606.0999755859375,380.8630065917969,68.88999938964844,208.75999450683594,134.9499969482422,145.88099670410156,319.69000244140625,350.9480285644531,108.14111328125,155.88064575195312,7408.2998046875
2026-07-24,332.7330322265625,225.11000061035156,232.11000061035156,888.72998046875,319.739990234375,332.9800109863281,263.3999938964844,353.2099914550781,82.25,539.6599731445312,595.1900024414062,380.9828186035156,70.08999633789062,206.83999633789062,136.63999938964844,147.41000366210938,313.0299987792969,355.0803527832031,109.20855712890625,155.93032836914062,7411.97998046875
2026-07-27,336.61968994140625,237.75,231.38999938964844,873.280029296875,326.55999755859375,336.0899963378906,265.95001220703125,356.20001220703125,84.06999969482422,551.7100219726562,593.8699951171875,388.368896484375,70.4000015258789,196.50999450683594,139.7899932861328,148.6300048828125,309.2200012207031,361.8577575683594,111.47312927246094,153.7742919921875,7413.18017578125
2026-07-28,339.78692626953125,249.17999267578125,230.86000061035156,840.8499755859375,333.7099914550781,344.4700012207031,266.7300109863281,357.30999755859375,88.2699966430664,562.75,593.4099731445312,392.61090087890625,72.38999938964844,197.00999450683594,142.86000061035156,148.8800048828125,307.44000244140625,365.91021728515625,112.82987976074219,152.055419921875,7428.77978515625
2026-07-29,337.8985900878906,263.42999267578125,226.64999389648438,782.7100219726562,336.7099914550781,338.2699890136719,265.5299987792969,344.7099914550781,89.08000183105469,563.3200073242188,585.6099853515625,389.8061828613281,73.62999725341797,190.00999450683594,143.5,146.10000610351562,298.32000732421875,368.0462646484375,113.94721221923828,155.74154663085938,7316.14990234375
2026-07-30,333.1426696777344,247.89999389648438,235.5,809.1400146484375,333.6600036621094,333.3500061035156,255.82000732421875,350.8500061035156,88.48999786376953,577.3499755859375,539.030029296875,450.2524108886719,73.16999816894531,195.0399932861328,140.1999969482422,143.9600067138672,308.8500061035156,365.5908203125,110.83465576171875,155.96014404296875,7437.6298828125
2026-07-31,308.6438293457031,250.41000366210938,271.5799865722656,814.8099975585938,356.1300048828125,331.9599914550781,256.3500061035156,351.7900085449219,87.58999633789062,573.0999755859375,556.7100219726562,463.8468017578125,71.70999908447266,200.75,139.55999755859375,144.49000549316406,311.2099914550781,365.4510803222656,110.93441772460938,154.4399871826172,7489.72021484375
2026-08-03,303.1585693359375,251.33999633789062,284.0199890136719,830.030029296875,373.510009765625,340.0199890136719,254.41000366210938,352.6400146484375,86.86000061035156,570.969970703125,590.239990234375,486.73370361328125,73.33000183105469,206.63999938964844,139.6300048828125,144.97000122070312,322.0799865722656,364.991943359375,110.44558715820312,154.0624237060547,7600.5
2026-08-04,309.1134033203125,257.489990234375,277.4200134277344,876.5399780273438,377.6499938964844,348.239990234375,254.92999267578125,357.5199890136719,86.55999755859375,571.0999755859375,587.9400024414062,491.884033203125,73.56999969482422,211.94000244140625,139.10000610351562,148.00999450683594,327.3500061035156,368.9046630859375,111.28358459472656,152.96951293945312,7736.52001953125
2026-08-05,310.7320251464844,259.32000732421875,272.6499938964844,871.0800170898438,362.42999267578125,353.1400146484375,257.5899963378906,359.239990234375,86.83000183105469,570.47998046875,588.77001953125,486.5440673828125,74.19999694824219,219.22000122070312,138.77999877929688,146.8000030517578,321.54998779296875,367.85662841796875,112.07169342041016,150.6544952392578,7723.5498046875
2026-08-06,312.14080810546875,260.239990234375,272.260009765625,856.9600219726562,357.75,349.5199890136719,256.9800109863281,356.29998779296875,86.8499984741211,575.9500122070312,589.9000244140625,498.9207458496094,73.69000244140625,218.99000549316406,138.44000244140625,146.97000122070312,319.5299987792969,369.7830505371094,111.8023452758789,153.84384155273438,7709.9599609375
2026-08-07,313.05999755859375,265.2099914550781,274.4800109863281,842.1900024414062,354.29998779296875,355.6199951171875,259.239990234375,357.5199890136719,87.05000305175781,562.9500122070312,592.0999755859375,499.0505065917969,74.13999938964844,223.9600067138672,139.02000427246094,145.7899932861328,328.5799865722656,361.82781982421875,111.58287048339844,152.055419921875,7757.64013671875
2026-08-10,308.260009765625,272.9599914550781,278.0899963378906,837.5800170898438,357.5199890136719,350.7799987792969,261.80999755859375,359.7900085449219,86.87000274658203,563.1699829101562,594.9199829101562,505.109130859375,76.29000091552734,217.5500030517578,137.72999572753906,146.44000244140625,330.8800048828125,360.6500244140625,112.39093780517578,158.76199340820312,7753.10986328125
2026-08-11,304.9100036621094,263.7099914550781,272.2699890136719,843.3699951171875,343.79998779296875,354.4800109863281,259.79998779296875,362.0400085449219,86.4800033569336,561.4400024414062,599.1199951171875,502.86334228515625,74.79000091552734,217.5,138.41000366210938,145.2100067138672,332.80999755859375,362.82000732421875,112.989501953125,158.7719268798828,7728.2001953125
2026-08-12,302.25,258.75,267.2799987792969,855.5999755859375,343.5400085449219,343.42999267578125,260.8599853515625,365.17999267578125,86.70999908447266,559.72998046875,578.8499755859375,491.5047302246094,74.20999908447266,224.08999633789062,138.6999969482422,144.0800018310547,327.510009765625,359.4200134277344,115.7329330444336,158.7222442626953,7748.5
2026-08-13,305.260009765625,270.489990234375,265.1300048828125,854.5999755859375,346.3599853515625,341.70001220703125,262.0799865722656,363.1099853515625,87.41999816894531,567.0399780273438,594.969970703125,495.9463806152344,78.23999786376953,225.3000030517578,140.6199951171875,144.25999450683594,339.9599914550781,365.45001220703125,115.4436264038086,157.58958435058594,7798.990234375
2026-08-14,305.92999267578125,264.0199890136719,262.6499938964844,856.5700073242188,345.8999938964844,338.8599853515625,260.3500061035156,362.8399963378906,87.70999908447266,569.2899780273438,589.8499755859375,494.4691467285156,78.16000366210938,225.16000366210938,140.7899932861328,144.5500030517578,342.2699890136719,364.1499938964844,114.99469757080078,159.07000732421875,7785.759765625
2026-08-17,305.5899963378906,254.0399932861328,261.30999755859375,881.6500244140625,344.0,337.8800048828125,262.3699951171875,360.9599914550781,86.9800033569336,562.260009765625,568.969970703125,479.44744873046875,76.0199966430664,225.00999450683594,138.24000549316406,143.1199951171875,339.29998779296875,358.8399963378906,114.05694580078125,161.4600067138672,7745.06005859375
2026-08-18,310.0299987792969,263.1400146484375,259.45001220703125,840.8699951171875,344.20001220703125,337.489990234375,271.1099853515625,363.25,88.81999969482422,574.3099975585938,543.6699829101562,480.72503662109375,77.7699966430664,219.74000549316406,140.1300048828125,143.4499969482422,336.8699951171875,364.25,114.92486572265625,165.55999755859375,7691.759765625
2026-08-19,316.8299865722656,272.4700012207031,265.8399963378906,816.1500244140625,344.7200012207031,344.29998779296875,273.4100036621094,357.260009765625,90.3499984741211,573.719970703125,546.030029296875,483.3999938964844,80.22000122070312,217.55999755859375,142.5800018310547,144.3800048828125,351.1199951171875,365.5400085449219,114.02702331542969,164.77000427246094,7707.97998046875
2026-08-20,311.29998779296875,272.2200012207031,260.1099853515625,815.3900146484375,340.6700134277344,334.489990234375,267.3699951171875,351.54998779296875,90.5,573.8499755859375,545.8300170898438,481.1499938964844,80.13999938964844,216.85000610351562,142.0800018310547,142.97000122070312,345.1300048828125,365.7300109863281,103.59199523925781,166.14999389648438,7641.16015625
2026-08-21,309.3500061035156,275.29998779296875,258.6300048828125,827.9000244140625,344.82000732421875,335.6099853515625,270.239990234375,351.5799865722656,91.0999984741211,580.6300048828125,549.9000244140625,483.239990234375,79.58999633789062,214.72000122070312,143.47999572753906,144.67999267578125,362.8599853515625,371.0400085449219,103.69999694824219,165.11000061035156,7674.3701171875
2026-08-24,310.3399963378906,276.2699890136719,262.07000732421875,811.02001953125,348.05999755859375,337.42999267578125,273.0400085449219,356.3900146484375,91.98999786376953,599.8599853515625,559.02001953125,487.30999755859375,80.01000213623047,208.47999572753906,144.6699981689453,146.60000610351562,348.95001220703125,382.4100036621094,106.48999786376953,164.0500030517578,7652.85986328125
2026-08-25,308.6499938964844,273.44500732421875,260.1300048828125,811.5150146484375,346.7149963378906,337.8550109863281,273.07000732421875,356.5799865722656,91.75499725341797,597.5499877929688,566.760009765625,490.1199951171875,82.11499786376953,212.03050231933594,142.25669860839844,145.375,351.7749938964844,382.92999267578125,105.56500244140625,161.52999877929688,7669.2001953125
